sample_id,deg_CmpBst_s_mapEff_in,deg_CmpBst_s_mapWc_in,deg_CmpFan_s_mapEff_in,deg_CmpFan_s_mapWc_in,deg_CmpH_s_mapEff_in,deg_CmpH_s_mapWc_in,deg_TrbH_s_mapEff_in,deg_TrbH_s_mapWc_in,deg_TrbL_s_mapEff_in,deg_TrbL_s_mapWc_in,CRUISE_DECKSMRHPC_Tin,CRUISE_DECKSMRLPT_Tin,CRUISE_DECKSMRHPC_Pout_st,CRUISE_DTAMB,CRUISE_ALT,CRUISE_MACH,CRUISE_COMMAND,TAKEOFF_DECKSMRHPC_Tin,TAKEOFF_DECKSMRLPT_Tin,TAKEOFF_DECKSMRHPC_Pout_st,TAKEOFF_DTAMB,TAKEOFF_ALT,TAKEOFF_MACH,TAKEOFF_COMMAND,CLIMB1_DECKSMRHPC_Tin,CLIMB1_DECKSMRLPT_Tin,CLIMB1_DECKSMRHPC_Pout_st,CLIMB1_DTAMB,CLIMB1_ALT,CLIMB1_MACH,CLIMB1_COMMAND,CLIMB2_DECKSMRHPC_Tin,CLIMB2_DECKSMRLPT_Tin,CLIMB2_DECKSMRHPC_Pout_st,CLIMB2_DTAMB,CLIMB2_ALT,CLIMB2_MACH,CLIMB2_COMMAND
0,-0.0006118510269651,-0.0001743357602092,3.0930050506553784e-05,-1.2649511611458976e-05,-0.0019430881302427,4.275213364521168e-05,-0.0014632879695675,6.491871044007471e-05,-0.0005549726133051,-1.5193583297183044e-05,336.03528598740155,1123.181670109104,1377498.8377586799,10.0,35000,0.78,25000,386.5085536924189,1267.3782617552233,3531359.5707566068,15.0,0.0,0.0,120000,362.41320950413626,1153.4394408242124,2316811.2896261243,10.0,15000,0.55,120000,338.1230093065799,1147.9689311455377,1426491.9338978787,10.0,35000,0.78,120000
1,-0.0009231989911781,-0.0003093140883517,-3.1367649259460315e-05,-1.7944420087123565e-05,-0.002769450718139,-7.874391884767651e-06,-0.0021119878903327,5.956813589011687e-05,-0.0008167732847046,-5.319530608772643e-05,336.1053185639906,1124.4858583900682,1376808.6877329005,10.0,35000,0.78,25000,386.6648021215879,1267.4949601372941,3531070.0606294693,15.0,0.0,0.0,120000,362.3301586740967,1155.0050081941945,2313709.7659158967,10.0,15000,0.55,120000,338.3317242632969,1148.6321134306,1424663.290206245,10.0,35000,0.78,120000
2,-0.0010316860524796,-0.0004006777627731,-7.626712060444794e-05,-5.620518874619267e-05,-0.0031980154102602,-5.881803344208738e-05,-0.0023999348165512,5.5212628267496105e-05,-0.0009273043599113,-7.174144830999888e-05,336.22478361125616,1123.9495207513457,1377420.804402375,10.0,35000,0.78,25000,386.7258152068517,1269.974423834776,3529966.253230303,15.0,0.0,0.0,120000,362.47049195232387,1156.542753196704,2311967.5712857526,10.0,15000,0.55,120000,338.2519219559723,1148.0646293131795,1424778.5100806311,10.0,35000,0.78,120000
3,-0.0011030664099274,-0.0004534223056641,-9.767835239921516e-05,-9.5325227021635e-05,-0.0034352915345068,-0.0001027778433795,-0.0025920643243727,4.476121041381317e-05,-0.0010464703683947,-0.0001169718485537,336.1362796980949,1123.8816738389805,1377353.5616196399,10.0,35000,0.78,25000,386.75543162440744,1270.7474324248346,3528243.463277175,15.0,0.0,0.0,120000,362.5234696679794,1156.4269128079677,2311809.371853282,10.0,15000,0.55,120000,338.2234034619034,1149.1111310777583,1425679.6755425467,10.0,35000,0.78,120000
4,-0.0011670788007452,-0.0004946394286002,-0.0001297582016194,-0.0001074256506658,-0.0036190606128668,-0.0001160869273781,-0.0027996745746706,3.762209453386529e-05,-0.0011653916969647,-0.0001757860554123,336.2015087344636,1125.3478142815559,1376294.0428351979,10.0,35000,0.78,25000,386.7006894742319,1270.5418844111412,3529117.884635471,15.0,0.0,0.0,120000,362.399751152195,1157.1395222411259,2312089.35663969,10.0,15000,0.55,120000,338.3484945671194,1148.4546809179433,1425415.7390539565,10.0,35000,0.78,120000
5,-0.0012290641841411,-0.0005160870754713,-0.0001684092180745,-0.000132999640274,-0.0038089142620456,-0.0001273079991778,-0.0029325080211286,4.68700289659398e-06,-0.0012426979739157,-0.0001920023429331,336.2645185484011,1125.4585937870245,1376569.6455944534,10.0,35000,0.78,25000,386.6590009265612,1271.2493583787232,3528782.4113299767,15.0,0.0,0.0,120000,362.4250082451902,1158.232389635877,2310585.452790601,10.0,15000,0.55,120000,338.32443693225275,1148.9543711564086,1425852.2956236314,10.0,35000,0.78,120000
6,-0.0013095790935522,-0.0005473793411459,-0.0001851738096199,-0.0001689020273127,-0.0040372166954299,-0.0001500558334554,-0.0031030521623722,-6.550151444794536e-06,-0.0013182804539903,-0.0002044530164808,336.1927825609261,1125.8766446117932,1376779.029481964,10.0,35000,0.78,25000,386.6802652464539,1270.6003966743572,3527434.2264765496,15.0,0.0,0.0,120000,362.47439379991175,1159.0496944897204,2311323.196166003,10.0,15000,0.55,120000,338.3511531888239,1150.0160220627474,1424280.0767927468,10.0,35000,0.78,120000
7,-0.0014229240895796,-0.0006011253796993,-0.0002026802727557,-0.0001737395018586,-0.0042002898595969,-0.0002181085991629,-0.0032331221037579,-3.160377400850406e-05,-0.001424743434121,-0.0002278599890742,336.1791393113354,1125.4626538284333,1376503.0608056365,10.0,35000,0.78,25000,386.727649009464,1272.0617305311766,3527292.2759612193,15.0,0.0,0.0,120000,362.46036989359067,1159.4663617578542,2310660.580829462,10.0,15000,0.55,120000,338.29490561645997,1149.675015325143,1423556.1995866778,10.0,35000,0.78,120000
8,-0.0015552737915434,-0.0006574612463339,-0.0002108390451551,-0.0002014382340991,-0.0043609662609889,-0.000224753155698,-0.0033604358387467,-7.967434558832416e-05,-0.0014714495584608,-0.0002419458510034,336.22123432551246,1126.24804870897,1376502.2728444354,10.0,35000,0.78,25000,386.87682910496085,1272.661456070684,3526074.0182837932,15.0,0.0,0.0,120000,362.50124287303714,1158.9125366281708,2310207.612749086,10.0,15000,0.55,120000,338.26555886868834,1149.8609634720603,1424577.3716155733,10.0,35000,0.78,120000
9,-0.0016044856997773,-0.000736816204082,-0.0002416414016713,-0.00023564671677,-0.004517977380257,-0.000253568610783,-0.0035152878471235,-0.0001024760867869,-0.0015425642997281,-0.0002775072636954,336.1831335657169,1126.0565146474103,1376672.353325364,10.0,35000,0.78,25000,386.7352373864242,1273.2199011586338,3525516.646658315,15.0,0.0,0.0,120000,362.50452921115294,1158.3782656801661,2308497.3967873123,10.0,15000,0.55,120000,338.33340351276195,1150.812567829452,1424141.1267379972,10.0,35000,0.78,120000
10,-0.00165896937925,-0.0007727035036931,-0.0002777087024092,-0.0002708970706027,-0.0046807859117183,-0.0002832504628054,-0.0036393723984512,-0.0001096570117647,-0.0016145867818735,-0.0003154358486981,336.2827047885274,1126.7423261721497,1376338.57975497,10.0,35000,0.78,25000,386.8867423792552,1272.1372802667672,3525790.28803049,15.0,0.0,0.0,120000,362.5607712108947,1160.125231732697,2308604.1690658,10.0,15000,0.55,120000,338.30677356622977,1150.3292620233726,1423690.3929251204,10.0,35000,0.78,120000
11,-0.0017315141317875,-0.000841086694184,-0.0003040347974277,-0.0002991970784827,-0.0048386143869646,-0.0003044323768,-0.00378729467068,-0.0001122418545374,-0.0016908705818043,-0.0003295132401723,336.3340562931066,1127.1725236445964,1376491.333157886,10.0,35000,0.78,25000,386.7411158710105,1274.267941487646,3523321.7052190523,15.0,0.0,0.0,120000,362.4813185063264,1159.5356928777442,2310097.265286968,10.0,15000,0.55,120000,338.23727010805163,1150.3057147009558,1421970.0220247363,10.0,35000,0.78,120000
12,-0.0017999204962625,-0.0008629536606877,-0.0003566562642203,-0.0003401840985528,-0.004992153516704,-0.0003184924490831,-0.0039182912032256,-0.0001326192525323,-0.0017576421642334,-0.0003375222503844,336.3381266177584,1126.6001373671654,1375519.9684683313,10.0,35000,0.78,25000,386.83180922107397,1274.9034603280284,3522123.224270303,15.0,0.0,0.0,120000,362.55278433262595,1159.984409213582,2309219.514845997,10.0,15000,0.55,120000,338.38997453859173,1150.8541727888216,1422667.3578528713,10.0,35000,0.78,120000
13,-0.0018785344516298,-0.0008855392830997,-0.0003846947683986,-0.0003691176267534,-0.0051646756412157,-0.0003512383023371,-0.0041046279842292,-0.0001403097630194,-0.0018345281878065,-0.0003851081137684,336.2980362074808,1127.9996356904874,1375504.8331386473,10.0,35000,0.78,25000,386.8271245044509,1273.7659590202527,3523281.7161143245,15.0,0.0,0.0,120000,362.57144525071027,1159.7726188932695,2308439.4084412823,10.0,15000,0.55,120000,338.34092346928685,1150.5255676890768,1423046.0464568457,10.0,35000,0.78,120000
14,-0.0019344652926796,-0.0009320944365015,-0.0004330638071163,-0.0004062758425682,-0.0053213825882384,-0.0003684256973705,-0.004257329834689,-0.0002124183295197,-0.0019221957931861,-0.0004050987950015,336.2985608563097,1128.2347254036267,1375971.1302340052,10.0,35000,0.78,25000,386.85803453842294,1273.5167746441525,3523921.0102973618,15.0,0.0,0.0,120000,362.5494295715095,1160.9967941297289,2306616.9871190204,10.0,15000,0.55,120000,338.2596713809807,1150.436770896746,1421921.163040251,10.0,35000,0.78,120000
15,-0.0020068587204154,-0.0009686146569337,-0.0004612472726868,-0.000490334080577,-0.0055124569784851,-0.0004244272603918,-0.0043822099838215,-0.0002559693016684,-0.0019674067480169,-0.0004300969296472,336.3028488055355,1127.6212218345652,1375738.4042286172,10.0,35000,0.78,25000,386.7674622507006,1275.2237106055372,3523910.221087011,15.0,0.0,0.0,120000,362.59089485273427,1160.7381786222622,2308132.201905306,10.0,15000,0.55,120000,338.30287570668287,1151.4930068208405,1423264.2801144377,10.0,35000,0.78,120000
16,-0.0020981075048129,-0.0010224795440431,-0.0005403374652156,-0.0005108024134668,-0.0056642809802116,-0.0004453645521865,-0.0045043103886144,-0.000293829850599,-0.0020702591844471,-0.0004704628654691,336.3753412092022,1127.7396514831087,1375722.8339864546,10.0,35000,0.78,25000,386.8049054323372,1275.3330291819143,3522830.2529175947,15.0,0.0,0.0,120000,362.7042635144652,1161.7558941410218,2306533.973287435,10.0,15000,0.55,120000,338.2892844825404,1151.2680337199552,1422374.0577174341,10.0,35000,0.78,120000
17,-0.002162858286662,-0.0010587659209205,-0.0005508349308421,-0.0005648331244215,-0.0058198798933665,-0.0004825259939008,-0.0046343426105587,-0.0003305608706953,-0.0021437329958125,-0.0005085093751266,336.3721493607015,1128.4805003099525,1375831.2362010016,10.0,35000,0.78,25000,386.88425755678924,1276.1690712405011,3522324.4838835336,15.0,0.0,0.0,120000,362.62162170219284,1161.748720880522,2304951.2086763456,10.0,15000,0.55,120000,338.330963142938,1151.0058804294888,1422808.938632619,10.0,35000,0.78,120000
18,-0.0022370332990865,-0.0010936216975374,-0.0005562990916639,-0.0005953105761306,-0.0060000136085816,-0.0005083268061328,-0.0047542676269721,-0.0003616794691008,-0.0021994982240184,-0.0005271638147779,336.4087558181704,1128.938050861262,1375814.6073769657,10.0,35000,0.78,25000,386.9080658037633,1276.7984725784167,3522547.1888135164,15.0,0.0,0.0,120000,362.74245670972556,1161.7438497124797,2307036.051678036,10.0,15000,0.55,120000,338.3835931176691,1150.6482365473662,1422676.1155237765,10.0,35000,0.78,120000
19,-0.0023211546774774,-0.0011194815147252,-0.0005650957481641,-0.0006201170588219,-0.0061545134448547,-0.0005225110292012,-0.0049161763618435,-0.0004107968205636,-0.0022969576972058,-0.0005466385171931,336.41574153326775,1128.809226221687,1375753.9627897898,10.0,35000,0.78,25000,386.9932884806694,1277.1082500377556,3518498.932521253,15.0,0.0,0.0,120000,362.728158700935,1163.2957193602883,2306571.566983713,10.0,15000,0.55,120000,338.2910609717977,1151.2878439470364,1422501.3687587855,10.0,35000,0.78,120000
20,-0.0023883847084675,-0.0011567988702298,-0.0005728090445946,-0.0006575656085313,-0.0063411508289529,-0.0005578424009831,-0.0050543586986868,-0.0004554018884236,-0.002367664676884,-0.0005872110201039,336.4667607618165,1127.816328503068,1375228.5485256487,10.0,35000,0.78,25000,386.88978408003754,1278.2708156186184,3520836.374468923,15.0,0.0,0.0,120000,362.72202714247993,1162.6313586058452,2304350.457946153,10.0,15000,0.55,120000,338.41185771875524,1152.2767002009602,1422643.0415033828,10.0,35000,0.78,120000
21,-0.0024760642403882,-0.0011865688081315,-0.0005791885781379,-0.0006906187327156,-0.0065021194867582,-0.0006329985069401,-0.0052100283905963,-0.0004583839624466,-0.0024551214788679,-0.0006037928526709,336.3714561952626,1128.836463642913,1375992.4085076908,10.0,35000,0.78,25000,386.9299835722256,1278.491260520229,3519548.5638144775,15.0,0.0,0.0,120000,362.6088440558479,1163.8241527584717,2304850.5138284983,10.0,15000,0.55,120000,338.4696751254346,1151.7379950169234,1421562.4950820473,10.0,35000,0.78,120000
22,-0.0025729992517052,-0.0012381707794102,-0.0006050839192592,-0.0007639232354087,-0.0066561767347425,-0.000644225687368,-0.0053374486156193,-0.0004697133505964,-0.0025170286391766,-0.0006125562123164,336.5034201150144,1129.7195742303775,1375696.471762718,10.0,35000,0.78,25000,387.0029632654137,1278.6074107313564,3519303.880075214,15.0,0.0,0.0,120000,362.7167745850859,1163.639211644785,2302959.1500465805,10.0,15000,0.55,120000,338.44897584506396,1151.9875367602867,1419101.817116915,10.0,35000,0.78,120000
23,-0.0026475546452892,-0.0013156546959243,-0.0006489408644684,-0.0007711411574328,-0.0068284859074563,-0.0006642549740187,-0.0054959375155025,-0.0004758717477236,-0.0026623134661966,-0.0006374380933054,336.5418976328607,1130.3927616822423,1375232.9734018971,10.0,35000,0.78,25000,386.94078411954445,1278.108645305665,3519042.6203873293,15.0,0.0,0.0,120000,362.7559159942374,1163.8194658503812,2305532.950322112,10.0,15000,0.55,120000,338.5209312160973,1153.2030484658162,1421911.7528855223,10.0,35000,0.78,120000
24,-0.0027400230256016,-0.0013577504090902,-0.0006771330964921,-0.0008088014904148,-0.0069779693933498,-0.0007238799715733,-0.0056149244981737,-0.0004855258379752,-0.0027435200599232,-0.0006464684628708,336.466903578832,1130.9922229196395,1375071.8651033924,10.0,35000,0.78,25000,387.0384534347528,1278.0508548296825,3518453.5624352577,15.0,0.0,0.0,120000,362.7704594829105,1166.2688001383794,2304021.7655547108,10.0,15000,0.55,120000,338.515702396791,1152.1912089651416,1421839.5022669365,10.0,35000,0.78,120000
25,-0.0027957853572566,-0.0013911325240056,-0.0006939299181875,-0.0008284925989969,-0.0071683864054513,-0.0007435787162392,-0.0057537415309547,-0.0004864738818183,-0.0028316195008826,-0.0006676744830785,336.5776140118979,1130.5054576208634,1375510.172497179,10.0,35000,0.78,25000,387.0605761785629,1279.2170678489215,3518850.015352507,15.0,0.0,0.0,120000,362.75030525149646,1165.4669864910038,2303595.888030092,10.0,15000,0.55,120000,338.50960049014304,1152.8036243526424,1420922.8000169736,10.0,35000,0.78,120000
26,-0.0028788471669394,-0.0014268042529504,-0.0007673249142318,-0.0008418803193542,-0.0073581839665272,-0.000784566363189,-0.005920288172835,-0.0005348396593648,-0.0029056529613198,-0.0007013779558696,336.52634345291267,1130.3613758592473,1374851.529413725,10.0,35000,0.78,25000,386.9862965603087,1278.241500957014,3515852.1305662137,15.0,0.0,0.0,120000,362.867543211822,1165.6794822474371,2303786.8453684407,10.0,15000,0.55,120000,338.45767070813463,1153.050373913251,1420851.97514976,10.0,35000,0.78,120000
27,-0.0029367669307384,-0.0014557231186064,-0.0008781884350662,-0.0008612258625648,-0.0075083964901613,-0.0008493887150259,-0.006065582182556,-0.000567277781628,-0.0029525772142241,-0.000717972288983,336.55665330373523,1131.4018523915438,1374714.1511178296,10.0,35000,0.78,25000,386.96985470346806,1280.1114048090799,3517017.6704041045,15.0,0.0,0.0,120000,362.80400085874936,1165.6023432645602,2301247.81305047,10.0,15000,0.55,120000,338.4919890637721,1154.2959907168915,1421257.3861822009,10.0,35000,0.78,120000
28,-0.0030454201085773,-0.0015008784871311,-0.0008920585400579,-0.0009536755264722,-0.0076880784698436,-0.0009022875311056,-0.0062261347362015,-0.0005871536145611,-0.0030087997735577,-0.0007497908174181,336.50042817997434,1131.263196503521,1375278.4614056952,10.0,35000,0.78,25000,387.1102294057784,1280.7973000502873,3516051.802329103,15.0,0.0,0.0,120000,362.83917700043594,1166.552431835863,2300944.227725644,10.0,15000,0.55,120000,338.4459533551322,1153.3227549739863,1419491.8871526034,10.0,35000,0.78,120000
29,-0.0031001915356757,-0.0015237716383523,-0.0009104279521167,-0.0010129650475076,-0.0078686442919906,-0.0009111163284469,-0.0063719388616611,-0.0006147136379532,-0.0030981840471232,-0.0007834308225758,336.6062093538324,1131.8775517713464,1375136.7618984934,10.0,35000,0.78,25000,387.20489642439253,1280.5105075268727,3516075.401535261,15.0,0.0,0.0,120000,362.8181282459704,1166.0259310994588,2301813.1825452563,10.0,15000,0.55,120000,338.55113152419915,1152.9593546879191,1420652.1462641158,10.0,35000,0.78,120000
30,-0.0031592640763238,-0.0015865320578746,-0.0009310349504427,-0.0010565055067389,-0.0080311628613513,-0.0009185242096652,-0.0065143153075957,-0.0006263669747251,-0.0031455704548691,-0.0008611147746478,336.6045661844442,1132.1260494523578,1374881.2519236642,10.0,35000,0.78,25000,387.1290517974236,1281.2304208422977,3513971.1280465513,15.0,0.0,0.0,120000,362.8362693525157,1165.612248204727,2300071.4740775903,10.0,15000,0.55,120000,338.54350892586734,1153.4079617409477,1420059.5094491183,10.0,35000,0.78,120000
31,-0.0032356205519012,-0.0016415342799848,-0.0009683253255954,-0.0011008978425549,-0.0082100528128673,-0.0009248278808289,-0.0066298310228467,-0.0006337419347828,-0.0031952183900212,-0.0008876656044306,336.6060535559444,1132.4321817830894,1374332.9491093815,10.0,35000,0.78,25000,387.06476040807974,1282.35576121032,3514004.7945091957,15.0,0.0,0.0,120000,362.9409005894312,1166.9557487023653,2299811.75121957,10.0,15000,0.55,120000,338.4483656020794,1152.0376566210155,1418805.8394885627,10.0,35000,0.78,120000
32,-0.0033005661562922,-0.0017105228453904,-0.0010318416816589,-0.001109634309337,-0.0083652891191514,-0.0009452031258997,-0.0067864547177805,-0.0006354397272716,-0.003246409614209,-0.0009415341305573,336.6557892837704,1133.4168785182565,1373300.37305987,10.0,35000,0.78,25000,387.2300756228533,1280.950041522528,3512017.722334051,15.0,0.0,0.0,120000,362.858463467671,1167.0132696788344,2299308.903631596,10.0,15000,0.55,120000,338.49663661614386,1153.2838304534805,1419509.2068840286,10.0,35000,0.78,120000
33,-0.0033915315492247,-0.0017470974232623,-0.0010512717883001,-0.0011628340066327,-0.0085437527024623,-0.0010054259108054,-0.0070164863078816,-0.0006814332078789,-0.003325471357404,-0.0010319364605776,336.7294070304791,1132.7014249797317,1373595.157689064,10.0,35000,0.78,25000,387.15180367286933,1282.3869099180272,3510760.364354983,15.0,0.0,0.0,120000,362.906395376735,1168.6537785332714,2297465.79844064,10.0,15000,0.55,120000,338.6374110534437,1153.3208087377395,1420863.7284508762,10.0,35000,0.78,120000
34,-0.0035079537193834,-0.001806236413251,-0.0010647690508091,-0.0011796048921014,-0.0086990516183219,-0.0010238029626802,-0.0071295278284299,-0.0006917069116419,-0.0033766932813518,-0.0010518071106246,336.73801102570775,1132.4149091268011,1373652.8307723165,10.0,35000,0.78,25000,387.1556783554337,1282.899770822394,3510477.2656257576,15.0,0.0,0.0,120000,362.9118700747298,1168.420330810935,2297184.7509071836,10.0,15000,0.55,120000,338.5854966685528,1155.2355159511947,1420634.4148563936,10.0,35000,0.78,120000
35,-0.0035751014025201,-0.0018353274031923,-0.0011164273239533,-0.0012136959854678,-0.0088574069323905,-0.0010857875967167,-0.0072595115203048,-0.0006992055420779,-0.0034760207288494,-0.0010885315387283,336.6970018254095,1132.8577656777034,1373772.7789373149,10.0,35000,0.78,25000,387.3692841535551,1282.8341284389676,3509761.1216626274,15.0,0.0,0.0,120000,362.9293740940514,1169.1199231548585,2297598.5352617013,10.0,15000,0.55,120000,338.5897045403936,1154.7652591052556,1417911.6405501778,10.0,35000,0.78,120000
36,-0.0036298377054833,-0.0019060300519823,-0.0011471195704154,-0.0012196394938963,-0.0090551380616322,-0.0011298900573379,-0.0073737153314012,-0.0007218277450987,-0.0035294131225658,-0.0011432531589046,336.7832171804033,1133.4844192895496,1374217.690374337,10.0,35000,0.78,25000,387.2021139712623,1283.4855597111987,3510109.016771276,15.0,0.0,0.0,120000,362.9353076116047,1170.0933066278794,2297756.818308514,10.0,15000,0.55,120000,338.7093647204903,1154.6740981288924,1417933.1913989387,10.0,35000,0.78,120000
37,-0.0037256981491678,-0.0019586629373167,-0.0011563497470538,-0.0012379524871099,-0.0092530352187447,-0.0011593934660879,-0.0074862663591646,-0.0007697561569251,-0.0035949734719306,-0.0011857157090022,336.7778647388417,1133.932646742332,1372699.2301826996,10.0,35000,0.78,25000,387.31239327524963,1283.4521884564206,3509850.9626304344,15.0,0.0,0.0,120000,362.9608577918615,1170.9947612383514,2297880.48221807,10.0,15000,0.55,120000,338.62880817426657,1154.66088409512,1419290.7289248963,10.0,35000,0.78,120000
38,-0.0037768245569522,-0.0020320026900705,-0.0011684956267051,-0.0012452862041592,-0.0094052279538877,-0.0012119556510479,-0.0076205196160781,-0.0007817230816685,-0.0036873643303146,-0.0012737534701295,336.7261674940261,1133.806336980831,1373014.5582991298,10.0,35000,0.78,25000,387.3209945224997,1284.8238910795053,3509774.971268541,15.0,0.0,0.0,120000,362.9151600257002,1170.382055713679,2296954.73220826,10.0,15000,0.55,120000,338.61801099487184,1155.1995804936962,1418253.0233526975,10.0,35000,0.78,120000
39,-0.0038557124985452,-0.0020672233456519,-0.0011837372864116,-0.0012722188462029,-0.0095682031633915,-0.0012784184325921,-0.0077484615853045,-0.0008010174432433,-0.0037379851344753,-0.0013438832729535,336.6153442335674,1134.3009084474281,1373312.140090431,10.0,35000,0.78,25000,387.25352449897946,1285.5452038228086,3506980.785729163,15.0,0.0,0.0,120000,363.0273307428725,1170.2896063221765,2296542.5868924526,10.0,15000,0.55,120000,338.6171807197268,1155.6634251936316,1419273.9712121878,10.0,35000,0.78,120000
40,-0.0039752372676872,-0.0021068462341538,-0.0012161418221612,-0.0012835784783299,-0.0097678312556931,-0.0012844121778319,-0.0079211783312127,-0.0008186334919155,-0.0037835394358914,-0.0013729719156955,336.81301896858747,1134.6539117398092,1372156.8162802798,10.0,35000,0.78,25000,387.4024860159905,1285.8094162843875,3507089.0339353797,15.0,0.0,0.0,120000,363.0298225449352,1171.1613230291084,2295922.2858082494,10.0,15000,0.55,120000,338.7122018903395,1155.5897573230773,1420349.0191747653,10.0,35000,0.78,120000
41,-0.0040248294856867,-0.0021458644275294,-0.0012368039214961,-0.0013452649847958,-0.0099756953085071,-0.0013012977956673,-0.0080537040173841,-0.0008400696732537,-0.0038694020232275,-0.0014685162157153,336.732460657366,1134.5727875533246,1372567.7195585198,10.0,35000,0.78,25000,387.3161009629195,1285.1482037059147,3506061.8808238124,15.0,0.0,0.0,120000,363.00788362672154,1171.8883182485577,2296335.9985989276,10.0,15000,0.55,120000,338.6731270546417,1156.174998993762,1419292.6405425519,10.0,35000,0.78,120000
42,-0.0040949894335762,-0.0022091259735851,-0.0012425415836338,-0.0013822127669751,-0.0101439547728937,-0.0013081381135795,-0.0081719674419743,-0.0008653760183182,-0.0039159946010616,-0.0014855509821497,336.80489397773334,1135.632078141856,1372278.600263921,10.0,35000,0.78,25000,387.35254525453564,1287.59380211975,3506141.802553135,15.0,0.0,0.0,120000,363.06518337489797,1171.7596925798862,2294409.0399853694,10.0,15000,0.55,120000,338.7472781511673,1155.5919219117206,1419309.6263799786,10.0,35000,0.78,120000
43,-0.0041507889143893,-0.0022394626757755,-0.0012885260004954,-0.0013869754574511,-0.010317405120858,-0.0013127643660238,-0.0082846077440217,-0.0009195121676342,-0.0039682765340682,-0.0015381492360702,336.88620331074355,1135.5700937352608,1372642.9948238267,10.0,35000,0.78,25000,387.32891479509414,1286.181935144997,3506257.627564792,15.0,0.0,0.0,120000,363.0475755608475,1171.8597283607394,2293158.640412806,10.0,15000,0.55,120000,338.8019554544696,1156.501448609566,1417317.262963928,10.0,35000,0.78,120000
44,-0.0042285440907267,-0.0022609615510771,-0.0013047165351856,-0.001402600797648,-0.0104794906020835,-0.0013695133941777,-0.0084271485437469,-0.0009292552561501,-0.0040257271084375,-0.0015781241788315,336.93789199419473,1135.0764630104609,1372444.8257337492,10.0,35000,0.78,25000,387.40375886678464,1287.401798600856,3505223.806296222,15.0,0.0,0.0,120000,363.1709162473358,1173.2871087427793,2295411.6165428716,10.0,15000,0.55,120000,338.73418973015896,1156.4865435697213,1417760.4604661085,10.0,35000,0.78,120000
45,-0.004287603165635,-0.0022862025898066,-0.0013372286549511,-0.0014530069483393,-0.0106572071483602,-0.0014073489765113,-0.0085869864492894,-0.0009561767269146,-0.0041082006540356,-0.0015914197240161,336.7768217945774,1136.4357344858379,1372257.7339171185,10.0,35000,0.78,25000,387.44423793812405,1288.1572154468843,3504993.9373561176,15.0,0.0,0.0,120000,363.139437891322,1172.9240549655547,2293548.888870973,10.0,15000,0.55,120000,338.77192081059997,1156.2794147254851,1418662.9296617175,10.0,35000,0.78,120000
46,-0.0043574160801755,-0.0023998294219693,-0.0013688537863054,-0.0014962356355926,-0.0108064473984165,-0.0014416544010685,-0.0087082559475924,-0.0009917234262847,-0.0041845829173581,-0.0016563880059983,336.98474049670017,1136.7946495550214,1372139.8041276187,10.0,35000,0.78,25000,387.35995705607706,1288.186071120144,3504354.084450472,15.0,0.0,0.0,120000,363.2005536576737,1172.4813612116543,2291839.7468899437,10.0,15000,0.55,120000,338.73315169450956,1157.2651732932636,1417432.5424466187,10.0,35000,0.78,120000
47,-0.0044136474076578,-0.0024239763383267,-0.0014329923255217,-0.0015039006338846,-0.0109908636340521,-0.0014633882609779,-0.0088437315693628,-0.0010090210771843,-0.0042366729425648,-0.0016887923915593,336.9826115242361,1136.7732103054275,1371762.6583893695,10.0,35000,0.78,25000,387.38741098673796,1288.315800396612,3502993.1100460966,15.0,0.0,0.0,120000,363.150251338096,1172.251297635071,2293108.259055169,10.0,15000,0.55,120000,338.8331115145691,1157.8505199520018,1417113.7659847792,10.0,35000,0.78,120000
48,-0.0044797001577915,-0.0024445026400848,-0.0014669129352154,-0.0015159380478996,-0.0111834164604138,-0.0014878614691172,-0.008970025765689,-0.001026529692922,-0.0043017173030063,-0.0017078176025861,336.99288812735864,1136.5443424147343,1371914.960673882,10.0,35000,0.78,25000,387.44916170275116,1289.1693558905922,3502677.912536973,15.0,0.0,0.0,120000,363.0754810352074,1175.4203815487679,2291464.271018589,10.0,15000,0.55,120000,338.7433168110575,1156.7988999791726,1418204.3837809057,10.0,35000,0.78,120000
49,-0.0045802483790308,-0.0025281089104724,-0.0014859903861816,-0.0015451174132434,-0.0113569812211231,-0.0014953313324951,-0.0091089894124276,-0.0010818277102804,-0.0043661688239071,-0.0017455532993931,337.0113871223485,1136.9860579495787,1371527.0067296932,10.0,35000,0.78,25000,387.41112563953055,1288.9070503346352,3502794.568964149,15.0,0.0,0.0,120000,363.2618186781578,1174.2316031084624,2293537.1568284365,10.0,15000,0.55,120000,338.73289766306874,1157.7990012977284,1418137.2258603186,10.0,35000,0.78,120000
50,-0.0046458187306439,-0.0026171047573503,-0.0015010545395903,-0.0015741026593978,-0.0115551262996016,-0.0015108367186502,-0.0092704693630778,-0.0011394401329388,-0.0044452083768788,-0.0017543897498895,336.94253947399864,1138.5376984335146,1371889.1906980416,10.0,35000,0.78,25000,387.4377367373401,1290.0056134846004,3502239.089582937,15.0,0.0,0.0,120000,363.1235161429234,1175.8963250892032,2292650.5906204083,10.0,15000,0.55,120000,338.7961487395401,1157.2219523547733,1419372.2013832931,10.0,35000,0.78,120000
51,-0.004754743446373,-0.0026379882494577,-0.001526402278586,-0.0016109620732483,-0.0117290206691381,-0.0015877896798052,-0.0093864716521195,-0.0011656054436026,-0.0045507492585917,-0.0018074774306615,336.912681954892,1138.1117578696235,1371580.0299964226,10.0,35000,0.78,25000,387.5576056414205,1289.7616681728252,3500539.531018559,15.0,0.0,0.0,120000,363.26208836997546,1175.848769128085,2290322.997873471,10.0,15000,0.55,120000,338.7575421139521,1158.2372750114537,1417221.189421101,10.0,35000,0.78,120000
52,-0.0048205068607014,-0.0026628947306807,-0.001548847111903,-0.0016522292287422,-0.0119001909906882,-0.0016211252557685,-0.0095430111284725,-0.0012301270119428,-0.0046039853093502,-0.0018178908188884,337.0311076647105,1139.098094880576,1371015.132275538,10.0,35000,0.78,25000,387.54425850293876,1291.2914205280408,3500685.0576534485,15.0,0.0,0.0,120000,363.2564918221305,1175.7018653989958,2291209.141189672,10.0,15000,0.55,120000,338.8008436723883,1157.6950363546284,1416982.625309224,10.0,35000,0.78,120000
53,-0.0048727978460779,-0.002710051169025,-0.0015616854836195,-0.0016639729273277,-0.0120573266288468,-0.0016391955923403,-0.009678418691635,-0.0012512766236162,-0.0046786688689096,-0.001864080798298,337.10305924770074,1139.0406572376178,1371098.7919529073,10.0,35000,0.78,25000,387.5187384308174,1290.4898531046467,3500263.6086987806,15.0,0.0,0.0,120000,363.24726524164464,1175.718694107561,2288895.9858510555,10.0,15000,0.55,120000,338.8627302144366,1158.4015726323462,1417299.6214136814,10.0,35000,0.78,120000
54,-0.0049620602689145,-0.0027483517428477,-0.0016122067673759,-0.0016867050552589,-0.0122212687890607,-0.0016717685737024,-0.0098401242519563,-0.0012816879338619,-0.0047501722007165,-0.0018754060476375,336.98218258439795,1139.4895763194825,1371533.095851913,10.0,35000,0.78,25000,387.60391349720476,1291.1201547600003,3499440.401440475,15.0,0.0,0.0,120000,363.22708291525504,1176.9337943870974,2289420.5485745124,10.0,15000,0.55,120000,338.86072717046926,1159.532800845185,1418698.972934675,10.0,35000,0.78,120000
55,-0.0050289164813391,-0.0027942560842281,-0.0016517236928965,-0.0017293044541902,-0.01242349122777,-0.00170112664566,-0.0099659926171407,-0.0013221264922401,-0.0048140740856221,-0.0018832826994624,337.04773523697844,1139.7369702022995,1370628.8819468385,10.0,35000,0.78,25000,387.6133442085774,1292.7110708357552,3501454.420482979,15.0,0.0,0.0,120000,363.3006891610956,1176.2517736546645,2289404.7968946565,10.0,15000,0.55,120000,338.90207431263605,1158.8967564892093,1417774.9336965038,10.0,35000,0.78,120000
56,-0.0050932605884394,-0.0028478112949428,-0.0016800832878272,-0.0017567875572088,-0.0125843146658702,-0.001731533516354,-0.010123874762067,-0.0013358413739846,-0.004878178594683,-0.0019227452989069,337.056872231602,1140.2210004577353,1370478.664770135,10.0,35000,0.78,25000,387.58111940947697,1291.686327177929,3498776.7188067567,15.0,0.0,0.0,120000,363.2540098404792,1177.7373772789426,2289378.3169107637,10.0,15000,0.55,120000,338.88481595835896,1160.5574252218614,1415443.5898459377,10.0,35000,0.78,120000
57,-0.0051563066090666,-0.0029049666347474,-0.0017045243919319,-0.001774392622423,-0.012765152723875,-0.0017617037744031,-0.010237119423221,-0.0013603600028111,-0.0049817032009683,-0.0019331104467771,337.10390080994296,1140.620673097517,1370235.886753686,10.0,35000,0.78,25000,387.64445976135966,1293.12138144791,3499124.615695274,15.0,0.0,0.0,120000,363.3261947382027,1177.6829744421273,2289454.6630506967,10.0,15000,0.55,120000,338.81457916340827,1159.6613947951146,1416189.4812399703,10.0,35000,0.78,120000
58,-0.0052439601960432,-0.0029494083230163,-0.0017313410406931,-0.0018025918937203,-0.0129419283148197,-0.0018297539283905,-0.0103984863234428,-0.0014055228759132,-0.0050324393094644,-0.0019749983846653,337.12509278534884,1140.4757559891461,1370344.0950120534,10.0,35000,0.78,25000,387.6615314571269,1293.8489370698546,3498437.195279155,15.0,0.0,0.0,120000,363.3371054753693,1178.5652666663614,2289243.383764824,10.0,15000,0.55,120000,338.92306146055535,1160.1983170667488,1416670.556289888,10.0,35000,0.78,120000
59,-0.0053314780437333,-0.0029766858870022,-0.0017722323887364,-0.001807190181838,-0.0131206430407359,-0.00185606049755,-0.0105308968334422,-0.0014062717519439,-0.0051061270913257,-0.0020287319009328,337.1741453918132,1141.2582063157747,1370365.4908855604,10.0,35000,0.78,25000,387.6958449336271,1294.2089830874206,3498028.436232968,15.0,0.0,0.0,120000,363.3184896909773,1179.2593143911008,2290074.18014676,10.0,15000,0.55,120000,338.9014529906435,1159.8506459599819,1416421.7603262106,10.0,35000,0.78,120000
60,-0.0053987984633677,-0.0030235398379226,-0.0017800237162766,-0.0018315945789057,-0.0132981572641013,-0.0018968866689659,-0.0106713714268349,-0.001437143497981,-0.0051590591794877,-0.0020511333178987,337.1482619622533,1141.0808894214165,1369195.9185754333,10.0,35000,0.78,25000,387.7043532649898,1293.5147000714383,3497037.3252764307,15.0,0.0,0.0,120000,363.34474070467763,1180.7138030724152,2288472.4162850184,10.0,15000,0.55,120000,338.9528528563898,1160.4311921829233,1413903.4759524884,10.0,35000,0.78,120000
61,-0.0054593947630322,-0.0030751718297866,-0.001811233817992,-0.0018472771848699,-0.0134881272308433,-0.0019469251619641,-0.0107955591159721,-0.0014650701996746,-0.0052053415747513,-0.0020646859421194,337.27258540790433,1141.4826956130537,1369692.107277099,10.0,35000,0.78,25000,387.6923161935492,1294.9172069166323,3497408.5102658505,15.0,0.0,0.0,120000,363.33795428335884,1180.3729368165716,2289277.7885037265,10.0,15000,0.55,120000,338.9674601979126,1160.5059417842983,1415581.571346231,10.0,35000,0.78,120000
62,-0.0055111698263322,-0.0031121284116181,-0.0018312264467021,-0.001877758974073,-0.0136626450908242,-0.0019645835210721,-0.0109199483172738,-0.0014836142483005,-0.0052741474432737,-0.0021016303476008,337.262097498286,1141.949325519545,1369204.7618309502,10.0,35000,0.78,25000,387.71608332014216,1294.1436685753922,3494812.79764113,15.0,0.0,0.0,120000,363.28612172875387,1179.7590548348767,2288548.913716126,10.0,15000,0.55,120000,338.93582827820495,1160.3547659971252,1413777.8907981548,10.0,35000,0.78,120000
63,-0.0055628802169861,-0.003192394979956,-0.0018762561287679,-0.0019057271646665,-0.0138238430549583,-0.0020028434617721,-0.0110553975152671,-0.0015244255512816,-0.0053709322485685,-0.002138284289584,337.1586379312577,1142.2079422085735,1369475.4267279152,10.0,35000,0.78,25000,387.7743999574388,1295.2650387714284,3495429.1407399355,15.0,0.0,0.0,120000,363.2944566634984,1180.6666467779332,2286358.705977442,10.0,15000,0.55,120000,338.9126677622689,1161.37021401645,1415993.3496644455,10.0,35000,0.78,120000
64,-0.005626079122505,-0.0032181264674935,-0.0019088465995501,-0.0019121299604329,-0.0139896733268316,-0.0020254777108343,-0.0112267785777956,-0.0015269329117241,-0.0054242438113949,-0.0021959902541794,337.1537720798141,1142.5136100382615,1368699.816521311,10.0,35000,0.78,25000,387.66811577855907,1295.2291979360075,3495612.3274378874,15.0,0.0,0.0,120000,363.40639071085485,1181.6706643369232,2285716.469378134,10.0,15000,0.55,120000,339.0034798446231,1161.4490835538368,1414581.5949468107,10.0,35000,0.78,120000
65,-0.0056800415763332,-0.0032798656159722,-0.0019709256776389,-0.0019233725884787,-0.0141761109808844,-0.0020732664016137,-0.0113575961706415,-0.0015698573181296,-0.0054778732007679,-0.0022189125090545,337.2205215083182,1143.2847245274106,1368841.6205461435,10.0,35000,0.78,25000,387.7436355780539,1296.2819438470622,3493394.407535676,15.0,0.0,0.0,120000,363.507066470267,1181.3643097927588,2286942.100242812,10.0,15000,0.55,120000,339.01655905905784,1159.9198162933792,1414716.7559823866,10.0,35000,0.78,120000
66,-0.0057469672134015,-0.0033081379637464,-0.0020049044121495,-0.0019420070803209,-0.0143478325091331,-0.0021483503453466,-0.0114778862501486,-0.0016108043948229,-0.0055363782773727,-0.0022869837609334,337.3450956939349,1142.8915574229227,1368589.1207378802,10.0,35000,0.78,25000,387.77682452368174,1296.2144377459804,3493890.6775760083,15.0,0.0,0.0,120000,363.39835108286144,1181.4421945207305,2287225.3141847355,10.0,15000,0.55,120000,339.0311340986677,1161.5979719284637,1414071.5175918783,10.0,35000,0.78,120000
67,-0.0058033801321439,-0.0033755185266945,-0.0020196194361045,-0.0019738298213201,-0.0145347526426991,-0.0021939398503437,-0.0115912739231536,-0.0016284542873457,-0.0056064979761718,-0.0022984934849131,337.2414587452396,1143.5544211057804,1369149.4360522318,10.0,35000,0.78,25000,387.8116411472546,1296.9458492589304,3493156.6371448645,15.0,0.0,0.0,120000,363.34763446266635,1181.944291057436,2283869.429396437,10.0,15000,0.55,120000,339.0047883911885,1162.7503172490983,1413787.5096917464,10.0,35000,0.78,120000
68,-0.0058827533619533,-0.0034051151729616,-0.0020767846740976,-0.0019819755678637,-0.0147718782704056,-0.0022046585101124,-0.0117084722503471,-0.0016376447345548,-0.0056556790991917,-0.0023190138920517,337.3286138345125,1143.8904620513026,1368730.8670024034,10.0,35000,0.78,25000,387.7140390147665,1297.2379561622909,3488805.3818031386,15.0,0.0,0.0,120000,363.54774029661473,1183.0416623431086,2284617.2459940673,10.0,15000,0.55,120000,339.0566107471136,1162.110767844,1413628.9467968333,10.0,35000,0.78,120000
69,-0.0059583241240706,-0.003436723800678,-0.0021236446372598,-0.0019916183649979,-0.0149269977746824,-0.0022108651054946,-0.0118534697535744,-0.0016728726733393,-0.0057544681710213,-0.0023405435139313,337.3308381622408,1144.810161005139,1368130.0508011694,10.0,35000,0.78,25000,387.84462934064555,1296.525565526392,3490822.9936862006,15.0,0.0,0.0,120000,363.54477425079557,1182.0708091060271,2285175.88023818,10.0,15000,0.55,120000,339.0134482017036,1162.271209108706,1413996.117597907,10.0,35000,0.78,120000
70,-0.0060364992778711,-0.0035057430678824,-0.0021552354166683,-0.0020359648352323,-0.015077415812757,-0.0022623786826654,-0.0119743285027071,-0.0016897491373806,-0.0058180910429989,-0.0023560651740404,337.3591728112022,1144.2732307484696,1368127.4978391558,10.0,35000,0.78,25000,387.7087032460166,1299.3670923767243,3491695.1938616396,15.0,0.0,0.0,120000,363.4606791622629,1181.2850837012713,2284333.878125858,10.0,15000,0.55,120000,339.0200207047446,1163.2897812984531,1412168.1889991593,10.0,35000,0.78,120000
71,-0.0061160969910843,-0.0035589642697144,-0.0021776102867029,-0.0020462973455491,-0.0152812286276646,-0.0022883257671058,-0.0120879473253246,-0.0017120358399048,-0.0058793200310282,-0.0023761037593001,337.427015548889,1145.7425063982237,1367699.341883775,10.0,35000,0.78,25000,387.82241563900214,1299.0438233768339,3491094.810219808,15.0,0.0,0.0,120000,363.4014040873788,1183.144825831119,2283558.382415139,10.0,15000,0.55,120000,339.145858800062,1162.8581305168127,1412560.0452717175,10.0,35000,0.78,120000
72,-0.0061752875727386,-0.0036033679260708,-0.002189008594222,-0.0021246307412896,-0.0154812970899581,-0.0023431080865253,-0.0122385262170787,-0.0017299979886939,-0.0059260390258733,-0.0023948216707769,337.39570224755835,1145.7533724062196,1367742.3777122837,10.0,35000,0.78,25000,387.8637784502973,1298.6617224295212,3490316.091497166,15.0,0.0,0.0,120000,363.4805228141056,1183.3377927950535,2284377.1951950947,10.0,15000,0.55,120000,339.08859815059395,1163.065153281434,1414702.9370743653,10.0,35000,0.78,120000
73,-0.0062729493682746,-0.003652173422614,-0.0022434683111777,-0.0021467077779677,-0.0156395081000845,-0.0023723081319557,-0.0123721443152758,-0.0017410376533638,-0.0060211078486839,-0.0024120059180725,337.43128958831335,1145.5940789194974,1367296.404154657,10.0,35000,0.78,25000,387.8930225708196,1299.465014938866,3490033.584937894,15.0,0.0,0.0,120000,363.44766651607,1185.0337306728766,2283448.640881789,10.0,15000,0.55,120000,339.05615788541076,1163.8106217651762,1411712.607538243,10.0,35000,0.78,120000
74,-0.0063266153918686,-0.003723686505296,-0.0022926773253838,-0.0021631601603704,-0.0158211762685437,-0.0024205800604418,-0.012487991491591,-0.0017475714337459,-0.0060738056587265,-0.0024358920791622,337.39190332885,1146.495323123885,1367350.8296998835,10.0,35000,0.78,25000,387.87139066009837,1301.0280498177335,3490911.0941393333,15.0,0.0,0.0,120000,363.5269394451444,1185.4234241228712,2281115.605735637,10.0,15000,0.55,120000,339.1751277973503,1163.8549340932345,1414261.7037096545,10.0,35000,0.78,120000
75,-0.0064069197937899,-0.0037589134536149,-0.0023226685121525,-0.002191928342247,-0.0159985493268482,-0.0024309865355096,-0.0126292582909416,-0.0017565792195475,-0.0061230985144265,-0.0024600087842339,337.52027591007607,1146.6975143940026,1366892.6770411576,10.0,35000,0.78,25000,387.9519877506,1301.157992003078,3489188.298915762,15.0,0.0,0.0,120000,363.5251802235112,1185.4458619485213,2282585.1989339595,10.0,15000,0.55,120000,339.13541254267307,1164.6236327170877,1412307.1046277222,10.0,35000,0.78,120000
76,-0.0064568035381422,-0.0038144004064275,-0.0023309824776118,-0.0022008325236137,-0.0161727533199361,-0.0024930069843246,-0.0127756245196877,-0.0017905104395277,-0.0061723213234791,-0.0024912898974171,337.47875572684313,1147.3721362168594,1366063.5686699317,10.0,35000,0.78,25000,387.89917299307564,1301.20544229362,3487342.361805927,15.0,0.0,0.0,120000,363.57851197626445,1186.4633685958665,2283092.2780112815,10.0,15000,0.55,120000,339.1466020864824,1163.8059599684284,1414097.9306334476,10.0,35000,0.78,120000
77,-0.0065350489571379,-0.0038537081337678,-0.0023436969956895,-0.002205474319639,-0.016333683069743,-0.0025033799177627,-0.0129099695902489,-0.001831016310154,-0.0062686389510064,-0.0025076522904414,337.46040211058346,1147.7315519398605,1366252.2888941688,10.0,35000,0.78,25000,387.8495195287612,1301.9362021958502,3487313.9139543595,15.0,0.0,0.0,120000,363.61182099178313,1186.4166011193224,2282034.6155088306,10.0,15000,0.55,120000,339.1559509840332,1165.1706871598687,1411060.882768998,10.0,35000,0.78,120000
78,-0.0065993059380562,-0.0039475547530916,-0.0023884125205174,-0.0022779867441723,-0.0164944058622517,-0.0025517904808375,-0.0130377973419891,-0.001839822674317,-0.006360646379721,-0.0025336069546276,337.5644822798742,1147.532438155689,1366553.8396512598,10.0,35000,0.78,25000,387.89424281234136,1301.168003094688,3487545.0089155235,15.0,0.0,0.0,120000,363.59812798067657,1187.9745699747655,2280248.565636439,10.0,15000,0.55,120000,339.17405468286273,1165.3415717715898,1413099.0450277897,10.0,35000,0.78,120000
79,-0.0066868821659893,-0.0039731280826766,-0.0023951730782634,-0.0023234798496456,-0.0166665296505313,-0.0026015902108444,-0.0131737283879671,-0.0018781380684171,-0.0064158203788019,-0.0025505413498609,337.56069666519585,1148.6878429699066,1366421.4638813715,10.0,35000,0.78,25000,387.9236915061447,1303.2107004896138,3486226.567081819,15.0,0.0,0.0,120000,363.6631777179619,1187.3521403234256,2280328.120713038,10.0,15000,0.55,120000,339.06995794941315,1165.3065398525052,1412769.8730619517,10.0,35000,0.78,120000
80,-0.0067541181569345,-0.0040079561755796,-0.0024092642417238,-0.0023292944586237,-0.016824815272962,-0.002636944108617,-0.0132964734452455,-0.0018922476089326,-0.00648161839918,-0.0025983434918479,337.6320862902069,1148.5563077740583,1366278.5914963074,10.0,35000,0.78,25000,388.0302414122081,1302.3488778028288,3484773.228121631,15.0,0.0,0.0,120000,363.71276494479616,1186.5556280316687,2279347.2310267948,10.0,15000,0.55,120000,339.2188284303747,1166.253186189988,1412260.6138364158,10.0,35000,0.78,120000
81,-0.0068037157611172,-0.0040344078607382,-0.0024159947832203,-0.0023530430685863,-0.0170086648831676,-0.0026641022607798,-0.0134230966084475,-0.0019499902216196,-0.006619106685782,-0.002608630322056,337.54055687647144,1148.5300542601356,1365717.2318775752,10.0,35000,0.78,25000,388.06312680048495,1303.4951133849574,3482883.7626441964,15.0,0.0,0.0,120000,363.630510266459,1187.8603239410754,2280492.38748708,10.0,15000,0.55,120000,339.1931253872657,1165.306246972344,1411790.7767152141,10.0,35000,0.78,120000
82,-0.0068912322907018,-0.0040916574793791,-0.0024701819766926,-0.0023860738438147,-0.0171880073247155,-0.002695777504434,-0.0135628406133298,-0.0020027131967603,-0.0066930550257652,-0.0026434437936348,337.6189312705244,1148.7202480993333,1366081.8618187779,10.0,35000,0.78,25000,387.96563676570895,1304.812718474804,3485766.433493559,15.0,0.0,0.0,120000,363.63659256535345,1188.242494892588,2279491.08257608,10.0,15000,0.55,120000,339.18728734975116,1166.0953899922697,1411106.4395108463,10.0,35000,0.78,120000
83,-0.0069717271615437,-0.0041199641723093,-0.0025130579484365,-0.0024094071181612,-0.0173756502892556,-0.0027214281898204,-0.0136903427227314,-0.0020194293787408,-0.0067670736926932,-0.0026655145382936,337.5771578743083,1150.679678572512,1365455.3799103089,10.0,35000,0.78,25000,388.08911983951697,1303.2483158703676,3483168.2049158826,15.0,0.0,0.0,120000,363.6055526401396,1189.0557223529547,2277249.5828760336,10.0,15000,0.55,120000,339.25453796962597,1166.5742821364095,1410513.2573691756,10.0,35000,0.78,120000
84,-0.0070441288896755,-0.0041941227194707,-0.0025266451858132,-0.0024404610340537,-0.0175310668670332,-0.0027509018384065,-0.0138124683740908,-0.0020202462952535,-0.0068217113517953,-0.0027500320108749,337.73409548054786,1150.7634528972033,1365123.8622315961,10.0,35000,0.78,25000,388.07157318067965,1305.0959869132096,3484534.5797234685,15.0,0.0,0.0,120000,363.65761308616254,1189.4553232359385,2278372.12055343,10.0,15000,0.55,120000,339.1822257837865,1166.3799632980174,1410564.7764984558,10.0,35000,0.78,120000
85,-0.0071357141894732,-0.0042323472026413,-0.0025979333070648,-0.0025053713844405,-0.0176940390647397,-0.0028321202345016,-0.0139304589612296,-0.0020245473618794,-0.0068801181605087,-0.0027817898608831,337.6669061991297,1149.1505756888548,1365482.1433710482,10.0,35000,0.78,25000,388.05058425405883,1305.8972963920617,3483157.808597915,15.0,0.0,0.0,120000,363.72382211973223,1189.5476278964543,2277654.4432899174,10.0,15000,0.55,120000,339.401598669825,1168.11016858547,1410209.2234253655,10.0,35000,0.78,120000
86,-0.0072045932502673,-0.0042599750779884,-0.0026196144465607,-0.0025191108027964,-0.0178584709237014,-0.0028687455849911,-0.0140678658192969,-0.0021179421024468,-0.0069283046527346,-0.0027904050692069,337.80888203380505,1150.7582719447996,1365113.0832225988,10.0,35000,0.78,25000,388.0825754051732,1306.1897390794784,3483839.8166080993,15.0,0.0,0.0,120000,363.7002841302283,1190.02694626559,2277589.5202919766,10.0,15000,0.55,120000,339.37086849588184,1166.394220440861,1410634.2526833604,10.0,35000,0.78,120000
87,-0.0072775349640711,-0.0042964253282257,-0.0026395382155643,-0.0025885828192101,-0.0180096720650323,-0.0028880759873921,-0.01418529134356,-0.0021368040543781,-0.0069943367054242,-0.0028066027906485,337.8178674354646,1150.4750267766378,1365065.7948637672,10.0,35000,0.78,25000,388.18274187840836,1305.4509554649119,3481615.007328964,15.0,0.0,0.0,120000,363.8323205959233,1190.019310011105,2276242.000497397,10.0,15000,0.55,120000,339.3229833465752,1168.1282078791512,1409903.755588411,10.0,35000,0.78,120000
88,-0.0073388045900573,-0.004338799309905,-0.0026808121919891,-0.0026186262609929,-0.0181928301762351,-0.0028929228103571,-0.0143171882000812,-0.0021766118951025,-0.0070656883097218,-0.0028371082560944,337.77046573122107,1151.948993768184,1365234.7001840593,10.0,35000,0.78,25000,388.08852594858206,1306.4180770953171,3482315.067432223,15.0,0.0,0.0,120000,363.75839980690995,1190.9700145064778,2276674.4185610237,10.0,15000,0.55,120000,339.3729742511361,1168.281892433656,1409698.1986806574,10.0,35000,0.78,120000
89,-0.007397010566518,-0.0043628037507245,-0.0027176336540971,-0.0026256683455438,-0.0183582382122441,-0.0029041341121609,-0.0144357217670883,-0.0022153321693077,-0.0071199273379826,-0.0028622743065608,337.8715427166684,1152.4845306460609,1365076.9871472423,10.0,35000,0.78,25000,388.1959463761539,1307.1814954667454,3480898.229808288,15.0,0.0,0.0,120000,363.8598923299899,1191.1408105511364,2274748.3710088525,10.0,15000,0.55,120000,339.33430392987924,1167.944007043032,1410418.901731383,10.0,35000,0.78,120000
90,-0.0074677823381933,-0.004417905397494,-0.0027459714353041,-0.0026398792274804,-0.0185401714340895,-0.0029084609605361,-0.0145740178889338,-0.0022550890562661,-0.0071720153769058,-0.0028807631536801,337.7312453369264,1152.026376849846,1364038.1554936795,10.0,35000,0.78,25000,388.175281387594,1308.1594393432667,3482114.6174959433,15.0,0.0,0.0,120000,363.7346339572413,1191.0693552118462,2276285.4209028245,10.0,15000,0.55,120000,339.3124700520796,1167.5189038042558,1410162.5402640786,10.0,35000,0.78,120000
91,-0.0075569195944575,-0.0044671338730618,-0.0027587037313292,-0.0026511292784258,-0.0187815570229038,-0.0029390946795783,-0.0147315291600445,-0.0022694604930649,-0.0072235039709231,-0.0029605103301776,337.8100117786983,1152.8307057401753,1364129.5029389863,10.0,35000,0.78,25000,388.14757944878005,1307.8683514906272,3482423.8768537855,15.0,0.0,0.0,120000,363.83878806974894,1192.0095938143527,2273651.956097093,10.0,15000,0.55,120000,339.44694347252516,1169.059276428389,1408006.3327578502,10.0,35000,0.78,120000
92,-0.0076090370142588,-0.0044988514043151,-0.0027663441213097,-0.0026803524969478,-0.0189600664120717,-0.002946138616168,-0.0148503727641825,-0.0022918788939271,-0.0072975835958328,-0.003013931993064,337.8584984432008,1152.1962947478858,1364151.717413831,10.0,35000,0.78,25000,388.10053763181753,1307.745524853526,3479320.255630973,15.0,0.0,0.0,120000,363.7955855328357,1192.1497859683197,2275648.346758354,10.0,15000,0.55,120000,339.40912832943314,1168.6450813791528,1409815.8262125095,10.0,35000,0.78,120000
93,-0.0076590815125819,-0.0045550830512349,-0.0028073624523111,-0.0027079187194538,-0.019117023973779,-0.0029816149867949,-0.0149670988604146,-0.0023163083689115,-0.0073441017586331,-0.0030244799675466,337.86372659433346,1153.6731718128456,1363797.37206894,10.0,35000,0.78,25000,388.27160789485407,1309.086430013858,3479573.6561838835,15.0,0.0,0.0,120000,363.77460612454405,1193.7113654641946,2271507.951390734,10.0,15000,0.55,120000,339.4587292187487,1168.7474262946312,1410291.9749012496,10.0,35000,0.78,120000
94,-0.0077139435059654,-0.0046216228855581,-0.0028129287576122,-0.0027400308781308,-0.0193086205914732,-0.0029948673059888,-0.0150958125463271,-0.002366628695222,-0.0074097434266322,-0.0030658144835811,337.90671386736506,1154.8861117312088,1364213.5550704824,10.0,35000,0.78,25000,388.22036322108346,1308.4904699590163,3479861.2417629575,15.0,0.0,0.0,120000,363.8533314402405,1193.5055131736854,2274745.6584794787,10.0,15000,0.55,120000,339.4918773263943,1171.2608582214655,1408029.5516980204,10.0,35000,0.78,120000
95,-0.0077811466164628,-0.0046865228015684,-0.0028529596043396,-0.0027481454001056,-0.0194792830743992,-0.0030149958048685,-0.0152253531458816,-0.0024622261450048,-0.0074881026931941,-0.0030976157446109,337.9544034880589,1153.9234845713029,1363669.6954546662,10.0,35000,0.78,25000,388.2681393454147,1310.1856665830137,3478350.325875684,15.0,0.0,0.0,120000,363.90656321484266,1193.7146647231307,2274445.684616362,10.0,15000,0.55,120000,339.42306384673844,1170.2670386876287,1408165.6287455133,10.0,35000,0.78,120000
96,-0.0078497789491706,-0.0047486779278733,-0.0028668234779341,-0.002784586625378,-0.0196597179601124,-0.0030264476977078,-0.0153399142254815,-0.0025047990374549,-0.0075548458879055,-0.0031591715665067,337.92635772129734,1154.7912181435038,1363627.3192653917,10.0,35000,0.78,25000,388.1752078131571,1310.329681478854,3479123.9408319606,15.0,0.0,0.0,120000,363.92307388623254,1194.1571682822891,2273371.8918635417,10.0,15000,0.55,120000,339.49199513828563,1169.6234559914517,1406659.9850598231,10.0,35000,0.78,120000
97,-0.0079046813656145,-0.0047799839276033,-0.0028801545179693,-0.0028122338625873,-0.0198369454148403,-0.0030438827040518,-0.0154637488584833,-0.0025473076624359,-0.0076079427484786,-0.0031978708340183,337.9131351448522,1155.2261203477822,1363779.7071408252,10.0,35000,0.78,25000,388.27093458924526,1309.8988962151043,3477701.798054127,15.0,0.0,0.0,120000,363.9534321282855,1194.40689379116,2275067.5656448454,10.0,15000,0.55,120000,339.52488413525367,1171.259116405529,1407990.484568152,10.0,35000,0.78,120000
98,-0.0079603674088288,-0.0048187723526096,-0.0029193336307372,-0.0028243422162851,-0.0200090657142705,-0.0030816303080077,-0.0155855229166072,-0.002547786266107,-0.007698270009701,-0.003228354423126,338.0027744736532,1154.619349754936,1363139.6415168587,10.0,35000,0.78,25000,388.29371524721927,1310.9398685221947,3474623.781001247,15.0,0.0,0.0,120000,363.9109205251519,1195.071412172869,2272104.6158991014,10.0,15000,0.55,120000,339.52796053865865,1171.0839936299558,1407644.1644382249,10.0,35000,0.78,120000
99,-0.0080324466691749,-0.0048674416232028,-0.0029274083780078,-0.0028807534464918,-0.0201688139923102,-0.0031330555769464,-0.0157425385097141,-0.0025546066292146,-0.0077834017042204,-0.0032880891878823,338.0053233131359,1155.4460727193386,1363553.8208963568,10.0,35000,0.78,25000,388.3596891852573,1311.5860367018993,3475404.8951431066,15.0,0.0,0.0,120000,364.0106150345833,1195.3153517651083,2272206.042475217,10.0,15000,0.55,120000,339.59634828800034,1171.7523026601586,1406765.959857342,10.0,35000,0.78,120000
100,-0.0080853591104114,-0.0049045636189525,-0.0029722252668003,-0.0028924697011024,-0.020352508514855,-0.003138935531698,-0.0158683327693635,-0.0025773945041129,-0.0078778074227399,-0.0033290699364317,337.9605396966202,1157.104074583504,1362319.3814532636,10.0,35000,0.78,25000,388.30667173442185,1312.2762597042909,3475393.801355878,15.0,0.0,0.0,120000,363.9270247768135,1195.013476013975,2270036.654150122,10.0,15000,0.55,120000,339.5681800813357,1172.91090522028,1406376.237940117,10.0,35000,0.78,120000
101,-0.0081502095083234,-0.0049586555990811,-0.0029815808385428,-0.002902455052805,-0.02052355817927,-0.0031440330143874,-0.0159966543011322,-0.002582942118345,-0.0079380305452075,-0.0033400582593188,338.05330045111026,1156.0752187249516,1362229.6999215598,10.0,35000,0.78,25000,388.390686708608,1312.6654006397332,3473538.5351532972,15.0,0.0,0.0,120000,364.01106655701494,1196.8771173370005,2270547.293424919,10.0,15000,0.55,120000,339.63983766801647,1173.2901509261276,1408600.7119423754,10.0,35000,0.78,120000
102,-0.0082237032936949,-0.0049906898071986,-0.003032603574546,-0.0029245917903994,-0.0206744839049074,-0.0031484939545176,-0.0161467978175634,-0.0026214357465796,-0.0080420068703422,-0.0033625753864792,338.05951446069906,1156.6807238138701,1362175.8528379207,10.0,35000,0.78,25000,388.31008240022635,1312.7054295318064,3474499.2557575866,15.0,0.0,0.0,120000,363.9554116133343,1197.3687572991284,2270451.1631368455,10.0,15000,0.55,120000,339.6919083738403,1172.4879190570061,1405613.409206224,10.0,35000,0.78,120000
103,-0.0082874810199846,-0.0050218172390099,-0.0030788502566343,-0.0029380969995917,-0.0208799014952717,-0.0031576829692881,-0.0163188997593699,-0.0026582398620152,-0.0081128304805604,-0.00342442310932,338.16967054567914,1157.6062676839504,1362153.0141731738,10.0,35000,0.78,25000,388.42963784609583,1313.7292638448178,3475358.9850624916,15.0,0.0,0.0,120000,364.0080506541295,1196.9168508690154,2270610.717153725,10.0,15000,0.55,120000,339.6674867453454,1172.5319785231095,1405607.61500635,10.0,35000,0.78,120000
104,-0.0083769054475125,-0.005070414370509,-0.0031454252353532,-0.0029690377580771,-0.021036241932841,-0.0032135746469131,-0.0164868202546485,-0.0026709804810171,-0.008158944853742,-0.0034581588256137,338.01175893253924,1157.723184459526,1361354.1037840743,10.0,35000,0.78,25000,388.3824402466673,1313.511959038827,3473370.906630619,15.0,0.0,0.0,120000,364.08580093958875,1197.8894248611703,2269747.0802491778,10.0,15000,0.55,120000,339.6419531861775,1173.9258393480156,1407229.1175666726,10.0,35000,0.78,120000
105,-0.0084299740922632,-0.0051525436558128,-0.0031546994853653,-0.0029882023384969,-0.0212230456517312,-0.0032613865148757,-0.0166187745894026,-0.0026882866882539,-0.0082289327340903,-0.0034657817345255,338.1280128857578,1158.5907318278005,1361583.8853154827,10.0,35000,0.78,25000,388.3744449999146,1313.7452826822207,3471105.1987067843,15.0,0.0,0.0,120000,364.0686696365488,1198.728230950599,2270473.841249817,10.0,15000,0.55,120000,339.7556194647782,1174.839267730748,1405419.2471382099,10.0,35000,0.78,120000
106,-0.0085085170937698,-0.0051783636593397,-0.0031608334526358,-0.0029995542178528,-0.0214117182076198,-0.00329818869919,-0.0167377994384341,-0.0027167993762876,-0.0082984358117402,-0.0035004515502616,338.2408017847284,1157.5567744664604,1361468.5231201304,10.0,35000,0.78,25000,388.4549896909625,1314.2414345587501,3470761.841155041,15.0,0.0,0.0,120000,364.0489675773607,1198.074093574879,2269526.829713915,10.0,15000,0.55,120000,339.7490226179359,1174.3492051287217,1406084.0469970494,10.0,35000,0.78,120000
107,-0.0085611374538213,-0.0052020410751853,-0.0031826034714827,-0.0030309482052113,-0.0215681851158665,-0.0033318558293899,-0.0168801271506052,-0.0027617694780639,-0.0083484792044099,-0.0035232076980664,338.20588223566267,1158.9157085509266,1361143.7112270659,10.0,35000,0.78,25000,388.45555560128867,1315.2871108413772,3471655.306042473,15.0,0.0,0.0,120000,363.9812560680369,1198.6188695281696,2268775.9444559067,10.0,15000,0.55,120000,339.7534078728974,1174.4837811674072,1404795.284896516,10.0,35000,0.78,120000
108,-0.0086350298423152,-0.0052637157583683,-0.003223102343131,-0.0030356973555552,-0.021744542687287,-0.0033380678306021,-0.0170016658654132,-0.0027785991298058,-0.008422015576467,-0.0036166273547469,338.1924511691287,1159.5839010023487,1361038.892489649,10.0,35000,0.78,25000,388.451182368314,1315.7954497078174,3470819.0872311043,15.0,0.0,0.0,120000,363.9910609100607,1199.5286878958188,2268636.686170361,10.0,15000,0.55,120000,339.7294243245465,1175.1471198775969,1405425.6745098468,10.0,35000,0.78,120000
109,-0.0087021932489392,-0.0052884067707051,-0.0032348061039319,-0.0030550169260947,-0.0219410666106915,-0.0034010021757678,-0.0171472132825972,-0.0027990827405585,-0.0085214270118189,-0.0037272999653469,338.1686520737621,1160.570198319843,1360632.9509922161,10.0,35000,0.78,25000,388.54839809029863,1315.5765746427596,3470563.543830419,15.0,0.0,0.0,120000,364.05848824964596,1200.4317190709291,2267235.016720591,10.0,15000,0.55,120000,339.64585042165993,1175.9378734416302,1405550.3290415588,10.0,35000,0.78,120000
110,-0.0087791091377562,-0.0053671141421494,-0.0032542540637731,-0.0031163653410597,-0.0221004830353507,-0.0034077752048964,-0.017341109806227,-0.0028104592239674,-0.0085745580070761,-0.0037522259900247,338.2117726770562,1159.381658840729,1360848.5972310442,10.0,35000,0.78,25000,388.54293928581,1316.4979091785237,3469258.519240088,15.0,0.0,0.0,120000,364.1082570726835,1199.2960406545253,2266656.7066807044,10.0,15000,0.55,120000,339.75363713446984,1175.8856974860882,1402439.4041521158,10.0,35000,0.78,120000
111,-0.0088588748751276,-0.0054136833992243,-0.0032797298427688,-0.0031637117687479,-0.0223291044572563,-0.003443913050865,-0.0174594769894239,-0.0028679723912,-0.0086661944304334,-0.0037755824278032,338.15429950669295,1161.1756654878848,1360277.256296216,10.0,35000,0.78,25000,388.4494256509447,1317.226041085906,3467914.0087092114,15.0,0.0,0.0,120000,364.13600601862913,1201.530477611689,2265080.314674781,10.0,15000,0.55,120000,339.77322278016226,1175.6760570319461,1404350.2041517044,10.0,35000,0.78,120000
112,-0.0089367096728269,-0.0054643703461727,-0.0033402212529156,-0.0032029424048145,-0.0224783954789983,-0.0034702643610667,-0.0176106571596682,-0.0028896054894782,-0.0087196289827334,-0.0038217197528302,338.2919985972419,1161.341618131535,1360303.8213870614,10.0,35000,0.78,25000,388.4611470044074,1317.6051346088427,3468837.6063960125,15.0,0.0,0.0,120000,364.1918371500986,1201.3920242793258,2266778.84186882,10.0,15000,0.55,120000,339.79094110353924,1177.2873719205995,1404721.408344832,10.0,35000,0.78,120000
113,-0.0089960294291336,-0.0055180279811747,-0.0033995422148235,-0.0032197630991177,-0.0226705137543542,-0.0034827905968592,-0.0177269543459439,-0.0028999504746488,-0.0087867220438384,-0.0038845450515843,338.3021526500471,1161.9675741684791,1361029.1499464004,10.0,35000,0.78,25000,388.5675408911972,1317.8267034495204,3469546.9049774,15.0,0.0,0.0,120000,364.16492516812247,1202.4169227603893,2267367.3678911687,10.0,15000,0.55,120000,339.88046829336395,1177.3226821586554,1402570.4241179356,10.0,35000,0.78,120000
114,-0.0090553347834035,-0.0055485959212587,-0.0034521448171655,-0.00325856177549,-0.0228305807840372,-0.0035123061450968,-0.0178623488864295,-0.0029514464754951,-0.0088429261842324,-0.0038992687996024,338.3366315602998,1162.458063799954,1359650.8348268792,10.0,35000,0.78,25000,388.566529479103,1317.7512969739012,3465499.217270552,15.0,0.0,0.0,120000,364.17817943586,1201.5958243270709,2265117.2796073607,10.0,15000,0.55,120000,339.79069385550065,1177.5309206129816,1403410.1177154118,10.0,35000,0.78,120000
115,-0.0091693318016552,-0.0055927738096061,-0.0034844181245578,-0.0033342427621235,-0.0230146433965166,-0.00353937705323,-0.0179795324867423,-0.0029557068391368,-0.0089339573529826,-0.0039664148785911,338.3002885116711,1162.9499955704575,1359587.9256238404,10.0,35000,0.78,25000,388.62585393015155,1318.4953949926353,3465611.379342409,15.0,0.0,0.0,120000,364.2770281525731,1202.0036126432901,2263807.18158585,10.0,15000,0.55,120000,339.817133591906,1177.5899843174222,1401880.1047663074,10.0,35000,0.78,120000
116,-0.0092582837659865,-0.0056455323516932,-0.003498467261705,-0.0033392496431043,-0.0232055361635139,-0.0035769649874824,-0.0181262592272309,-0.0029855990290589,-0.0089947323197049,-0.0039800430355656,338.46009385566174,1162.0939890446436,1358895.181869568,10.0,35000,0.78,25000,388.69798863303794,1319.3653283259273,3468129.66930856,15.0,0.0,0.0,120000,364.1566059689108,1202.2778178275692,2262219.958946815,10.0,15000,0.55,120000,339.9949544282873,1179.3887712260307,1401365.2740663805,10.0,35000,0.78,120000
117,-0.0029656230514888,-0.001618933720929,-0.0008663724003048,-0.0008572381783609,-0.0077661109582589,-0.0008893662956659,-0.0060482910002006,-0.0007699303759091,-0.0028039474180955,-0.0010364561648647,336.50476503605137,1130.7148660012112,1374763.7106565684,10.0,35000,0.78,25000,387.089179782689,1280.2503848296992,3514778.462386057,15.0,0.0,0.0,120000,362.79686809662314,1167.091406864637,2302564.4374237196,10.0,15000,0.55,120000,338.47709684148714,1152.9778636691824,1420351.3390951117,10.0,35000,0.78,120000
118,-0.0032502014684033,-0.001761352860831,-0.0009041177806293,-0.0008821063637678,-0.0086325734657826,-0.0009191717026822,-0.0066676134612465,-0.0007809733103342,-0.0030723839981481,-0.0010960109522214,336.5839923517198,1132.877662349353,1374159.4095636227,10.0,35000,0.78,25000,387.2135537459405,1281.965376997726,3511663.327752324,15.0,0.0,0.0,120000,362.8612958314023,1168.5817662747909,2300936.7741661016,10.0,15000,0.55,120000,338.5745210801298,1155.7682148316017,1420044.8802493778,10.0,35000,0.78,120000
119,-0.0033701571535906,-0.0018039537540234,-0.0009320722246531,-0.0009030529235599,-0.0090459211067328,-0.0009704517869122,-0.0069915060698114,-0.0008080650372213,-0.0032360429380214,-0.001127365486706,336.5469128594966,1132.314636589996,1373137.102460886,10.0,35000,0.78,25000,387.1995674987273,1282.3922513359564,3511635.414446661,15.0,0.0,0.0,120000,362.9013953743258,1168.4043862058734,2300690.630292611,10.0,15000,0.55,120000,338.5130510675536,1154.4551729181333,1420939.9814948032,10.0,35000,0.78,120000
120,-0.0034676386570738,-0.0018631947816914,-0.0010163290393143,-0.0009342404955579,-0.0093001877157592,-0.0009889908399536,-0.0072060724357575,-0.0008283936164794,-0.0033308462341783,-0.0011442769184548,336.61766025959923,1133.7140888223164,1373858.3963617983,10.0,35000,0.78,25000,387.27527981802467,1283.8851471896508,3509233.7780717625,15.0,0.0,0.0,120000,362.97890352905006,1169.9729723276712,2298964.518543186,10.0,15000,0.55,120000,338.6236103353329,1155.367646328016,1420530.241939833,10.0,35000,0.78,120000
121,-0.0035787462803508,-0.0019042663244923,-0.0010498321010035,-0.0009503138156551,-0.0094923696815555,-0.0010370835887424,-0.0073439442865528,-0.0008556181817896,-0.0033977294695323,-0.0011556468242426,336.77488076398987,1134.0591738109883,1372829.6141717331,10.0,35000,0.78,25000,387.19347169934184,1284.0391935319235,3509250.456371209,15.0,0.0,0.0,120000,362.9800943471804,1169.4851984303082,2298519.138536712,10.0,15000,0.55,120000,338.5451021284181,1155.5272670169454,1419918.5848391063,10.0,35000,0.78,120000
122,-0.0036330941225041,-0.0019284877486824,-0.0010703780411339,-0.0009719289547739,-0.0096861455819305,-0.0010764084943575,-0.0075263798829877,-0.0008575294766342,-0.0034878658311311,-0.0011629050440214,336.67420807515697,1133.9148297678,1373371.8216311026,10.0,35000,0.78,25000,387.2452276694869,1284.544316019509,3509822.1578032477,15.0,0.0,0.0,120000,362.98455718013423,1170.0438141207107,2298264.6286768396,10.0,15000,0.55,120000,338.71894845803354,1154.9876816667097,1420016.9978101514,10.0,35000,0.78,120000
123,-0.0037134933756311,-0.0019537041518896,-0.0011268432629899,-0.0010464453833262,-0.009857692244773,-0.0011025093180812,-0.0076461899927863,-0.0009048788593421,-0.0035619371393473,-0.0011790000763935,336.7473965342267,1134.4640272751894,1373109.045307483,10.0,35000,0.78,25000,387.2211907224637,1285.6667810149715,3508245.450896516,15.0,0.0,0.0,120000,363.0143706726361,1170.8518996036341,2297345.6525846478,10.0,15000,0.55,120000,338.67192546666325,1156.4357742099864,1420568.826298904,10.0,35000,0.78,120000
124,-0.0037884619263777,-0.0019758630536389,-0.00113734450195,-0.0010998339438193,-0.0100243321444197,-0.0011680542928996,-0.0077829105836034,-0.0009383937413261,-0.0036344013159497,-0.0012155596414983,336.71601037242306,1134.8422734470294,1372247.5981739408,10.0,35000,0.78,25000,387.34582874629234,1285.6785807076553,3508772.272003404,15.0,0.0,0.0,120000,363.02978029035273,1171.963689730627,2297261.169883187,10.0,15000,0.55,120000,338.708758848661,1155.3581405562918,1418499.762300633,10.0,35000,0.78,120000
125,-0.0038697379751265,-0.0020090981661819,-0.0011515782435628,-0.0011103251067414,-0.0102463698366067,-0.0011912853225637,-0.0079605125013009,-0.0009408334112132,-0.0036889964272549,-0.0012801657828787,336.8762461711168,1135.6064024151194,1372510.0905249766,10.0,35000,0.78,25000,387.3214754344289,1286.6002711346002,3509215.2238390464,15.0,0.0,0.0,120000,363.0128295353126,1173.3525580980418,2297478.568876694,10.0,15000,0.55,120000,338.6831195700197,1155.8210668072138,1419579.491939973,10.0,35000,0.78,120000
126,-0.0039206545573463,-0.0020947413283297,-0.0011763238019248,-0.0011217516537399,-0.010399896511703,-0.0011990837660249,-0.0081006379841102,-0.0009581472546399,-0.003753106659945,-0.0012986229618243,336.80281278925224,1135.2778844854445,1372123.712709653,10.0,35000,0.78,25000,387.2523068526272,1286.2366606912244,3508047.578611922,15.0,0.0,0.0,120000,363.03640413848024,1172.7865328201672,2295955.4102371032,10.0,15000,0.55,120000,338.6186663975507,1156.0736510972245,1418524.926926996,10.0,35000,0.78,120000
127,-0.0040030918875175,-0.0021524942758299,-0.0012063723866728,-0.0011394375286813,-0.0105637393700862,-0.0012452407110342,-0.0082475948045947,-0.0009642445565516,-0.0038074975129706,-0.0013328651829898,336.8501336642586,1135.392950350002,1372273.1071180012,10.0,35000,0.78,25000,387.3951448326561,1286.510182531147,3507369.5828420017,15.0,0.0,0.0,120000,363.00741410536256,1171.9355544906223,2294820.014069102,10.0,15000,0.55,120000,338.60133733474566,1156.771267463569,1418184.374330884,10.0,35000,0.78,120000
128,-0.0040594758700858,-0.002181404984063,-0.0012722340542703,-0.0011643247362512,-0.010717679655056,-0.0013453660879415,-0.0083768518228645,-0.0010034016140885,-0.0038527002024637,-0.0013637206256959,336.915949298209,1136.1951816503142,1371832.209648627,10.0,35000,0.78,25000,387.34780958915553,1286.726278930578,3506810.1027647527,15.0,0.0,0.0,120000,363.0115500556618,1172.6087220612892,2297545.2345519112,10.0,15000,0.55,120000,338.78641529460026,1156.3581782297658,1418005.8343341835,10.0,35000,0.78,120000
129,-0.0041495529238422,-0.0022369982163362,-0.0012819768509209,-0.001188884949035,-0.010902671404447,-0.0013700340693993,-0.008497944629914,-0.0010056127781784,-0.0039094657735054,-0.0013830200624187,336.78837145014637,1137.3473978524655,1372244.9171284626,10.0,35000,0.78,25000,387.38027294622043,1288.756760441468,3505198.389128604,15.0,0.0,0.0,120000,363.15613615266824,1173.5075624280485,2294943.641259258,10.0,15000,0.55,120000,338.800123354849,1157.2108005104958,1420591.1192486854,10.0,35000,0.78,120000
130,-0.0042201886671855,-0.0022941572462951,-0.0013423083239189,-0.001203997326417,-0.0110528217810097,-0.0013747544455695,-0.008628473572121,-0.0010537073561097,-0.003975944657474,-0.0014059763743778,336.831783692193,1136.0593087509735,1372299.4075781307,10.0,35000,0.78,25000,387.33747074653337,1288.0169623141976,3505957.036774699,15.0,0.0,0.0,120000,363.04911343807333,1173.6753076337475,2294830.94486561,10.0,15000,0.55,120000,338.7360992543091,1157.4963494911099,1417798.167153662,10.0,35000,0.78,120000
131,-0.0043144904787869,-0.0023202688878485,-0.0013494983205723,-0.0012284693942862,-0.0112059873597133,-0.0013911344344045,-0.0087759300924723,-0.0010998431919364,-0.004039363974127,-0.0014844138805108,336.7981974664011,1137.2119579356022,1372091.9767130583,10.0,35000,0.78,25000,387.4783329874054,1289.8562569351195,3504306.2646937724,15.0,0.0,0.0,120000,363.1025573226219,1173.8797291182482,2297027.344282574,10.0,15000,0.55,120000,338.7786673965029,1158.1659348209537,1418532.314427422,10.0,35000,0.78,120000
132,-0.0044085145591012,-0.0023667977119095,-0.0013889587999448,-0.0012359142150545,-0.0113560927487013,-0.0014129181798741,-0.0089139613526289,-0.0011470995088634,-0.0041101396276829,-0.0015374884914269,336.835836468992,1137.2454376952305,1371405.5588433344,10.0,35000,0.78,25000,387.4851002786056,1288.8394764163277,3503663.9277507723,15.0,0.0,0.0,120000,363.09516436605753,1173.5831077997445,2294248.4577944805,10.0,15000,0.55,120000,338.74361254228967,1157.7841247755466,1418733.2211933506,10.0,35000,0.78,120000
133,-0.0044731864024959,-0.0024518013804233,-0.0014131444999833,-0.0012576612259604,-0.0115840375475752,-0.001440540937806,-0.0090379809921873,-0.0011954592246222,-0.0041949936859094,-0.0015633762015666,336.89418051468283,1137.7488306962796,1370774.5053264182,10.0,35000,0.78,25000,387.45721239594513,1290.1715303642927,3504485.5952294506,15.0,0.0,0.0,120000,363.1676481322184,1175.0482242597834,2293625.3457780024,10.0,15000,0.55,120000,338.72512289292087,1157.5882216695609,1419046.6225837972,10.0,35000,0.78,120000
134,-0.0045479636220199,-0.0024724972652323,-0.0014254440951856,-0.0012987661339552,-0.0117546468878121,-0.0014480335340186,-0.0091637495219866,-0.0012094197650274,-0.0042691666974619,-0.0016495130262337,336.9944091681558,1137.8654984621953,1371623.100235347,10.0,35000,0.78,25000,387.5102052504567,1291.1844992586748,3504112.6320980573,15.0,0.0,0.0,120000,363.1451308091948,1175.421388513776,2293272.074153903,10.0,15000,0.55,120000,338.82561164970986,1158.133180531579,1417937.1742371668,10.0,35000,0.78,120000
135,-0.0046105663195294,-0.0025303141484497,-0.0014351010759437,-0.0013437487244226,-0.011928602522256,-0.0014793247021954,-0.0092803354393651,-0.0012135354332573,-0.0043355215283258,-0.0017208239377694,336.9658389148439,1137.8495941468057,1371541.3253189644,10.0,35000,0.78,25000,387.43121024501556,1289.999271294345,3503053.4327047123,15.0,0.0,0.0,120000,363.1301200655354,1176.5369233117822,2290886.4438053844,10.0,15000,0.55,120000,338.8019479028792,1157.1032139473778,1418330.2064040583,10.0,35000,0.78,120000
136,-0.0046639556203186,-0.0025785445084546,-0.0014525937001803,-0.0013697068724854,-0.0120848516681331,-0.001512311045183,-0.0094149129936389,-0.0012179146789075,-0.0044208830548186,-0.0017388194561589,336.9340271726405,1138.4261478237977,1371053.2718870658,10.0,35000,0.78,25000,387.4469867216582,1290.3011188464156,3502241.3672781633,15.0,0.0,0.0,120000,363.1948641393023,1175.237007992539,2291272.769861381,10.0,15000,0.55,120000,338.79020292403794,1157.9813397819587,1419265.985703551,10.0,35000,0.78,120000
137,-0.0047239328576173,-0.0026212375687682,-0.0014885853084472,-0.0013785873681256,-0.0122560569451164,-0.0015178928510169,-0.0095454850021248,-0.0012364277925206,-0.0044999879867218,-0.0017993913730193,337.04122335014756,1139.6162811380896,1370730.3785418654,10.0,35000,0.78,25000,387.5258168128079,1291.8375646891932,3503959.7028871407,15.0,0.0,0.0,120000,363.1701787357066,1176.6569032037946,2291594.9402452246,10.0,15000,0.55,120000,338.8583035701064,1159.2011173760438,1417960.7361007968,10.0,35000,0.78,120000
138,-0.0048101691053996,-0.0026893135413399,-0.0015295246880148,-0.001424672720543,-0.0124166975982341,-0.0015382822678405,-0.0096978841218663,-0.0012440460390957,-0.0045596047892132,-0.0018416806927942,337.00371783170306,1139.7155343258905,1370468.5915189444,10.0,35000,0.78,25000,387.4864572188063,1291.707535867795,3499929.797461879,15.0,0.0,0.0,120000,363.1756715958558,1177.1655450089913,2291570.7563110203,10.0,15000,0.55,120000,338.8818557864558,1158.1738751885728,1417768.0616007037,10.0,35000,0.78,120000
139,-0.0049206419703843,-0.0027128579738597,-0.0015485035073318,-0.0014377187071416,-0.0126252904256048,-0.0015611990931494,-0.0098194145644631,-0.0012524960506489,-0.0046420992788575,-0.0019073627170493,337.0384508783006,1138.6253225307544,1369790.9853325214,10.0,35000,0.78,25000,387.5789854985715,1291.7186002673204,3499926.737123623,15.0,0.0,0.0,120000,363.3762034851157,1176.8352729068379,2292738.6072867825,10.0,15000,0.55,120000,338.7776888660886,1159.4100014650853,1416461.1051258382,10.0,35000,0.78,120000
140,-0.0050660135384811,-0.0027537254494984,-0.0015876376694183,-0.0014428018054694,-0.0127787344762435,-0.0015735161830047,-0.0099538920427412,-0.0012686568942134,-0.0046932739153528,-0.0019461754431999,337.05193798731466,1140.1498917157926,1370090.3294220709,10.0,35000,0.78,25000,387.57181446996526,1293.1938458936506,3498953.945879956,15.0,0.0,0.0,120000,363.25454798844817,1177.6996358873168,2291679.0724218893,10.0,15000,0.55,120000,338.84262378057247,1159.7283896453864,1417276.2597076022,10.0,35000,0.78,120000
141,-0.0051809495639145,-0.0028193168916338,-0.001609703839136,-0.0014535379115351,-0.0129565403927513,-0.001582470461596,-0.010096014892855,-0.0013002092579762,-0.0047403683048105,-0.0019590604559424,337.0558604999723,1140.4040974777818,1369915.9230930365,10.0,35000,0.78,25000,387.54760236143727,1292.579991272652,3499276.4017143473,15.0,0.0,0.0,120000,363.2339698934784,1178.5470742872892,2289815.250730699,10.0,15000,0.55,120000,338.92477870053193,1158.705568216215,1416251.2960241803,10.0,35000,0.78,120000
142,-0.0052786553310277,-0.0028600604060102,-0.0016324524747915,-0.0015029215522568,-0.0131327545771045,-0.0016156401867524,-0.010231891394955,-0.001340624973927,-0.0047884939651277,-0.0019740023404551,337.16329849973056,1140.4116361376466,1369777.636683924,10.0,35000,0.78,25000,387.5885477350808,1293.265110968382,3496778.9711724403,15.0,0.0,0.0,120000,363.25899840695786,1178.872775932545,2290019.3260938777,10.0,15000,0.55,120000,338.92127456899055,1159.0290402995167,1415575.8425224945,10.0,35000,0.78,120000
143,-0.0053661795614035,-0.0028920499054319,-0.0016602180361184,-0.0015558003320885,-0.0133174726959592,-0.0016550721575642,-0.0103992464869376,-0.0013410732875214,-0.0048534510107496,-0.0020502909103402,337.1079802440528,1140.9986765156239,1369364.8141378772,10.0,35000,0.78,25000,387.65216659586366,1293.1992119064623,3497808.828811226,15.0,0.0,0.0,120000,363.3376555722836,1178.4404133820487,2289495.5667942865,10.0,15000,0.55,120000,338.88711980013125,1159.8840784071358,1416618.2429145966,10.0,35000,0.78,120000
144,-0.0054416541872743,-0.0029557862283753,-0.0017166599119911,-0.001609541325462,-0.0134739525109549,-0.0016839843255069,-0.010543125219469,-0.0013454958605282,-0.004923186196323,-0.0020678858820019,337.1649983571201,1140.546329596802,1370006.9605723917,10.0,35000,0.78,25000,387.698723901635,1294.2694745939623,3498809.5630335454,15.0,0.0,0.0,120000,363.27783258322427,1179.4998392564332,2289575.1079676496,10.0,15000,0.55,120000,338.8826028530096,1161.4040968982194,1416169.7590391694,10.0,35000,0.78,120000
145,-0.0055310336323333,-0.0029785354145571,-0.0017983174447897,-0.001621998017878,-0.0136305237528668,-0.0017056066338634,-0.010661539975696,-0.0013496332844164,-0.0049763000663107,-0.0020776199376528,337.21229309301606,1141.5967449804425,1368895.07626886,10.0,35000,0.78,25000,387.6484930355095,1294.5439855572654,3496941.9363279277,15.0,0.0,0.0,120000,363.42222129263945,1180.4187806101672,2288999.8405784736,10.0,15000,0.55,120000,338.99757855186476,1160.9348813200666,1416603.0722213555,10.0,35000,0.78,120000
146,-0.0055802119236492,-0.0030186204698513,-0.0018177202029885,-0.0016600843568916,-0.0137867945629304,-0.0017364848999846,-0.0107950510500815,-0.0013588669705587,-0.0050587192694137,-0.0021141377855945,337.18735367868015,1142.0595736433027,1368722.7843127984,10.0,35000,0.78,25000,387.72199007423666,1294.6140498766215,3496468.7947046948,15.0,0.0,0.0,120000,363.331615669591,1179.4147641966467,2287092.4199934243,10.0,15000,0.55,120000,338.99971638385585,1160.7241377981234,1416251.8880416309,10.0,35000,0.78,120000
147,-0.005675651416429,-0.0030758947488418,-0.0018675844311299,-0.0017156881791044,-0.0139848577549815,-0.0017698804051154,-0.0109380374769503,-0.0014457634569656,-0.0051132918352457,-0.0021239427492208,337.21192114863385,1142.2845657719922,1369412.5512820785,10.0,35000,0.78,25000,387.73993415947484,1295.7015113235434,3494527.1416216227,15.0,0.0,0.0,120000,363.39436482045625,1180.812805011064,2287089.0375954355,10.0,15000,0.55,120000,338.93569275544644,1162.385840272718,1414917.2169259102,10.0,35000,0.78,120000
148,-0.0057439009723792,-0.0031222235695813,-0.0018947676942213,-0.0017462290271866,-0.0141600306309511,-0.0018155967159222,-0.0110743397769359,-0.001513393679181,-0.005214319165739,-0.0021423634476037,337.26144945373375,1143.4138615058373,1369408.4746975016,10.0,35000,0.78,25000,387.7100442934084,1296.0857969156627,3495579.8347474625,15.0,0.0,0.0,120000,363.41445215505684,1180.7555675852582,2287104.9343830943,10.0,15000,0.55,120000,338.88872205639166,1161.767526076774,1413487.4155006702,10.0,35000,0.78,120000
149,-0.0057987612985374,-0.0031497307725318,-0.001905489231133,-0.0017608244416036,-0.0143251225490968,-0.0018339122977808,-0.0111905012141828,-0.0015535520448741,-0.0053168610581146,-0.0021731701799667,337.29909679499156,1141.857524918493,1368711.75556707,10.0,35000,0.78,25000,387.74508998591006,1295.8392914713252,3494270.300322418,15.0,0.0,0.0,120000,363.37786254780815,1181.4776619179038,2287174.3707748377,10.0,15000,0.55,120000,339.0560016169259,1161.3004718472541,1414250.9970390291,10.0,35000,0.78,120000
150,-0.0058532578799891,-0.0031918868016117,-0.0019561724154842,-0.0018286772319442,-0.0145100531830248,-0.0018835329872673,-0.0113111072245205,-0.0015610200150652,-0.0054122155479405,-0.0021976468951782,337.2363535187198,1143.5758913866762,1368480.8724101484,10.0,35000,0.78,25000,387.69696461254625,1296.3175002249623,3493448.879446288,15.0,0.0,0.0,120000,363.4451073189634,1183.2849593548988,2286318.470617627,10.0,15000,0.55,120000,339.0261604802487,1163.1472898077516,1416772.6315556956,10.0,35000,0.78,120000
151,-0.0059435866254005,-0.0032312231584756,-0.0020122607818842,-0.0018717784398963,-0.0146694157206633,-0.0018971070306033,-0.011440754894698,-0.001589513240689,-0.0055240292506155,-0.0022070989541282,337.2923612921609,1143.2813847796199,1368067.8744170384,10.0,35000,0.78,25000,387.7892707210534,1298.3055322070056,3493205.742757685,15.0,0.0,0.0,120000,363.6066997467361,1182.4708400019783,2285879.998599528,10.0,15000,0.55,120000,339.07054535642027,1162.6651379975708,1414244.5971931277,10.0,35000,0.78,120000
152,-0.0059989783357942,-0.0032718403985948,-0.0020539256128897,-0.0019009206076069,-0.014837012591995,-0.0019511652868046,-0.0115607151653206,-0.0016169146699955,-0.0056065718734158,-0.0022150505068545,337.3093567915533,1144.8587042088932,1368381.3100016061,10.0,35000,0.78,25000,387.85538895514105,1298.2051811726628,3492972.2296187636,15.0,0.0,0.0,120000,363.49582126601143,1182.0037192030836,2284392.422926674,10.0,15000,0.55,120000,339.0836001109452,1162.7516833382401,1416796.1782029022,10.0,35000,0.78,120000
153,-0.006095956900003,-0.0033015560601258,-0.0021058520400949,-0.0019399330932769,-0.0150342120874156,-0.0019739893331296,-0.0116890590429115,-0.0016640692862799,-0.0056591983604316,-0.0022746429548443,337.3458212000134,1144.413023957225,1368307.2221103746,10.0,35000,0.78,25000,387.81921670390875,1298.045357956156,3490774.8104285537,15.0,0.0,0.0,120000,363.52381258205645,1182.40695133042,2283985.182321699,10.0,15000,0.55,120000,339.06377803257857,1162.6888229703045,1416833.6147849134,10.0,35000,0.78,120000
154,-0.0061667773804325,-0.0033500872387767,-0.0021532294686826,-0.0019581623149291,-0.0152009570151383,-0.0019891670641083,-0.0118659617781299,-0.001683321427523,-0.0057270892111608,-0.0023283808283091,337.43668904726616,1144.3324879293682,1367676.2222657867,10.0,35000,0.78,25000,387.8743030756486,1298.3889673459437,3491305.1567275613,15.0,0.0,0.0,120000,363.4348799412683,1184.1280234312856,2285904.941637273,10.0,15000,0.55,120000,339.0269218967718,1163.535412914633,1415935.855581376,10.0,35000,0.78,120000
155,-0.0062186996929219,-0.0034054437325359,-0.0021710164569671,-0.0020209086487423,-0.0153839993831273,-0.0020754078987877,-0.0120380925287909,-0.0017163593564265,-0.0057800177395277,-0.002376954671021,337.3905882688201,1144.9200565348006,1368282.5544716849,10.0,35000,0.78,25000,387.89647487063326,1298.1203309747107,3491570.1059240573,15.0,0.0,0.0,120000,363.4951577324069,1182.3939157308416,2283435.24686984,10.0,15000,0.55,120000,339.0663590306499,1163.5815651197938,1414025.7655009772,10.0,35000,0.78,120000
156,-0.0063147023685746,-0.0034270549395446,-0.0021964712434284,-0.0020908670317295,-0.0155514389369522,-0.0021061984694245,-0.0122071737548487,-0.0017333405611989,-0.0058322254901616,-0.0024460063845456,337.4983439410588,1145.4539411436792,1367697.6774876725,10.0,35000,0.78,25000,387.8752266594281,1298.7249672260918,3490555.2161377766,15.0,0.0,0.0,120000,363.5176682096468,1184.3956202279126,2281030.8185868124,10.0,15000,0.55,120000,339.0356488052756,1163.7780065128693,1413993.457058755,10.0,35000,0.78,120000
157,-0.006364206638647,-0.0034746382184598,-0.0022588565328428,-0.0021287670050015,-0.0157284578387201,-0.0021268649015286,-0.0123342322181099,-0.0017558493694758,-0.0058884723826939,-0.0025083838198939,337.37136349684033,1146.0397891422042,1367178.7510242595,10.0,35000,0.78,25000,387.87960244381594,1299.0806528629457,3489338.1559303156,15.0,0.0,0.0,120000,363.5653971757427,1184.299752417479,2281018.209458612,10.0,15000,0.55,120000,339.19710722422116,1164.7223443768833,1413060.5663920734,10.0,35000,0.78,120000
158,-0.0064482623297325,-0.003507856625525,-0.0022881974538701,-0.0021640070206628,-0.0158784419113038,-0.0021593390662292,-0.0124633657656839,-0.0017983647840157,-0.0059553141574041,-0.0025294431765647,337.48505067910367,1146.9366745031837,1367581.825692311,10.0,35000,0.78,25000,387.9043356416324,1298.7956950218104,3491020.8639068403,15.0,0.0,0.0,120000,363.5384654498257,1186.415442265157,2281476.9681537785,10.0,15000,0.55,120000,339.1552698545918,1163.5155122662645,1412109.8047653567,10.0,35000,0.78,120000
159,-0.0065272714800014,-0.0035833154997314,-0.0023005803315454,-0.0022113315094774,-0.0160548768174781,-0.0021892539388436,-0.0125780102730902,-0.0018146569680694,-0.0060171219522851,-0.0025462080339295,337.4905091479488,1146.6405639447635,1366785.3114708618,10.0,35000,0.78,25000,387.8712882457194,1301.2373208559777,3488333.6969494643,15.0,0.0,0.0,120000,363.6296897706773,1186.2430129564473,2283616.926692122,10.0,15000,0.55,120000,339.2114739414121,1163.2340824381872,1412798.408834972,10.0,35000,0.78,120000
160,-0.0066173020844954,-0.0036101416111142,-0.0023282487057749,-0.002226713970836,-0.0162125298694533,-0.0022223304181495,-0.0127115656460184,-0.0018303765007726,-0.0060977213536341,-0.002576349700201,337.6104824338564,1147.5651194489583,1366971.454518081,10.0,35000,0.78,25000,387.96197899211046,1302.89221436805,3487894.7562725097,15.0,0.0,0.0,120000,363.5503910898679,1186.4898565870214,2281010.884326676,10.0,15000,0.55,120000,339.26404185455544,1164.7834890198355,1412121.820598478,10.0,35000,0.78,120000
161,-0.0067028697791964,-0.0036313258040642,-0.0023653900840772,-0.0022348719752149,-0.0163721761322594,-0.002238947701548,-0.0128358354180138,-0.001852297862673,-0.0061590652107671,-0.0025845053007526,337.4906623385665,1147.0796019447303,1366508.4437112256,10.0,35000,0.78,25000,387.96748860538924,1302.6088614115445,3487901.278621532,15.0,0.0,0.0,120000,363.6244092195156,1186.5416667468883,2281456.1271623936,10.0,15000,0.55,120000,339.14804754989626,1164.502247604635,1412369.1942176544,10.0,35000,0.78,120000
162,-0.0067850213947641,-0.0036966977055488,-0.0023721348492479,-0.0023057281542794,-0.0165642054333702,-0.002257357604261,-0.0129984536487473,-0.0018808758283931,-0.0062494190647059,-0.0026113083089618,337.584360869462,1147.2964229742427,1366492.493273941,10.0,35000,0.78,25000,388.0664759375959,1302.6782124990382,3488528.6882503717,15.0,0.0,0.0,120000,363.6760984772181,1186.7369607905348,2280856.23283216,10.0,15000,0.55,120000,339.1807433144308,1165.0547435879562,1411660.7546194326,10.0,35000,0.78,120000
163,-0.0068366612113956,-0.0037359223471195,-0.0023867937590732,-0.0023300878765726,-0.016725066198008,-0.0022781598146536,-0.0131207807297269,-0.0018876688381602,-0.006335164246206,-0.002658325924598,337.72782225103754,1148.4158288302315,1365646.5376559338,10.0,35000,0.78,25000,387.95071619340035,1303.1892123099028,3487224.216972913,15.0,0.0,0.0,120000,363.72410186535933,1186.9411876554136,2280375.9797073537,10.0,15000,0.55,120000,339.29349487580856,1165.8265941623936,1411021.856551065,10.0,35000,0.78,120000
164,-0.0069042745263265,-0.0037941619737924,-0.0023923264313068,-0.0023877257294135,-0.0168969982702682,-0.0022974297342821,-0.0132475825730037,-0.0018978091945066,-0.0064329581486049,-0.0026716632874086,337.6815625232363,1148.0617288863518,1366145.9249611467,10.0,35000,0.78,25000,388.0205924362663,1302.7200962746997,3484511.2625199766,15.0,0.0,0.0,120000,363.6587892352188,1187.4095693279005,2280870.9004890663,10.0,15000,0.55,120000,339.230075237679,1164.6780381193025,1412419.3506884703,10.0,35000,0.78,120000
165,-0.0069536312899912,-0.0038429406212983,-0.0024221933636675,-0.0023981857519836,-0.01705017873618,-0.002327360777217,-0.0133703557385809,-0.0019448308869132,-0.0064846927901633,-0.0026844854313924,337.6131249480698,1149.2876294855082,1365877.981284861,10.0,35000,0.78,25000,388.06875538377193,1303.0574440127377,3487416.7128598676,15.0,0.0,0.0,120000,363.6327098152192,1188.278319105912,2277897.10404829,10.0,15000,0.55,120000,339.2219949202882,1165.5434819333925,1410862.7599825736,10.0,35000,0.78,120000
166,-0.0070416583065001,-0.0038718599168116,-0.0024358725516652,-0.0024131458755216,-0.0172381309968801,-0.0023772700364911,-0.0134859396964402,-0.0019682285427054,-0.006561832130545,-0.0026995395196807,337.5622224973846,1148.8494145779532,1365590.3701809973,10.0,35000,0.78,25000,388.1247973382292,1303.6502899678687,3484609.657542439,15.0,0.0,0.0,120000,363.6864822240312,1189.3371516102177,2276909.9154112395,10.0,15000,0.55,120000,339.28576326505095,1165.7446175994382,1410722.5267242498,10.0,35000,0.78,120000
167,-0.0071074866662082,-0.0039315208671938,-0.0024553799135908,-0.0024677736237389,-0.0173881305599742,-0.002396587351812,-0.0136063851063246,-0.001970510608751,-0.0066190628023801,-0.0027147567632642,337.67203416251544,1149.9960895948734,1365629.834616082,10.0,35000,0.78,25000,388.131080242029,1303.8318643325156,3484549.31955653,15.0,0.0,0.0,120000,363.78400578207754,1189.0257910173002,2280210.9590791482,10.0,15000,0.55,120000,339.3484548663563,1166.949399521145,1411466.571174935,10.0,35000,0.78,120000
168,-0.0071698388853501,-0.0039879592310906,-0.002463971316748,-0.0024933747168234,-0.0175395646200602,-0.0024744558144834,-0.0137406421854666,-0.0020050890371529,-0.0066653458431245,-0.0027860368295048,337.7142302940172,1150.2645290149571,1365106.6373568685,10.0,35000,0.78,25000,388.1350220461183,1304.7073832343751,3484076.380039031,15.0,0.0,0.0,120000,363.7780334757643,1188.3353402202645,2277091.5082568126,10.0,15000,0.55,120000,339.41573652598674,1167.178718020626,1410629.919769137,10.0,35000,0.78,120000
169,-0.0072594587384026,-0.0040106587401907,-0.0024807149790155,-0.0025004670261192,-0.0177312260728995,-0.0024884529865122,-0.0139150736203838,-0.0020148600073553,-0.0067169655147055,-0.0027988807811317,337.7238056581584,1150.46342569741,1364547.9335953614,10.0,35000,0.78,25000,388.1350641961315,1305.3181044488897,3481913.0386215183,15.0,0.0,0.0,120000,363.7328992912476,1188.30901050263,2276415.628997271,10.0,15000,0.55,120000,339.37267385121925,1166.8002537518057,1409759.3619827435,10.0,35000,0.78,120000
170,-0.0073259946322584,-0.0040432659195553,-0.0025146110615523,-0.0025205234699606,-0.0179051501774468,-0.0025120941062032,-0.0140434249359526,-0.002054567694228,-0.0068202184217774,-0.0028337038496875,337.72696981884525,1150.7669025610016,1364502.9422087048,10.0,35000,0.78,25000,388.1599940157139,1305.8282010443313,3480768.892185507,15.0,0.0,0.0,120000,363.89542104612957,1190.7098827250852,2276219.7411133065,10.0,15000,0.55,120000,339.40262373619726,1167.0825678717686,1409741.7817222415,10.0,35000,0.78,120000
171,-0.0073861521718229,-0.004076177840328,-0.0025202571102098,-0.002531380678297,-0.0180594740378682,-0.0025454242862535,-0.0141730344153899,-0.0021312903550703,-0.006888200328533,-0.0028952418360063,337.72004700323953,1150.6521180303275,1364929.2040884371,10.0,35000,0.78,25000,388.08672451044254,1305.586068323327,3480614.5371909924,15.0,0.0,0.0,120000,363.74781021766734,1190.800400069287,2277459.9442585874,10.0,15000,0.55,120000,339.41731465751207,1167.660260962612,1409547.341095968,10.0,35000,0.78,120000
172,-0.0074394184285653,-0.0040981951983229,-0.0025673553770976,-0.0025826252412093,-0.0182200709931319,-0.002575480104368,-0.0142875614561196,-0.0021645653200461,-0.0069349162979422,-0.0029451968912901,337.69141740960305,1152.0977709377557,1364678.7517164545,10.0,35000,0.78,25000,388.19695784228986,1306.7756872656175,3480952.226098716,15.0,0.0,0.0,120000,363.9019534039362,1190.1692111743087,2274903.668154367,10.0,15000,0.55,120000,339.3787232243096,1167.0025053726652,1411061.6872534344,10.0,35000,0.78,120000
173,-0.0075023320194376,-0.0041343037904144,-0.002591798977521,-0.0026269827341949,-0.0183823573852423,-0.0025991421405039,-0.0144312450154932,-0.0022297338067679,-0.0070675209410601,-0.0029713868669721,337.8256542365212,1151.6987075900868,1364345.0142920953,10.0,35000,0.78,25000,388.25624228158864,1306.5140611706295,3481765.184165923,15.0,0.0,0.0,120000,363.82228642941874,1191.715981736467,2277493.6765154996,10.0,15000,0.55,120000,339.37262208855367,1168.3345470010674,1409565.4760385228,10.0,35000,0.78,120000
174,-0.0075929182060334,-0.0041783876013902,-0.0026462204384367,-0.0026359895260965,-0.01854810693463,-0.0026478707291094,-0.0145493315639094,-0.0022721670858215,-0.0071262365818878,-0.0030075299628333,337.8431163234059,1152.4895764036287,1364616.5344130108,10.0,35000,0.78,25000,388.2374393664204,1307.5675846807103,3481457.9392388724,15.0,0.0,0.0,120000,363.75291668598044,1191.7137928267266,2274203.326172213,10.0,15000,0.55,120000,339.50614430036194,1168.9295891549023,1409272.1144047691,10.0,35000,0.78,120000
175,-0.0076555631160125,-0.0042502864851151,-0.0026800539106129,-0.0026890694160376,-0.0187402686186418,-0.0027189676838225,-0.0146618654624138,-0.0023132712127578,-0.0072042096308518,-0.003040882902599,337.9133006044047,1152.3107734733676,1364310.9813927757,10.0,35000,0.78,25000,388.23632851148864,1308.134281296344,3482079.8132120105,15.0,0.0,0.0,120000,363.90143529927315,1191.6439833140344,2273101.358091119,10.0,15000,0.55,120000,339.49828954166526,1168.3888563144408,1407900.5850709795,10.0,35000,0.78,120000
176,-0.0077376702127319,-0.0042717509939448,-0.0026956141565668,-0.0027095872705126,-0.0189184513626271,-0.0027281535391573,-0.0148101247498444,-0.0023439938724608,-0.0072705056214567,-0.0030635646174172,337.9248510893279,1153.7806925608072,1363991.7051143057,10.0,35000,0.78,25000,388.23646171990015,1308.7439585242912,3480096.466331463,15.0,0.0,0.0,120000,363.8371587387798,1192.8166156478658,2276005.0920477044,10.0,15000,0.55,120000,339.44526832739894,1169.5107748204807,1410877.0626434668,10.0,35000,0.78,120000
177,-0.0078082534272729,-0.004338441986368,-0.0027040137990894,-0.0027205207718376,-0.01909792076268,-0.0027636390872806,-0.0149813952520908,-0.0023568187636315,-0.0073233581094068,-0.0030749933970008,337.9694375839274,1153.588380572117,1364105.6513118274,10.0,35000,0.78,25000,388.22872196375044,1306.6923731749712,3479109.4559847917,15.0,0.0,0.0,120000,363.91994387317703,1193.6887687261226,2274810.7615626724,10.0,15000,0.55,120000,339.4023853370068,1168.5982890678802,1409330.9703629396,10.0,35000,0.78,120000
178,-0.00787067254332,-0.0043806321151843,-0.0027107096252916,-0.0027398599114168,-0.0193417771624943,-0.0027915352186829,-0.0151199535321949,-0.0023681687010218,-0.0074068872608541,-0.0030982429343997,337.97311270449654,1153.880662038166,1363742.7584931639,10.0,35000,0.78,25000,388.33220760270694,1309.7879121268916,3479863.834690399,15.0,0.0,0.0,120000,363.89549476102104,1193.723239414247,2272926.3595578107,10.0,15000,0.55,120000,339.4642919432256,1170.3591738816958,1408121.4154405484,10.0,35000,0.78,120000
179,-0.0079567192589075,-0.0044653798809652,-0.0027670364565967,-0.0027651571038243,-0.0195068632499477,-0.0028412287958317,-0.0152557117463368,-0.0023749448342054,-0.007454097442626,-0.0031180486083841,338.0608305800626,1154.803384543247,1363749.980294262,10.0,35000,0.78,25000,388.40348775280086,1309.4837157697714,3477573.9833285315,15.0,0.0,0.0,120000,363.8919673201701,1193.05803851213,2273199.2402834687,10.0,15000,0.55,120000,339.412413831453,1169.9781132221917,1408601.6660496122,10.0,35000,0.78,120000
180,-0.0080641918068385,-0.0045005819566434,-0.0027912735843328,-0.0028194501675974,-0.0196844664594626,-0.002871338724887,-0.015369079983163,-0.0024016839559321,-0.007510933656761,-0.0031273902253838,337.9207994714894,1154.7535194877785,1362782.9327548756,10.0,35000,0.78,25000,388.2599225855913,1310.241894111824,3477870.161685744,15.0,0.0,0.0,120000,364.00125435767586,1193.6737079630675,2273808.3261973457,10.0,15000,0.55,120000,339.6024425754145,1171.7107679337823,1407450.407552436,10.0,35000,0.78,120000
181,-0.0081423007872486,-0.0045462223271338,-0.0028168977525102,-0.0028390512302917,-0.0198342515145695,-0.0029273208863264,-0.0154988534537633,-0.0024141032288221,-0.007577739888631,-0.0031565194513141,337.98595387907693,1154.8209588536765,1363607.8135975902,10.0,35000,0.78,25000,388.32888609931337,1309.9031603342596,3475028.910602012,15.0,0.0,0.0,120000,363.96286056536746,1194.6465312723449,2273059.6262135063,10.0,15000,0.55,120000,339.4902672113799,1171.4437595788704,1406456.4529110603,10.0,35000,0.78,120000
182,-0.0082184313489758,-0.0046098907968231,-0.0028285460503387,-0.0028727664460672,-0.0199980875152923,-0.0029371843301495,-0.0156457435544765,-0.0024298918926102,-0.0076657075014006,-0.0032310061848056,337.9992397345112,1156.1102248403952,1363074.861522362,10.0,35000,0.78,25000,388.3803203885017,1310.8469525049106,3474839.578901005,15.0,0.0,0.0,120000,363.9366716684947,1194.2500519682733,2272204.6990809618,10.0,15000,0.55,120000,339.57397328338135,1171.8434131392494,1407397.611909895,10.0,35000,0.78,120000
183,-0.0083116113105908,-0.0046464186050239,-0.0028834981757834,-0.0028810444503075,-0.0201665172199108,-0.00295110657617,-0.0157762652418843,-0.0024374248991199,-0.0077368718726849,-0.0032395938375324,338.0292987085463,1155.9009541991152,1362714.144881068,10.0,35000,0.78,25000,388.33589476262404,1311.5444212311902,3474897.547451025,15.0,0.0,0.0,120000,364.0237504147269,1195.6132449874071,2269252.0745412884,10.0,15000,0.55,120000,339.5174413128619,1171.1481244405943,1408247.6138173253,10.0,35000,0.78,120000
184,-0.0083664261151976,-0.0047333282369325,-0.0029049081691006,-0.0029223060640447,-0.020333476672989,-0.0029851038769672,-0.0159128382178174,-0.0024586291593161,-0.0078076271554787,-0.0032590115256635,338.1208385944606,1155.8481169168974,1362078.5248362662,10.0,35000,0.78,25000,388.3418457393629,1311.531177027088,3474002.973084963,15.0,0.0,0.0,120000,364.02783104525446,1196.280100980434,2270323.4997409475,10.0,15000,0.55,120000,339.5334341258189,1172.0403784164841,1405553.0792608208,10.0,35000,0.78,120000
185,-0.0084429749062917,-0.0047593344641554,-0.0029140860686076,-0.0029574072737292,-0.0205013440273514,-0.0030202385434985,-0.0160379803492466,-0.0024779495315625,-0.0078774312730507,-0.0032725292724162,338.0314716407755,1156.3720118657538,1362648.1192485893,10.0,35000,0.78,25000,388.40486497327913,1312.5435875942885,3475992.88689941,15.0,0.0,0.0,120000,363.9873463618685,1195.7577351683108,2269298.2059955597,10.0,15000,0.55,120000,339.7198952154758,1172.154633879985,1405704.683917349,10.0,35000,0.78,120000
186,-0.0084994623805316,-0.0047930581934908,-0.0029625863099073,-0.0029953542904879,-0.0206711716136571,-0.0030274798424442,-0.01615070189493,-0.0024807083253688,-0.0079248946183647,-0.003320355279066,338.05253041204946,1157.0432199295935,1362463.6068034326,10.0,35000,0.78,25000,388.4358801140107,1313.787536013306,3473945.531736642,15.0,0.0,0.0,120000,364.01649815974145,1196.3751194467811,2270011.8951240676,10.0,15000,0.55,120000,339.69952924564876,1173.1931532516164,1406866.0589850286,10.0,35000,0.78,120000
187,-0.0085551551412036,-0.0048180496307339,-0.0029779676354083,-0.0030096409231392,-0.0208264513789366,-0.0030342422879167,-0.0162684699050751,-0.0025034543182857,-0.0080383478704395,-0.0033782961532617,338.08983717482437,1157.3313297693194,1362259.5630308788,10.0,35000,0.78,25000,388.3286769054113,1312.4545814977394,3473846.21587013,15.0,0.0,0.0,120000,364.05917664915785,1196.9093749305325,2269721.0578095242,10.0,15000,0.55,120000,339.669049836803,1173.4662857996013,1406333.968932818,10.0,35000,0.78,120000
188,-0.0086155307772252,-0.0048723767223639,-0.003047346926755,-0.0030199766451216,-0.0210377454163395,-0.0030914326769254,-0.0164055621780807,-0.0025523425408583,-0.0081262346157309,-0.003399767217324,338.11575441080083,1158.0990373210784,1362125.2290946494,10.0,35000,0.78,25000,388.4737085938424,1313.3936474832644,3472503.7006596215,15.0,0.0,0.0,120000,364.1169163409636,1197.1381188637838,2268247.7899017725,10.0,15000,0.55,120000,339.650418388563,1173.614312570344,1404873.1207278264,10.0,35000,0.78,120000
189,-0.0086941503706137,-0.004912520127447,-0.0030728213383853,-0.0030546823385265,-0.0212293434441425,-0.0031106263475503,-0.016535894671489,-0.0026199911773667,-0.0081760295554284,-0.0034411194206654,338.1210783840088,1158.432728005663,1361862.741953106,10.0,35000,0.78,25000,388.4992581447373,1315.0353058459211,3471206.8024910362,15.0,0.0,0.0,120000,364.07932345282677,1197.9164961580266,2270618.299508382,10.0,15000,0.55,120000,339.7485662413296,1173.9811223110542,1404826.5018064643,10.0,35000,0.78,120000
190,-0.0087506298214827,-0.0049605733074087,-0.0030899596173418,-0.0030649754955511,-0.0214470264879977,-0.0031526707432885,-0.0166698928200929,-0.0026522005023483,-0.0082416057891843,-0.0034675750377424,338.17320553409866,1158.8119312246658,1361813.0959933663,10.0,35000,0.78,25000,388.5117860054576,1315.3264603591663,3469781.950275388,15.0,0.0,0.0,120000,364.1114233643147,1199.2482049829355,2267690.439261761,10.0,15000,0.55,120000,339.7431303465453,1173.3761912880366,1404575.1540374556,10.0,35000,0.78,120000
191,-0.0088400510651406,-0.0050316934764615,-0.0031347058540042,-0.0030766641123344,-0.0216039165005914,-0.003188015459557,-0.0168054667932693,-0.0026990771864995,-0.0083195895055561,-0.0035046276882461,338.3094925868216,1159.0319370188943,1360949.144253598,10.0,35000,0.78,25000,388.45009867563596,1315.5311290724082,3471623.2654497693,15.0,0.0,0.0,120000,363.9720855971994,1198.8853617327013,2269008.6831241585,10.0,15000,0.55,120000,339.76153479966354,1173.6839318230932,1404528.9325312646,10.0,35000,0.78,120000
192,-0.0089417074344453,-0.0050808944005966,-0.0031546272824333,-0.0031008009841227,-0.0217588014461476,-0.0031921127001618,-0.0169582452780536,-0.0026998481944323,-0.0083944898675827,-0.0035190763600458,338.23221159246265,1159.0353777684477,1361007.4815806444,10.0,35000,0.78,25000,388.5783885884684,1316.0475749327043,3471794.176509248,15.0,0.0,0.0,120000,364.1509733367881,1199.7350286651606,2267770.9630776555,10.0,15000,0.55,120000,339.6854668695982,1174.6989457640036,1404309.084328439,10.0,35000,0.78,120000
193,-0.0090351499137949,-0.0051461015503792,-0.0031842596911246,-0.0031311844492319,-0.0219070684890102,-0.0032243225148443,-0.0170890786850355,-0.0027045499800104,-0.0084581365054692,-0.0035614290618916,338.25341019934143,1159.4132062925355,1360855.3125138981,10.0,35000,0.78,25000,388.53210569132574,1315.7693901034143,3472065.1333146114,15.0,0.0,0.0,120000,364.0633295959818,1200.063933324953,2264515.2178895217,10.0,15000,0.55,120000,339.7066457121181,1175.43742001169,1403715.4345192122,10.0,35000,0.78,120000
194,-0.0091051698377591,-0.0051686677428991,-0.0032060064328866,-0.0031805440083609,-0.0220741554871972,-0.0032764159994064,-0.0172335850428475,-0.0027174069067073,-0.0085094129562403,-0.0035993228258469,338.1967816162289,1160.810384447196,1361428.396399924,10.0,35000,0.78,25000,388.47544925459755,1316.9846033595654,3468139.706345253,15.0,0.0,0.0,120000,364.240318706526,1199.32429317493,2266448.9213449163,10.0,15000,0.55,120000,339.8149841180899,1175.013424993738,1403311.676866313,10.0,35000,0.78,120000
195,-0.0091909602383263,-0.0052082973355639,-0.0032150678273906,-0.0031877128442922,-0.0222780387680352,-0.0033171699758932,-0.0173756981269441,-0.0027460936964707,-0.0085681748465896,-0.0036176696222689,338.2630118691834,1160.6237838439731,1361172.7693897174,10.0,35000,0.78,25000,388.6444713224074,1315.796133982797,3468192.4276349572,15.0,0.0,0.0,120000,364.2028791626677,1200.7399071482141,2265424.596551454,10.0,15000,0.55,120000,339.80134179363773,1175.9519082595602,1404045.3126087526,10.0,35000,0.78,120000
196,-0.009284284537977,-0.0052536386406572,-0.0032388372150991,-0.0032042871393697,-0.0224779120263591,-0.0033803897567259,-0.0174936162099004,-0.0027670858680605,-0.0086562024082923,-0.0036618497880707,338.35844700069674,1161.1882933459426,1359867.7632763206,10.0,35000,0.78,25000,388.550471004828,1317.03000907882,3467328.4953576573,15.0,0.0,0.0,120000,364.3018393278771,1201.2700264951602,2266420.6467724866,10.0,15000,0.55,120000,339.87859768104363,1176.8372828125823,1402769.241709162,10.0,35000,0.78,120000
197,-0.0093536400594622,-0.0052786390451971,-0.0032779446301475,-0.00326207669638,-0.0226342180369659,-0.0034047545898469,-0.0176193742150355,-0.0027857555332827,-0.0087383818922103,-0.003672611454304,338.3666840551298,1161.1692008045657,1360308.490760252,10.0,35000,0.78,25000,388.6591873286741,1317.2475716873444,3469715.4411156215,15.0,0.0,0.0,120000,364.2207829823658,1201.9541969203253,2266080.9250936196,10.0,15000,0.55,120000,339.8998481338074,1176.3939329987343,1402808.806003693,10.0,35000,0.78,120000
198,-0.0094183372183623,-0.0053225159990942,-0.0032869407088816,-0.0032733248830502,-0.0228205968291443,-0.0034369354342451,-0.0177547374740859,-0.0027918084593259,-0.0087933124214708,-0.0036872732060003,338.36762198632624,1161.3977562622492,1359593.0447239268,10.0,35000,0.78,25000,388.59895805711943,1319.006813219457,3466045.016124869,15.0,0.0,0.0,120000,364.23752415096976,1201.741571362412,2265188.785373748,10.0,15000,0.55,120000,339.94901572124206,1176.8840370074781,1403704.7779525605,10.0,35000,0.78,120000
199,-0.0094789981980086,-0.0053446538915928,-0.0033174609213517,-0.0033663658636717,-0.0229728565212885,-0.003487927601389,-0.0179196158783488,-0.0027956936439909,-0.0088721370268573,-0.0037233060498122,338.45716217613966,1162.285170502988,1359891.6361362657,10.0,35000,0.78,25000,388.60496385773763,1319.0858056903353,3464216.015570608,15.0,0.0,0.0,120000,364.24195594078657,1202.897337062127,2264150.811636263,10.0,15000,0.55,120000,340.0209229100245,1177.1300590325409,1402791.814639994,10.0,35000,0.78,120000
200,-0.0095295788918824,-0.0053933369347984,-0.0033676260652926,-0.0034433243884453,-0.0231284885068865,-0.0035117317049071,-0.018056975764218,-0.0028304063533202,-0.0089332120939558,-0.0037306635064358,338.45004380267517,1162.391723257096,1359876.379755693,10.0,35000,0.78,25000,388.6006017668716,1319.5778345606695,3463864.4457679405,15.0,0.0,0.0,120000,364.28145138203524,1201.8864220180203,2264057.782939292,10.0,15000,0.55,120000,340.0108332941609,1176.77892487764,1402515.5387153227,10.0,35000,0.78,120000
201,-0.0096493102681942,-0.0054399244908836,-0.0034155593236321,-0.0034738628595712,-0.0232777327075908,-0.0035611268740573,-0.0182050593295926,-0.0028364242809946,-0.008983866671113,-0.0037531912608521,338.5105354247216,1162.694745156311,1359291.2760505527,10.0,35000,0.78,25000,388.7986306314094,1320.3711161629203,3466891.3790461468,15.0,0.0,0.0,120000,364.3235123022428,1203.4661420994819,2264018.9176332797,10.0,15000,0.55,120000,340.0201377315906,1177.5102964907628,1401417.5437600196,10.0,35000,0.78,120000
202,-0.0097334939777287,-0.0054782763895721,-0.003462297226059,-0.0034852370387963,-0.0234329566387103,-0.0036280759808435,-0.0183766079548833,-0.0028421310847581,-0.0090328928298232,-0.0038024745820249,338.523553612048,1163.7998691578027,1359160.1186644225,10.0,35000,0.78,25000,388.7720969691332,1320.3414694612675,3463906.277184852,15.0,0.0,0.0,120000,364.324847405435,1203.6039558397533,2263584.110118759,10.0,15000,0.55,120000,339.9732687147578,1178.7538918888486,1402153.7111434105,10.0,35000,0.78,120000
203,-0.0098348633603793,-0.0055428922155367,-0.0034825910008406,-0.003552698126668,-0.023589390628698,-0.0036403537084905,-0.0185333990486404,-0.0028578852563292,-0.009087736668592,-0.003873219407083,338.47668727647925,1164.7776549226285,1359283.118126438,10.0,35000,0.78,25000,388.75359570648664,1320.2719773075087,3464864.950040336,15.0,0.0,0.0,120000,364.29570632345946,1203.5467279310697,2262112.568780263,10.0,15000,0.55,120000,340.0827719345907,1179.4762137095277,1400398.3348341198,10.0,35000,0.78,120000
204,-0.0099187557701314,-0.0055843906432248,-0.0034950163131281,-0.0035695569153954,-0.0237533925019816,-0.0036591184674125,-0.0186860183002736,-0.0028794869808838,-0.0091644850277898,-0.0038916876468269,338.56604212409894,1164.6748586670533,1358758.654452328,10.0,35000,0.78,25000,388.7528364642444,1320.5490206187003,3463433.303723135,15.0,0.0,0.0,120000,364.3698105397048,1204.266243442284,2260701.4039722197,10.0,15000,0.55,120000,340.0076247143928,1178.646577693015,1398798.8690605466,10.0,35000,0.78,120000
205,-0.0100013709826453,-0.0056537918720007,-0.0035058340685382,-0.0036587430526889,-0.0239032527465659,-0.003688669828255,-0.0188418967235221,-0.0029287393314438,-0.0092251431725544,-0.0039118774243296,338.5868114020048,1164.0821882157027,1358828.5192225769,10.0,35000,0.78,25000,388.83376006128765,1322.4225960499564,3460577.2987261526,15.0,0.0,0.0,120000,364.3642193246782,1204.855210522949,2260396.819012406,10.0,15000,0.55,120000,340.1759767607937,1178.6969729694197,1400253.9740967853,10.0,35000,0.78,120000
206,-0.0100617806507471,-0.0056894672119366,-0.0035415929673274,-0.0037077122627121,-0.0240909328672648,-0.0036980224167413,-0.0189770414221023,-0.0029462532727557,-0.0092721025010669,-0.0039571443012406,338.56954798894543,1164.53829309945,1359050.6273214195,10.0,35000,0.78,25000,388.8347648282982,1323.1809421719004,3461132.4586372543,15.0,0.0,0.0,120000,364.3878193590168,1204.3223425329566,2259721.433063122,10.0,15000,0.55,120000,340.114191196156,1179.3894533761606,1401017.0066545166,10.0,35000,0.78,120000
207,-0.0101603439636667,-0.0057304776328713,-0.003555662255832,-0.0037662632682957,-0.0242806862470552,-0.0037221819682026,-0.0191093641162329,-0.0029563687066453,-0.0093491846774979,-0.0039677113179654,338.68585217770544,1165.5108952080777,1358212.2313905037,10.0,35000,0.78,25000,388.9169026164088,1322.4263276017427,3459229.2253340795,15.0,0.0,0.0,120000,364.3612575826948,1206.4719458211189,2260212.976521481,10.0,15000,0.55,120000,340.08073118102783,1180.7014543285661,1400062.1026927477,10.0,35000,0.78,120000
208,-0.0102294268184157,-0.0057833699145393,-0.0035844121367633,-0.003773078506171,-0.0244293667777939,-0.0037287493715487,-0.0192270141599674,-0.0029673123944701,-0.0094138235190003,-0.0040274653250045,338.5925171068155,1165.2520479691789,1357540.2965512846,10.0,35000,0.78,25000,388.77953666115883,1323.1748781017989,3460167.582192939,15.0,0.0,0.0,120000,364.4508161023534,1205.5742966875775,2258107.938254984,10.0,15000,0.55,120000,340.2232342654863,1181.3008695405583,1397716.590500699,10.0,35000,0.78,120000
209,-0.0103124819951224,-0.0058453777474025,-0.0035945746236915,-0.0038105579196247,-0.0246471603554245,-0.0037641821821369,-0.0193772127998906,-0.0030113567928108,-0.0094670512691409,-0.0040494398196718,338.67942565906753,1165.9614982084747,1358133.5239770927,10.0,35000,0.78,25000,388.8269813399388,1324.4670808880574,3457718.0398924924,15.0,0.0,0.0,120000,364.4774976812055,1205.3198614989562,2258631.2334448053,10.0,15000,0.55,120000,340.2152933878541,1180.7034677592833,1400589.9821436587,10.0,35000,0.78,120000
210,-0.0103665687703629,-0.0058903188317834,-0.0036025121396198,-0.0038431947589067,-0.0248378074449471,-0.0037987658519767,-0.0195344098030955,-0.0030821988462882,-0.0095315498429871,-0.0040585533333576,338.70462285583386,1167.2319090052135,1358102.087817026,10.0,35000,0.78,25000,388.82497478460425,1324.4742015636266,3457912.511429513,15.0,0.0,0.0,120000,364.3796968215093,1208.515165179946,2258055.053220935,10.0,15000,0.55,120000,340.13828726922446,1181.2866555317985,1400297.3223596315,10.0,35000,0.78,120000
211,-0.0104290319538333,-0.0059310281056587,-0.0036668840686372,-0.0039131734317063,-0.0249895724949749,-0.0038147965630712,-0.0196747815852504,-0.0031010778939119,-0.0096007781181196,-0.0040880826992291,338.7381332420756,1167.5755895252764,1357585.1673923929,10.0,35000,0.78,25000,388.84422447611985,1325.1621862882998,3457389.4847577396,15.0,0.0,0.0,120000,364.42795326227065,1207.1557043479063,2258018.6073096455,10.0,15000,0.55,120000,340.1708803935816,1181.3160472952497,1397947.789071859,10.0,35000,0.78,120000
212,-0.0104988446802395,-0.0059860137523024,-0.0036985513610077,-0.0039338427321221,-0.0251496057310494,-0.0038196799937283,-0.0197923870008242,-0.003159580864062,-0.0096758943993493,-0.0041488171416896,338.75434239754884,1166.72603270342,1357593.0503391586,10.0,35000,0.78,25000,388.8144048951247,1325.0452144152514,3457364.9851230094,15.0,0.0,0.0,120000,364.56897947192607,1207.3192518087008,2257715.431566353,10.0,15000,0.55,120000,340.21047866259835,1182.8291919603148,1398061.8798180828,10.0,35000,0.78,120000
213,-0.0106143605871098,-0.0060432966419807,-0.0037036085073808,-0.0039464277263001,-0.0253511666368257,-0.0038807482236868,-0.0199493097850629,-0.0031691300425188,-0.0097802229096811,-0.0042021866121687,338.7867618608551,1168.2096703015172,1357708.9442164884,10.0,35000,0.78,25000,388.88072409980856,1325.8855952934412,3454029.2672501784,15.0,0.0,0.0,120000,364.45735783579215,1207.6164662166934,2257418.8892116165,10.0,15000,0.55,120000,340.21890154273234,1182.6732510057925,1396716.1325781336,10.0,35000,0.78,120000
214,-0.0106977711732751,-0.0060780490445891,-0.0037278991314124,-0.0039623169358137,-0.025527275992441,-0.0038902658287703,-0.0201444279731003,-0.0031697690717804,-0.0098968407766757,-0.0042532079546007,338.79080452315725,1168.4621996872884,1357120.1430138384,10.0,35000,0.78,25000,388.9254507277954,1325.9130302603269,3454374.7516109482,15.0,0.0,0.0,120000,364.4548562308311,1209.6442071001293,2257445.563877779,10.0,15000,0.55,120000,340.2997861659058,1182.888957814367,1397886.3568533126,10.0,35000,0.78,120000
215,-0.010773994508053,-0.0061902576930565,-0.0037428174576119,-0.0039857081283693,-0.0256885940025107,-0.0039079216025408,-0.0202875484752513,-0.0032140009466409,-0.0099631897678069,-0.0042684764734755,338.869084843091,1169.1800834011008,1357336.6650606554,10.0,35000,0.78,25000,388.9608263844133,1327.1057790623818,3454433.262713152,15.0,0.0,0.0,120000,364.53516525661297,1208.6684638335307,2254690.4731570682,10.0,15000,0.55,120000,340.3258224228961,1183.7947126738684,1397333.6202761573,10.0,35000,0.78,120000
216,-0.010854423720127,-0.0062339887631763,-0.0037945932534468,-0.0040598460347305,-0.0258551304559507,-0.0039289408755425,-0.0204082603968458,-0.0032393744589555,-0.0100194170871452,-0.0042892088477253,338.8729052319244,1169.2554669417004,1356911.6697144,10.0,35000,0.78,25000,388.9978343696399,1327.2665160696113,3454343.9763407516,15.0,0.0,0.0,120000,364.563576724917,1210.0666014157912,2255993.753846839,10.0,15000,0.55,120000,340.2612376341721,1184.3173501077379,1397646.470889303,10.0,35000,0.78,120000
217,-0.0109426886529845,-0.0063388898024725,-0.0038173665260951,-0.0040758478222536,-0.0260318800498737,-0.0039425245673681,-0.0205259412349049,-0.0032563432060864,-0.0100985922944376,-0.0043302432189873,338.8692146659045,1168.9349150598875,1357061.6839841062,10.0,35000,0.78,25000,388.9860279472858,1328.114663906543,3454949.1307015773,15.0,0.0,0.0,120000,364.6183582898941,1209.9774368862443,2254571.3728049127,10.0,15000,0.55,120000,340.3273669380742,1182.7759741144791,1397818.163393303,10.0,35000,0.78,120000
218,-0.0110188411198936,-0.0063774284884112,-0.0038311749315191,-0.0040970978203128,-0.0262040457424957,-0.0039538509382457,-0.0206595250277615,-0.0033247659479088,-0.0102026361421493,-0.0043862451492941,338.8254814732372,1170.248796370863,1356464.6928148132,10.0,35000,0.78,25000,389.007772503075,1328.7534398248413,3453213.987975831,15.0,0.0,0.0,120000,364.55142992848596,1211.2128482769422,2255781.8425098187,10.0,15000,0.55,120000,340.2808687011736,1184.4080824737023,1396922.9693423638,10.0,35000,0.78,120000
219,-0.0111310018459812,-0.0064179317302671,-0.0038931233619315,-0.0041119900401778,-0.0263719205825605,-0.003960766452007,-0.0207853190187672,-0.003374511032693,-0.0102717878559683,-0.0044166250361043,338.8626321610291,1170.1685776900888,1356558.4034067015,10.0,35000,0.78,25000,389.02091986274917,1329.0071063490204,3453911.176031238,15.0,0.0,0.0,120000,364.61559592270135,1211.1743324087151,2253276.005038775,10.0,15000,0.55,120000,340.3092217592925,1184.2569784036982,1396287.3463623405,10.0,35000,0.78,120000
220,-0.0112067206618325,-0.0064732868323234,-0.0039262156955915,-0.0041356760806393,-0.026562943117018,-0.003974202289008,-0.0209363125164384,-0.0033801286361617,-0.0103594819068775,-0.0044245326837277,338.9798751474044,1171.0894723273423,1355994.7223087465,10.0,35000,0.78,25000,389.0309807862361,1327.9336871005687,3452441.209547301,15.0,0.0,0.0,120000,364.66566737843516,1211.3115681610718,2251152.9953153855,10.0,15000,0.55,120000,340.4355739425645,1186.408970350911,1396315.9601013833,10.0,35000,0.78,120000
221,-0.0112659376165586,-0.00651895924212,-0.0039469095095774,-0.0042011635312939,-0.0267803672009925,-0.0039782064098489,-0.0211213830196358,-0.0033933954492078,-0.0104074615054409,-0.0044452563784189,338.9299768216398,1171.2177854621523,1356156.0191496054,10.0,35000,0.78,25000,389.04633218621615,1330.4170468777188,3451436.087906857,15.0,0.0,0.0,120000,364.6156483889994,1212.273973132141,2254179.325851301,10.0,15000,0.55,120000,340.37273628114974,1185.73210364722,1395675.490772162,10.0,35000,0.78,120000
222,-0.0113161145880708,-0.0065538953906421,-0.0039701469112738,-0.0042183397798008,-0.0269793436016394,-0.0040259934837004,-0.0212504042336683,-0.0034201793363291,-0.0104701739590945,-0.0044654240276775,338.96368585042507,1171.0125971619282,1356143.077209872,10.0,35000,0.78,25000,389.049427507676,1329.6250444939026,3450884.1427972736,15.0,0.0,0.0,120000,364.66528136967713,1213.8372142012572,2253294.5660115136,10.0,15000,0.55,120000,340.441956295554,1186.3416382908647,1392856.5670957684,10.0,35000,0.78,120000
223,-0.0113985896017282,-0.0065993863098517,-0.0039774282445745,-0.0042298974613885,-0.0271363371658439,-0.0040911974104358,-0.0213698878469854,-0.0034456020664295,-0.0105451367271176,-0.0045007018852929,339.054604235457,1172.092987219301,1355639.2411036587,10.0,35000,0.78,25000,389.13264780403705,1330.6291017487108,3451119.034490024,15.0,0.0,0.0,120000,364.688758590642,1213.1211903765175,2252672.8881222615,10.0,15000,0.55,120000,340.39130646974314,1186.6054598831502,1395017.7883259698,10.0,35000,0.78,120000
224,-0.0114509781880853,-0.0066296457134378,-0.0039963750150058,-0.0042584809452045,-0.027288703840602,-0.0041040606883756,-0.0215419540841581,-0.0034781538733245,-0.010634085406759,-0.0045246701297592,339.1206115475567,1172.9691508719866,1355626.6330469055,10.0,35000,0.78,25000,389.2092960053836,1330.8995629918425,3450629.081041736,15.0,0.0,0.0,120000,364.7422498408454,1214.2412082602182,2252639.534327638,10.0,15000,0.55,120000,340.4721494203986,1187.2297402795375,1394120.0036940353,10.0,35000,0.78,120000
225,-0.0115100005129722,-0.0066507303164295,-0.0040491447355216,-0.0042831581960756,-0.0274471279157325,-0.0041302604398435,-0.0216568497453225,-0.0034934908397557,-0.0106942551900981,-0.0046254359550653,339.04012221930304,1172.6676719088978,1354900.5462640773,10.0,35000,0.78,25000,389.139166906196,1331.4787585245479,3449831.5898993458,15.0,0.0,0.0,120000,364.6732729086702,1213.428017894064,2251557.6978863287,10.0,15000,0.55,120000,340.3594377852333,1187.6366001511938,1395677.8968413451,10.0,35000,0.78,120000
226,-0.0115796788895084,-0.0066956741859335,-0.0040575225470843,-0.0043324605672268,-0.0276276198462393,-0.0041393470020532,-0.0218065797481433,-0.0035299734862706,-0.0107637680953603,-0.0046511388302247,339.03332540174233,1172.910067232281,1355682.3212634283,10.0,35000,0.78,25000,389.19385550628755,1332.2444169958683,3448107.602748597,15.0,0.0,0.0,120000,364.70110995925296,1214.8625219190922,2252439.2003511703,10.0,15000,0.55,120000,340.45622423479546,1187.5692388654736,1394644.7006241095,10.0,35000,0.78,120000
227,-0.0116845919504522,-0.0067379692467287,-0.0041084754900576,-0.0043500973074825,-0.0277790792527028,-0.0041556225699317,-0.0219459000015156,-0.0035763327011736,-0.0108096715604308,-0.0046581507161758,339.12039391653684,1173.8893716757627,1355844.0579823616,10.0,35000,0.78,25000,389.21219067694835,1331.5959963376135,3448287.942274694,15.0,0.0,0.0,120000,364.7136981970064,1214.6377858674732,2250534.04414536,10.0,15000,0.55,120000,340.63516047897133,1187.3575624187474,1394091.5171935423,10.0,35000,0.78,120000
228,-0.0117678716879577,-0.0068253714944807,-0.0041510389184834,-0.0044062967004741,-0.0279322297474224,-0.0041607026283462,-0.0220697149876984,-0.0035946966867997,-0.0109146396084538,-0.0047178039356883,339.13747327399943,1175.14558695893,1354772.506546547,10.0,35000,0.78,25000,389.17383534444457,1332.2206060711583,3446565.912715626,15.0,0.0,0.0,120000,364.75006847031017,1215.8368903820751,2248365.0728886775,10.0,15000,0.55,120000,340.5646431110856,1188.45085416785,1393001.2114912996,10.0,35000,0.78,120000
229,-0.0118240288485498,-0.0068550598914598,-0.0041895824088199,-0.0044668198655386,-0.0281251879310805,-0.0042094156880789,-0.0221915087195069,-0.0036069547684189,-0.0110703314617042,-0.0047625365167911,339.1791292301821,1173.7210717493863,1355185.9955768061,10.0,35000,0.78,25000,389.2320890284224,1334.5845472925919,3445976.1670332816,15.0,0.0,0.0,120000,364.7722885512514,1216.02618746349,2250138.4981647125,10.0,15000,0.55,120000,340.65815691240715,1188.986683706145,1392351.618578562,10.0,35000,0.78,120000
230,-0.0055336510990392,-0.0031186180280503,-0.0017816707567485,-0.0018182281474932,-0.0137606896705126,-0.0017909771906407,-0.0107602235728751,-0.0015121219221375,-0.0051733169670365,-0.0021019893323574,337.1349057682976,1142.268968754707,1369586.2301498803,10.0,35000,0.78,25000,387.7136065023748,1294.8694649006002,3494953.3191634817,15.0,0.0,0.0,120000,363.4351001484332,1180.02646715855,2288241.0956570497,10.0,15000,0.55,120000,338.91389980011326,1160.6822693197469,1413671.0872133302,10.0,35000,0.78,120000
231,-0.0058096999266461,-0.0032387367272416,-0.001835298580658,-0.0018617275337088,-0.0146229985897061,-0.0018774352326362,-0.0113880289038985,-0.0015498974210122,-0.0054787171460643,-0.0021580451332435,337.2592249920151,1143.8054435294503,1368340.8881536452,10.0,35000,0.78,25000,387.7121883663506,1298.2159659174906,3495160.259591184,15.0,0.0,0.0,120000,363.51153363675047,1183.3802427902428,2283479.1976569905,10.0,15000,0.55,120000,339.0870598580457,1162.5062917229611,1415799.7493473918,10.0,35000,0.78,120000
232,-0.0059327282064458,-0.0032931736091778,-0.0018536046170147,-0.0019129325186051,-0.0150621579071427,-0.0018946075700991,-0.0117323408447094,-0.0015994729599897,-0.0056192673042349,-0.0021942760845109,337.27305881017435,1144.407532639338,1367775.4123445647,10.0,35000,0.78,25000,387.7718047449329,1298.2826098357882,3490107.4389245813,15.0,0.0,0.0,120000,363.49736840230946,1184.14294672549,2284059.141171153,10.0,15000,0.55,120000,339.0076958730221,1162.7193463977299,1413029.4168434036,10.0,35000,0.78,120000
233,-0.0060158531885748,-0.0033546047003024,-0.0018776491917245,-0.0019377571777115,-0.0152942460269442,-0.0019222082299705,-0.0119451434341417,-0.0016262351154524,-0.0057347756841593,-0.0022223793755033,337.34203812101987,1144.7470145410898,1367161.7414656177,10.0,35000,0.78,25000,387.90834684970605,1298.318109446117,3491575.8148891716,15.0,0.0,0.0,120000,363.44116522663944,1184.042245865901,2283355.2590519823,10.0,15000,0.55,120000,339.11776753864956,1161.9847335908746,1415357.5253958118,10.0,35000,0.78,120000
234,-0.0061279690636161,-0.0033896376533209,-0.0018903202307561,-0.002004763499734,-0.015501512904514,-0.0019651026321152,-0.0121155571455485,-0.0016397660685082,-0.0058427318176831,-0.002229453481908,337.4836009901946,1145.2281571842996,1368217.8460012414,10.0,35000,0.78,25000,387.88313606260033,1299.1188902087088,3490362.9345126813,15.0,0.0,0.0,120000,363.5546807179703,1184.5374996260819,2282278.749405643,10.0,15000,0.55,120000,339.1490430135194,1162.5986583748684,1412685.802663416,10.0,35000,0.78,120000
235,-0.0062280301270691,-0.00341003206183,-0.0018979821687658,-0.0020207964938739,-0.0156626664845522,-0.0020218908121903,-0.0122336377957429,-0.0016631577373053,-0.0059219529987573,-0.0023000521941747,337.3961661855879,1146.135467362719,1367900.0595796416,10.0,35000,0.78,25000,387.95883107724455,1301.0850868474445,3488844.974589875,15.0,0.0,0.0,120000,363.55235167657105,1184.1519362101471,2282323.1381624183,10.0,15000,0.55,120000,339.15754011220423,1162.800340703974,1413564.8378836997,10.0,35000,0.78,120000
236,-0.0062988856758981,-0.0034914490402155,-0.0019620706621072,-0.0020430176657212,-0.0158375686887358,-0.0020912823924009,-0.0123860589878328,-0.0016822132285786,-0.0059724458942278,-0.0023149538071882,337.45102828235395,1145.72936556393,1367983.6427217878,10.0,35000,0.78,25000,387.9297114709247,1300.5744061007692,3490135.241181886,15.0,0.0,0.0,120000,363.53072012733793,1185.3444100939214,2281829.860376563,10.0,15000,0.55,120000,339.16688069463135,1164.1629215852856,1415138.964053831,10.0,35000,0.78,120000
237,-0.0063853841110037,-0.0035131948970144,-0.0019752269832342,-0.0020733427205185,-0.0160159099277676,-0.0021390170521546,-0.0124982887097616,-0.001693357928677,-0.0060206748194755,-0.0023405725181639,337.45619521608626,1146.5710698190244,1367365.8593126587,10.0,35000,0.78,25000,388.00614863054614,1301.8360530999012,3487440.542658611,15.0,0.0,0.0,120000,363.52622808027843,1184.8209726266016,2280837.8029116574,10.0,15000,0.55,120000,339.1397948784812,1163.8636796856229,1412145.8162954936,10.0,35000,0.78,120000
238,-0.0064356079121773,-0.003555410764999,-0.0019864482282557,-0.0021025293268935,-0.0162051632990348,-0.0021660357258988,-0.0126165496315557,-0.0017459978947965,-0.0060701096027392,-0.0023478135719112,337.4999209861863,1146.610016353156,1366798.6687486107,10.0,35000,0.78,25000,387.9090384759156,1299.9339229157636,3487120.288797231,15.0,0.0,0.0,120000,363.57164509585186,1186.6663203971316,2280816.617048807,10.0,15000,0.55,120000,339.1921996676194,1164.4223645352574,1412758.2203275547,10.0,35000,0.78,120000
239,-0.0064925880546314,-0.0036098275139604,-0.0020221078700078,-0.0021693833315044,-0.0163727323435643,-0.0021855454571741,-0.0127384424543834,-0.0017861977089933,-0.0061379328780692,-0.0023965883969038,337.5626379904619,1147.2925047558988,1366565.3986028703,10.0,35000,0.78,25000,387.9788775514634,1300.4962524091393,3487886.418555303,15.0,0.0,0.0,120000,363.60068320447726,1185.6584852187723,2280279.8270407007,10.0,15000,0.55,120000,339.1649432515724,1165.4013675549934,1413096.6649867757,10.0,35000,0.78,120000
240,-0.006561518567277,-0.0036566999460268,-0.0020618132210817,-0.0022048360077801,-0.0165446384043936,-0.0022375140278895,-0.012847023875474,-0.0018364497496964,-0.0062415572693659,-0.0024300876876415,337.57966164660945,1146.9914740803442,1366460.1220487475,10.0,35000,0.78,25000,387.87695727294215,1302.2633311782845,3486097.144877499,15.0,0.0,0.0,120000,363.5726392160751,1185.6700304420576,2280453.136932712,10.0,15000,0.55,120000,339.2662489150295,1164.8630663334911,1412370.2246114374,10.0,35000,0.78,120000
241,-0.0066581062362582,-0.0036777908907771,-0.0020947314463633,-0.0022407878142197,-0.0167208989500491,-0.0022634583874892,-0.0129740860771837,-0.0018604416930786,-0.00632846197533,-0.0024639814798246,337.4918773038274,1147.7006101609063,1366299.7162103544,10.0,35000,0.78,25000,387.9658260667178,1301.6901763408089,3485398.5503179245,15.0,0.0,0.0,120000,363.6321140522744,1186.986422718808,2280019.699621128,10.0,15000,0.55,120000,339.21767582933313,1164.6637457156273,1411733.852432916,10.0,35000,0.78,120000
242,-0.0067029685579171,-0.0037539822413798,-0.0021154673233764,-0.0023063546159871,-0.0169450175551268,-0.0022827839683699,-0.0130755907788856,-0.0018844223977018,-0.0064145778235902,-0.0024788571995328,337.62814594330996,1148.6083981941044,1366691.69013141,10.0,35000,0.78,25000,387.9970229365471,1301.9813842220492,3486541.9384691906,15.0,0.0,0.0,120000,363.6393534993446,1186.9160360288631,2279215.2977253795,10.0,15000,0.55,120000,339.2533500495971,1165.5883045627686,1411347.3892074986,10.0,35000,0.78,120000
243,-0.0067870039429094,-0.0037872826174836,-0.0021335417902137,-0.002387766549258,-0.0171196414530395,-0.0023166617320301,-0.0132094126641103,-0.0019262910646174,-0.0065072982238501,-0.0025439562984808,337.5667890158052,1148.943926063969,1365701.6732076947,10.0,35000,0.78,25000,388.0411764772421,1304.237222136247,3486596.1307523604,15.0,0.0,0.0,120000,363.6674786361244,1187.8613334447173,2276950.1875388934,10.0,15000,0.55,120000,339.25234205375074,1164.9489828446794,1412182.823653587,10.0,35000,0.78,120000
244,-0.0068737366951087,-0.0038110098794409,-0.0021676330584174,-0.0023984889495938,-0.0172947021717152,-0.0023293436655431,-0.0133657529149092,-0.0019351964612296,-0.0065615836362392,-0.0025740073383806,337.5841909118437,1148.287276522262,1365966.9494661593,10.0,35000,0.78,25000,388.102408268087,1302.955081299384,3486881.2922733426,15.0,0.0,0.0,120000,363.7855999698243,1187.7746515992794,2279003.716112364,10.0,15000,0.55,120000,339.2335837899744,1165.229873988109,1410954.1186071762,10.0,35000,0.78,120000
245,-0.0069271409131555,-0.0038684532924791,-0.0021919331444625,-0.0024576050237866,-0.0174627979610889,-0.0024012852577801,-0.0135224321110235,-0.0019645303617182,-0.0066267653692706,-0.0026326686196683,337.621287535318,1149.6886432671815,1365711.3528213638,10.0,35000,0.78,25000,388.06468914026146,1304.3658129993198,3483281.7433070173,15.0,0.0,0.0,120000,363.7132829239308,1188.2987653079122,2278347.521691256,10.0,15000,0.55,120000,339.3773499651426,1165.4663118587055,1410502.6888237614,10.0,35000,0.78,120000
246,-0.0070027289380188,-0.0039114014558982,-0.0022010399390429,-0.0024890392430399,-0.0176512721090772,-0.0024346761984498,-0.0136663601773667,-0.0020037061220316,-0.0067174978706955,-0.0026740473725521,337.73892543257006,1150.0484877891406,1366045.494147088,10.0,35000,0.78,25000,388.0489704768306,1304.215583020021,3482604.58369546,15.0,0.0,0.0,120000,363.6424491866199,1189.1384185003974,2277457.205099785,10.0,15000,0.55,120000,339.35909077655384,1166.6186858683925,1410452.4250685205,10.0,35000,0.78,120000
247,-0.0070588003948442,-0.0039302660331,-0.0022284382695632,-0.0025057400909285,-0.0178571665917859,-0.002498485133299,-0.0138231414677722,-0.002039196242024,-0.0067679310819506,-0.0027057931291306,337.8011960748151,1150.4023810059432,1365512.616058206,10.0,35000,0.78,25000,388.1194723585444,1304.0966901304116,3482392.568778834,15.0,0.0,0.0,120000,363.73162089681375,1190.3391560568527,2277976.954104404,10.0,15000,0.55,120000,339.25308615940565,1166.6580038239683,1409386.5881517874,10.0,35000,0.78,120000
248,-0.007107868486015,-0.0040038901286813,-0.0022491711906025,-0.0025677878211851,-0.0180769186685554,-0.0025744637930291,-0.0139402381021933,-0.0020502878910114,-0.0068445529496052,-0.0027173334206308,337.830286267038,1149.8283157504468,1364713.4157543934,10.0,35000,0.78,25000,388.1132934826867,1304.6989129722451,3481950.8368648035,15.0,0.0,0.0,120000,363.64718538634907,1189.664614394022,2277008.8435905417,10.0,15000,0.55,120000,339.31167394360807,1166.8629441192477,1409150.6471419036,10.0,35000,0.78,120000
249,-0.0072061904705839,-0.0040807039187448,-0.0022565915882413,-0.002578480820501,-0.0182465054210956,-0.0025997747168947,-0.0140452951278119,-0.0020857398162545,-0.0068861801911801,-0.0027437574889947,337.77034700501537,1150.83836594893,1364844.1268879701,10.0,35000,0.78,25000,388.19178524671094,1306.9812886732902,3479824.138787806,15.0,0.0,0.0,120000,363.844293485073,1190.5176555292699,2275556.6344107133,10.0,15000,0.55,120000,339.3412878603324,1168.3775158428327,1410591.338452707,10.0,35000,0.78,120000
250,-0.0072835258263552,-0.0040988306658587,-0.0022758889681047,-0.0026098671773169,-0.0184245730625016,-0.0026088684704324,-0.0141606201813996,-0.0021088754069745,-0.0069329963611672,-0.0027553566057149,337.82857125625253,1151.2160253172483,1364721.8926901785,10.0,35000,0.78,25000,388.2259452632794,1306.023567437009,3481211.1260136175,15.0,0.0,0.0,120000,363.8497781182466,1189.888675594268,2275631.2922967304,10.0,15000,0.55,120000,339.40357767598084,1167.2916366668244,1410725.4384311547,10.0,35000,0.78,120000
251,-0.0074018583476702,-0.0041479772396676,-0.0023142827019763,-0.002652209334719,-0.0185956109305156,-0.0026547619625126,-0.0142771928787825,-0.0021370082128699,-0.0069902902189869,-0.002800495182535,337.72783005151683,1151.600955927193,1363962.090364092,10.0,35000,0.78,25000,388.1817183107545,1305.9106345693604,3479851.427742052,15.0,0.0,0.0,120000,363.8095075233034,1190.4214030126063,2275076.4238554696,10.0,15000,0.55,120000,339.3847937480261,1167.6999829228066,1407685.3847643535,10.0,35000,0.78,120000
252,-0.0074650829877024,-0.0041793749552282,-0.0023224583379684,-0.0027074669535583,-0.0187618817492326,-0.0027183204682937,-0.0143918181790926,-0.0021593729200153,-0.0070480717245074,-0.0028408900872774,337.8880228828261,1152.0640721140144,1364865.5120489108,10.0,35000,0.78,25000,388.23651002846174,1306.49611080292,3480778.410908004,15.0,0.0,0.0,120000,363.85827242474926,1190.5002408468185,2273825.222178651,10.0,15000,0.55,120000,339.3991065533634,1168.2009527959033,1409058.5190935864,10.0,35000,0.78,120000
253,-0.0075200050373114,-0.0042459388120029,-0.0023471305266976,-0.0027685176948108,-0.0190309995040261,-0.0027833874039094,-0.0144974620738267,-0.0021769663045793,-0.0071076153155635,-0.0028578807054642,337.8805456279268,1152.7668068248008,1363981.7707606333,10.0,35000,0.78,25000,388.18475825201546,1307.2619428899836,3478476.828367406,15.0,0.0,0.0,120000,363.84902352619696,1191.5062839863992,2274893.8608345734,10.0,15000,0.55,120000,339.49621212420334,1167.6765626440085,1406405.6197530024,10.0,35000,0.78,120000
254,-0.0076224498460415,-0.0042947239392843,-0.0023719548224667,-0.0027837422809489,-0.0192750063596577,-0.0028042367861534,-0.0146131430219513,-0.0022670108742835,-0.0071737106950391,-0.0028705627124973,337.8979613547248,1153.105707235911,1364010.1090711888,10.0,35000,0.78,25000,388.274105352728,1308.7720841707303,3479388.8082147287,15.0,0.0,0.0,120000,363.8954831873254,1192.2826211180275,2273933.3154699886,10.0,15000,0.55,120000,339.5107331688642,1168.67396198066,1406631.0677226062,10.0,35000,0.78,120000
255,-0.0077005167040825,-0.0043428083150459,-0.0023782813364364,-0.0028217901789765,-0.019476389344997,-0.0028319136030031,-0.0147520143474805,-0.0022755280769304,-0.0072474727103305,-0.0029248337581582,338.0040288257011,1152.7461329388561,1363571.8776109759,10.0,35000,0.78,25000,388.2245110027441,1307.9357244573116,3479039.637279231,15.0,0.0,0.0,120000,363.97233092108354,1192.435421402599,2274445.6857419177,10.0,15000,0.55,120000,339.46862132651404,1168.4582416574162,1409206.5075388248,10.0,35000,0.78,120000
256,-0.0077680264406922,-0.0044090584390746,-0.0023938397266808,-0.0028482119943185,-0.0196601117027664,-0.0028768934347414,-0.0148766975668554,-0.0023168939082622,-0.0073065409470147,-0.0029409026397823,337.9468962548439,1153.5805046641196,1363483.448819098,10.0,35000,0.78,25000,388.23672984911815,1308.037807595497,3475804.071221122,15.0,0.0,0.0,120000,363.8742778210002,1192.861282169627,2274108.348209862,10.0,15000,0.55,120000,339.53100841483956,1169.1068022242741,1408253.0581290366,10.0,35000,0.78,120000
257,-0.0078195855348994,-0.004429700491509,-0.0024045547475591,-0.0028652827805992,-0.0198612015161906,-0.0029066695436537,-0.0150015665808179,-0.0023578707877465,-0.0073507927419178,-0.0030102585546883,337.9996518186838,1153.7993030900857,1362641.494297676,10.0,35000,0.78,25000,388.41512352106673,1309.1931932187103,3476158.29385591,15.0,0.0,0.0,120000,363.90953438372077,1193.9495370880795,2271416.1476057144,10.0,15000,0.55,120000,339.48224079038926,1170.3188546776028,1407859.751201099,10.0,35000,0.78,120000
258,-0.0078643128231407,-0.0044755844908536,-0.0024240479056105,-0.0029187099184275,-0.0200417199940595,-0.0029286452744824,-0.0151336025168574,-0.0023684270290456,-0.0074348558293749,-0.0030562986670461,337.9860744513574,1154.552693172215,1363698.6451326483,10.0,35000,0.78,25000,388.2872809437666,1309.081013027478,3476435.315170103,15.0,0.0,0.0,120000,363.8662452368662,1194.3080256412363,2270092.9800396175,10.0,15000,0.55,120000,339.5024301725224,1170.5183094038603,1405448.9491263225,10.0,35000,0.78,120000
259,-0.0079347095086603,-0.004519718351387,-0.0024805988172213,-0.0029997917708071,-0.0202272521368119,-0.0029625167692603,-0.0152738593138654,-0.0024069042293647,-0.0074807553840003,-0.0031024536375944,338.0409519647564,1154.6481434275447,1363592.6426264232,10.0,35000,0.78,25000,388.37760444037343,1310.0190381719126,3475080.093008302,15.0,0.0,0.0,120000,364.0137214403101,1194.6298785678628,2271648.695667928,10.0,15000,0.55,120000,339.5882842487605,1169.9848825940562,1405958.267774013,10.0,35000,0.78,120000
260,-0.0080353994348921,-0.0045637459205478,-0.0025063765021327,-0.0030026843540924,-0.020421358128913,-0.0030701095807008,-0.0154014361966359,-0.0024165577351905,-0.0075321462603474,-0.0031537416630462,338.05261425313887,1156.4074603837475,1362792.6289539852,10.0,35000,0.78,25000,388.3343030967716,1309.9298334132686,3472676.8978268327,15.0,0.0,0.0,120000,364.0406592440215,1194.6679246482595,2270228.4495258136,10.0,15000,0.55,120000,339.62946442925954,1170.4255170687115,1405074.2647760785,10.0,35000,0.78,120000
261,-0.0081370158169895,-0.004607401172717,-0.0025162354694819,-0.003042550371361,-0.0206274923899167,-0.0030835838294345,-0.0155304218678928,-0.0024334340571515,-0.0075901189966662,-0.0032334425675789,338.16824111845466,1155.4531234311826,1362693.1266079205,10.0,35000,0.78,25000,388.3803076125093,1311.7767041806785,3473857.5369304456,15.0,0.0,0.0,120000,363.93718858523556,1195.218789493975,2270224.0732956314,10.0,15000,0.55,120000,339.62870479925755,1171.6877578708334,1405055.6033588648,10.0,35000,0.78,120000
262,-0.0082462870451347,-0.0046500987141005,-0.0025418450422642,-0.0030794101289825,-0.0208928343571888,-0.0031001075044597,-0.0156814989507094,-0.0024937358427124,-0.0076916772301017,-0.0032655505090954,338.08618735904054,1156.2802258276874,1362409.0584444408,10.0,35000,0.78,25000,388.40284031013744,1312.09276272161,3472022.154612467,15.0,0.0,0.0,120000,364.02772895995054,1196.3888397049793,2269202.892049576,10.0,15000,0.55,120000,339.76672540049447,1171.1686405614248,1405738.078635406,10.0,35000,0.78,120000
263,-0.0083197864329101,-0.0046997214727289,-0.0026012119810451,-0.0030997013656385,-0.0210727702657338,-0.0031222263744175,-0.0157997668452965,-0.0025157712992638,-0.0077540361191362,-0.0032881980646555,338.2448607157372,1156.6726324159195,1362291.525486834,10.0,35000,0.78,25000,388.48308779892625,1311.7895681163232,3472024.3191136336,15.0,0.0,0.0,120000,364.0305543092014,1196.3745101341194,2269293.8584791576,10.0,15000,0.55,120000,339.65994770695374,1171.7034950875102,1404449.4206953924,10.0,35000,0.78,120000
264,-0.0083729240145204,-0.0047202154639756,-0.0026144395331819,-0.0031322435898351,-0.0212715033605508,-0.00313340607262,-0.0159443001830597,-0.0025706005082935,-0.0078534152411392,-0.0033009316481501,338.2635204208668,1156.8690783862266,1363178.5049347547,10.0,35000,0.78,25000,388.46785456012805,1313.4278223099034,3471553.0563787194,15.0,0.0,0.0,120000,364.08487941853105,1197.5523227041685,2268815.4708334426,10.0,15000,0.55,120000,339.7008560862822,1171.1705281683348,1405291.774233186,10.0,35000,0.78,120000
265,-0.0084214985355467,-0.004823805083571,-0.002661470729035,-0.0031505873488613,-0.0214579307079388,-0.0031488031727801,-0.0160654326404566,-0.0026136334996827,-0.0079063578216375,-0.0033388696859139,338.2167081339088,1156.7638794065826,1362765.4481162583,10.0,35000,0.78,25000,388.4286497579228,1312.6035209671677,3472957.9594577705,15.0,0.0,0.0,120000,364.0674442624145,1197.9670983597007,2267661.4894730984,10.0,15000,0.55,120000,339.726982309212,1173.331257039052,1405534.1934633187,10.0,35000,0.78,120000
266,-0.0084988796626181,-0.0048649824460695,-0.0026952808964657,-0.0031898412248065,-0.0216943769546199,-0.0031581845162303,-0.016194419034976,-0.0026246268252886,-0.0079559857850165,-0.0033521470230014,338.180682982264,1159.3087009399758,1361656.1577267153,10.0,35000,0.78,25000,388.4996838039238,1312.904090166996,3470496.4558353527,15.0,0.0,0.0,120000,364.09369770046976,1198.4218072161034,2267830.584432335,10.0,15000,0.55,120000,339.6694658807156,1173.2204530021452,1404218.2567392914,10.0,35000,0.78,120000
267,-0.0085969499205985,-0.0049424379395421,-0.0027109076798084,-0.0031934400206348,-0.0218865982306512,-0.003191636049037,-0.016339027593806,-0.0026633884097838,-0.0080503459688678,-0.0033832816216765,338.2803588481613,1157.7558681400847,1361384.2593338352,10.0,35000,0.78,25000,388.4736939771483,1314.493949099288,3471001.496746534,15.0,0.0,0.0,120000,364.07769323837095,1198.8354487253193,2267360.656579118,10.0,15000,0.55,120000,339.811322465707,1173.019613228653,1404764.8480757335,10.0,35000,0.78,120000
268,-0.0086830633155134,-0.0049681920315608,-0.0027342270697799,-0.0032269182133503,-0.0220638215023768,-0.0032227857779584,-0.0164516972185677,-0.0026734258838282,-0.0080916529651744,-0.0034221342432492,338.25241397016595,1158.7504814730958,1361751.2724876092,10.0,35000,0.78,25000,388.4661961899287,1313.94240732212,3469340.8857097356,15.0,0.0,0.0,120000,364.12647378020097,1199.0934047155824,2266005.333407879,10.0,15000,0.55,120000,339.744908738679,1173.695347231394,1402956.557792794,10.0,35000,0.78,120000
269,-0.0087390083365803,-0.0050148662988472,-0.0027572271198283,-0.0032493616177581,-0.0222533293122782,-0.0032698861192021,-0.0165553980114913,-0.002721433113893,-0.0081674835667099,-0.0034299605267001,338.3311109912625,1158.6141164914982,1361138.0814319258,10.0,35000,0.78,25000,388.55811162085286,1315.9242516026927,3470844.038943181,15.0,0.0,0.0,120000,364.0634071709652,1198.4149511217067,2267040.214229707,10.0,15000,0.55,120000,339.8146458771443,1173.8763393192569,1404498.417902556,10.0,35000,0.78,120000
270,-0.0087871693003283,-0.0050713914192391,-0.0027759517182739,-0.0032582057784844,-0.022451526968811,-0.0032926301203875,-0.0166886341983454,-0.0027518725539758,-0.0082699277101634,-0.0034753165700084,338.3210480068761,1160.1402822940966,1361209.6168724296,10.0,35000,0.78,25000,388.615769840414,1315.9099811633628,3469427.249290975,15.0,0.0,0.0,120000,364.1793874068666,1199.1918378607586,2267335.421917395,10.0,15000,0.55,120000,339.81918396969166,1175.4576328927426,1404307.6987170023,10.0,35000,0.78,120000
271,-0.0088364721651439,-0.0051077532218954,-0.0028237534523538,-0.0032702793208206,-0.0226223075021756,-0.0033023735109024,-0.0168209764394319,-0.0028400324337489,-0.008316001943507,-0.0035158154333292,338.2979164850108,1160.6814134811275,1360345.1589949732,10.0,35000,0.78,25000,388.5396676411119,1317.519887720667,3469843.3063221048,15.0,0.0,0.0,120000,364.10196348776196,1199.7983775614402,2266423.640770525,10.0,15000,0.55,120000,339.8323161182813,1173.8150316033891,1403210.586266485,10.0,35000,0.78,120000
272,-0.0088824841436964,-0.0051571265269853,-0.0028637211029288,-0.0032769257270398,-0.0228011738393413,-0.0033539687311537,-0.0169879165375021,-0.0028659104441463,-0.0084041551823926,-0.0035302108581828,338.3494548669788,1160.9737985107654,1360889.5671968984,10.0,35000,0.78,25000,388.5439612341542,1317.0876447401536,3468522.862999099,15.0,0.0,0.0,120000,364.1044427702823,1199.4676621719689,2264453.5326997247,10.0,15000,0.55,120000,339.8116276233794,1174.673057522491,1404180.9648322172,10.0,35000,0.78,120000
273,-0.0089791700306396,-0.00522866769339,-0.0028825547757075,-0.0032936143812257,-0.0230313865541978,-0.0033881917545828,-0.017089420263066,-0.0028832596994769,-0.0084846917350669,-0.003546242942768,338.2335089134862,1160.4283231473764,1359940.2171266428,10.0,35000,0.78,25000,388.58703535340794,1316.9762557331092,3466793.204422632,15.0,0.0,0.0,120000,364.14189723048094,1201.062491129346,2265182.852413639,10.0,15000,0.55,120000,339.9388047001611,1175.9281956660263,1403350.9744568733,10.0,35000,0.78,120000
274,-0.009042634887883,-0.0053153074644471,-0.0028955912373109,-0.0033272498845753,-0.0232092275526682,-0.0034098424173916,-0.0172291521601216,-0.0029860614146859,-0.0085560099199171,-0.0036054553834656,338.41510442335215,1161.4065596266921,1360334.147445812,10.0,35000,0.78,25000,388.6374943116804,1316.9598130544962,3465087.954344351,15.0,0.0,0.0,120000,364.1316929308429,1201.4235262350962,2264448.356642005,10.0,15000,0.55,120000,339.8863864429346,1175.9154946329759,1401894.8371588173,10.0,35000,0.78,120000
275,-0.0091559329424195,-0.0053728735536847,-0.0029239333845318,-0.0033391795978214,-0.0234143724141861,-0.0034244337460924,-0.0173332004668331,-0.0030115935499644,-0.0086042275814974,-0.0036154611105749,338.4556763775531,1161.8973609969232,1360456.4991815565,10.0,35000,0.78,25000,388.66380952237176,1317.4817046418227,3468111.491846171,15.0,0.0,0.0,120000,364.15698835116865,1201.9299413567362,2263546.2091198894,10.0,15000,0.55,120000,339.8989794360966,1176.489235065251,1402568.120850466,10.0,35000,0.78,120000
276,-0.0092175481370405,-0.0054124743914287,-0.0029561852600287,-0.0033531079781166,-0.0235833907455837,-0.0034800464774441,-0.0174464573246194,-0.0030377315104444,-0.0086595674928217,-0.0036431268497638,338.42299807988616,1161.5605281334033,1359940.9470778685,10.0,35000,0.78,25000,388.65835528310413,1318.360738624159,3467361.0376201887,15.0,0.0,0.0,120000,364.17622223229256,1200.9729847107967,2264551.52859825,10.0,15000,0.55,120000,340.02205109450637,1177.9556880356895,1401982.2072272531,10.0,35000,0.78,120000
277,-0.0092655026152561,-0.005459402279867,-0.0029736734590444,-0.003357229986912,-0.0237787599137655,-0.0035076899451101,-0.0175580939073442,-0.0030808302862914,-0.0087113671467809,-0.0036772742818426,338.45554301042256,1162.0503182245793,1360844.1158855509,10.0,35000,0.78,25000,388.679994197355,1318.5138821510843,3466393.104731875,15.0,0.0,0.0,120000,364.3586232391744,1203.7631157022283,2265988.0605110717,10.0,15000,0.55,120000,339.9297667015428,1176.812664285191,1403716.813410292,10.0,35000,0.78,120000
278,-0.009349270105686,-0.0055454862651322,-0.0029884668783388,-0.0033841271559771,-0.0239915301468094,-0.0035318406833785,-0.0176605839180037,-0.0030944279241867,-0.0087737685056656,-0.0036996017299984,338.43514972004925,1162.9304521235301,1360167.4002651388,10.0,35000,0.78,25000,388.78809782688995,1318.5635577655673,3465576.3490428836,15.0,0.0,0.0,120000,364.22584567705786,1203.8807468336402,2264659.137600009,10.0,15000,0.55,120000,339.9645092950961,1177.7785368952145,1403630.618684393,10.0,35000,0.78,120000
279,-0.0094327908178299,-0.0056130309376476,-0.0030181232382897,-0.003424692239924,-0.024181689461233,-0.0035550548114109,-0.0177917160616914,-0.0031329511031084,-0.0088364274312208,-0.003720441320125,338.48217272996874,1163.5542374424663,1359486.1176879255,10.0,35000,0.78,25000,388.6540061082839,1320.4875412612048,3467234.9083869928,15.0,0.0,0.0,120000,364.2574497138799,1203.188690227428,2262931.0716043357,10.0,15000,0.55,120000,339.96965151164716,1177.7077980789868,1401373.461423018,10.0,35000,0.78,120000
280,-0.0094891729919031,-0.0056368838308889,-0.0030699896833902,-0.0034461677312979,-0.0243521691775545,-0.0035877912096189,-0.0179112592775533,-0.0031570572277304,-0.008895926151808,-0.0037524712193485,338.5052799606093,1163.9159225619119,1359430.284959704,10.0,35000,0.78,25000,388.6284538546396,1319.5634695699014,3463638.918590032,15.0,0.0,0.0,120000,364.2575722516794,1202.7100837636644,2263293.546496996,10.0,15000,0.55,120000,340.02090947939377,1178.453019264687,1401559.1710862573,10.0,35000,0.78,120000
281,-0.0095419302720586,-0.0056546385114877,-0.0031021611479288,-0.0034541501032826,-0.0245290333185517,-0.0036185805378419,-0.0180672763581983,-0.0032171543687962,-0.0089391431049464,-0.0037789312955067,338.44377155480134,1162.7715162501408,1358705.0461284912,10.0,35000,0.78,25000,388.7484672905027,1321.1847525346482,3463315.4164132117,15.0,0.0,0.0,120000,364.3359146766873,1204.4330955886658,2263503.96356393,10.0,15000,0.55,120000,339.9997093675009,1178.2579241495005,1398398.3394596418,10.0,35000,0.78,120000
282,-0.0095940448308409,-0.0057133206026629,-0.0031510943335622,-0.0034937046091483,-0.0246994049109639,-0.003649474636995,-0.0181805355619542,-0.0032535505489447,-0.0089939794587542,-0.0038236719518177,338.4494245818412,1163.9057212323307,1359368.7548158234,10.0,35000,0.78,25000,388.7639997085305,1322.202134530248,3464123.6174607975,15.0,0.0,0.0,120000,364.2806415208231,1204.7252736004336,2261629.0502669965,10.0,15000,0.55,120000,340.00138499867967,1178.7597287981034,1401040.1403845423,10.0,35000,0.78,120000
283,-0.0096385615110589,-0.0057769295629317,-0.0031685614667035,-0.0035221607446355,-0.0249011184961686,-0.0036946250539518,-0.0182935210329563,-0.0032684821336522,-0.0090397754902636,-0.0038311731952795,338.55338214658434,1164.9289692846744,1359292.5185118325,10.0,35000,0.78,25000,388.79330636771266,1322.0245539649864,3462325.0693187085,15.0,0.0,0.0,120000,364.29274405704314,1204.7237751532123,2262084.2960004453,10.0,15000,0.55,120000,340.02327568016096,1179.2918177141778,1399124.8922293407,10.0,35000,0.78,120000
284,-0.0097166645192476,-0.0058047905729411,-0.003190254005553,-0.0035298145730719,-0.0250677867363689,-0.0037027461701102,-0.0184009322718925,-0.0032805602765601,-0.0090838225374084,-0.0038718646854524,338.472060762198,1164.9237065972472,1358766.420081089,10.0,35000,0.78,25000,388.76619803431095,1322.4768389723529,3461809.8992459234,15.0,0.0,0.0,120000,364.3185082744716,1205.406706300453,2259971.483851127,10.0,15000,0.55,120000,340.03757220415997,1181.3536410374468,1400240.7521675809,10.0,35000,0.78,120000
285,-0.0097839379534459,-0.005820116459238,-0.0032059507440718,-0.0035678713830628,-0.0252420014493309,-0.0037427740550117,-0.0185114102480787,-0.0033108699710138,-0.0091486680174118,-0.0039055114638328,338.66141556212943,1165.1475842039804,1358877.406002764,10.0,35000,0.78,25000,388.79423917747937,1321.7803620713141,3461593.4080859735,15.0,0.0,0.0,120000,364.1879698616212,1206.393281804032,2259861.505594606,10.0,15000,0.55,120000,340.1748751902655,1179.9911662321174,1398265.8402459524,10.0,35000,0.78,120000
286,-0.0098640835599915,-0.00585904474854,-0.0032373046435353,-0.0035866923501611,-0.02541985882144,-0.0037839453498211,-0.0186168967982133,-0.003350259800109,-0.0092094185100495,-0.0039648119248615,338.66699591794617,1164.95570815169,1358597.5056693826,10.0,35000,0.78,25000,388.8534818463996,1322.564865025105,3461493.98987381,15.0,0.0,0.0,120000,364.4888836378747,1205.8978030161998,2259449.1516075647,10.0,15000,0.55,120000,340.0512339143115,1180.1381566482157,1398280.6479942745,10.0,35000,0.78,120000
287,-0.0099371002703438,-0.0059278223767985,-0.0033030406374024,-0.0036160690651336,-0.0256223730050876,-0.0038029433994971,-0.0187497022403344,-0.0033979626307065,-0.009266731983414,-0.0040242774445699,338.7071531500474,1166.497869914719,1358485.0158295326,10.0,35000,0.78,25000,388.82755952203354,1323.2164436524045,3460317.2053678283,15.0,0.0,0.0,120000,364.4339582727914,1206.3900477549041,2259423.796508239,10.0,15000,0.55,120000,340.18059514223125,1182.079135750511,1398167.285830495,10.0,35000,0.78,120000
288,-0.0100009926096697,-0.0059464006358941,-0.0033536039702743,-0.0036553733556607,-0.0257904384794899,-0.0038404035380388,-0.0188754957755967,-0.0034155773232347,-0.0093285876159511,-0.0040895519259412,338.6436263283421,1167.3619130621946,1358907.2794141364,10.0,35000,0.78,25000,388.8449699481942,1324.181989818347,3459495.5836302107,15.0,0.0,0.0,120000,364.4529868516377,1206.9632799557432,2260173.7598268287,10.0,15000,0.55,120000,340.15521046930144,1181.1324716857273,1398619.0777865576,10.0,35000,0.78,120000
289,-0.0100439233520443,-0.0059787254104414,-0.0033848320225159,-0.0036894513679794,-0.0259643629094177,-0.0038881705832201,-0.0190287579688395,-0.0034267463306885,-0.0093732538398353,-0.0041114360351934,338.6702934697131,1166.5363327793686,1358658.5166878067,10.0,35000,0.78,25000,388.8092627716639,1325.5078115052381,3459181.165162865,15.0,0.0,0.0,120000,364.44271041299737,1207.9908122405686,2258467.061752233,10.0,15000,0.55,120000,340.14710072665486,1182.2906007863419,1398532.4440764126,10.0,35000,0.78,120000
290,-0.0101035177114143,-0.0059968541598472,-0.0034200865371561,-0.003692004263801,-0.0261692888764266,-0.0039029563667894,-0.0191580201942482,-0.0034649810933585,-0.0094245933973218,-0.0041245747737079,338.7521576520558,1167.1936181046153,1358370.4532528277,10.0,35000,0.78,25000,388.9633125186588,1324.922492828838,3457369.967834337,15.0,0.0,0.0,120000,364.45390296784774,1208.158002518861,2258350.8908397607,10.0,15000,0.55,120000,340.19156090855665,1182.7242127622214,1397549.9735222552,10.0,35000,0.78,120000
291,-0.0101517331197434,-0.0060286325617107,-0.0034661202211146,-0.0037117283278741,-0.0263446535651327,-0.0039445259736198,-0.0192607601669145,-0.0034866387709497,-0.0094802411996969,-0.0041511896079705,338.74941888386525,1167.2674394872986,1358070.8817521464,10.0,35000,0.78,25000,388.8877543719978,1325.5205559547494,3456640.2438699896,15.0,0.0,0.0,120000,364.5214924471065,1208.7491299914036,2256845.5438060267,10.0,15000,0.55,120000,340.2377150471357,1181.3868725002994,1400031.0937256229,10.0,35000,0.78,120000
292,-0.0102350507618251,-0.0060743608573635,-0.0034957018344095,-0.0037413733487226,-0.0265620284505115,-0.0039517755576354,-0.0193695388735702,-0.0035125804147763,-0.0095331476688381,-0.0041850338826166,338.7565913468674,1168.5444800401247,1357253.3407159213,10.0,35000,0.78,25000,388.8883469546892,1327.3054998011064,3458131.421954989,15.0,0.0,0.0,120000,364.5472284403875,1209.5550483670836,2256497.5642660735,10.0,15000,0.55,120000,340.20310965840747,1183.5749378065502,1399359.132133385,10.0,35000,0.78,120000
293,-0.0103063971303345,-0.0061574062065622,-0.0035158477759817,-0.0037646426938691,-0.0267658797473203,-0.0039661925444552,-0.0194904745429736,-0.0035460812062949,-0.0096084523551139,-0.0042281156436721,338.80022170745167,1168.4338301232913,1357634.6146660943,10.0,35000,0.78,25000,389.01849238300525,1326.6023771946784,3458083.8431802206,15.0,0.0,0.0,120000,364.4901651128901,1209.5340298189428,2257702.0475070816,10.0,15000,0.55,120000,340.1566952753146,1182.7143760757122,1397219.6565234135,10.0,35000,0.78,120000
294,-0.0104051312244448,-0.0062242952495348,-0.0035653317170251,-0.0037762697116397,-0.0269679352969161,-0.0039962096759636,-0.0195943985006875,-0.0035766165335284,-0.0096565043253202,-0.0042655090019164,338.7510545511582,1168.8764365301881,1356904.6177146207,10.0,35000,0.78,25000,388.8479408657272,1327.1851716492088,3456008.068451577,15.0,0.0,0.0,120000,364.5785620602603,1209.750211997088,2258837.133482634,10.0,15000,0.55,120000,340.252305737884,1184.110012961917,1398753.30216486,10.0,35000,0.78,120000
295,-0.0104829397198768,-0.0062656147094243,-0.0036021184915887,-0.0038101543670513,-0.0271466826488395,-0.004042290221838,-0.0197212703132762,-0.0036097908115041,-0.0097286041711351,-0.0043124816143548,338.80365077745154,1168.7621182260405,1357117.9787353452,10.0,35000,0.78,25000,388.9122249921716,1327.0833508456208,3455615.049698418,15.0,0.0,0.0,120000,364.4699410147033,1210.8363519393386,2253811.470340418,10.0,15000,0.55,120000,340.29100727079447,1183.4613728925992,1396527.275182303,10.0,35000,0.78,120000
296,-0.0106104912344501,-0.0063024391502523,-0.0036779145227357,-0.0038337637112026,-0.0273518998980799,-0.0040560504979165,-0.0198286096933966,-0.003655492574864,-0.0097878412196727,-0.0043303085319802,338.82563539461853,1169.801925669848,1356869.3433858443,10.0,35000,0.78,25000,388.93714200826525,1328.487249701325,3454834.6104621836,15.0,0.0,0.0,120000,364.531405478836,1210.6457440507515,2257540.029663608,10.0,15000,0.55,120000,340.2409628976766,1184.5732840808341,1395958.4461490193,10.0,35000,0.78,120000
297,-0.0106913848673761,-0.0063219650316248,-0.0037197522231998,-0.0038596920861904,-0.0275315806237267,-0.0041044342126789,-0.0199608453800992,-0.003679091670553,-0.0098377160557282,-0.0043924533458668,338.85976135585076,1170.29240598273,1356825.7032622807,10.0,35000,0.78,25000,388.87366043938385,1329.2683535600904,3453085.7746976106,15.0,0.0,0.0,120000,364.5563613264913,1211.2999809294458,2255364.3706001905,10.0,15000,0.55,120000,340.41130063977346,1184.8297362742246,1398851.0218768655,10.0,35000,0.78,120000
298,-0.0107863399284827,-0.0063839038795369,-0.0037934865898131,-0.0038889732747083,-0.027706937876488,-0.0041285368567049,-0.0200867777606833,-0.0037275482103826,-0.0099022458927126,-0.0044941241712619,338.89872751860094,1169.9497772864338,1356623.36261098,10.0,35000,0.78,25000,389.0700290942906,1329.9032406207727,3454074.219121992,15.0,0.0,0.0,120000,364.53150119271857,1211.1626816827609,2255460.1624413747,10.0,15000,0.55,120000,340.3076745257901,1184.910648715805,1395560.4244647927,10.0,35000,0.78,120000
299,-0.0108857181801362,-0.0064069337463891,-0.0038272384488611,-0.0039377603158928,-0.0278907816797462,-0.00413992538416,-0.0202013795677152,-0.0037438327514264,-0.0099534165439559,-0.0045100826073468,338.9024943994975,1170.6965926128025,1356544.5398554846,10.0,35000,0.78,25000,389.0614305626497,1329.812352010353,3453861.108268976,15.0,0.0,0.0,120000,364.6237810370533,1211.3156199135642,2255174.35789557,10.0,15000,0.55,120000,340.4262629189406,1186.0279131013401,1397640.3943475138,10.0,35000,0.78,120000
300,-0.0109327343459076,-0.0064225024746246,-0.0038730993120748,-0.0039597089406384,-0.0280685465083812,-0.0041494840729701,-0.020304734694249,-0.0037657378994553,-0.0099949703973204,-0.0045471259387874,338.92281865683395,1170.6713696126317,1355864.7937253406,10.0,35000,0.78,25000,389.1124995251113,1329.9133819216204,3452916.40266173,15.0,0.0,0.0,120000,364.7068967244495,1211.8583413338927,2254968.1337440913,10.0,15000,0.55,120000,340.31697349373525,1186.190025565831,1397012.6423408566,10.0,35000,0.78,120000
301,-0.0110217601182652,-0.006524503557224,-0.0038976623535109,-0.0039712319147574,-0.0282463873749252,-0.0041688031967421,-0.0204211842247261,-0.0038152108388809,-0.0100531041649059,-0.0045698993974821,338.9652258220001,1172.2254333761393,1355822.8510113284,10.0,35000,0.78,25000,389.1592815339563,1330.5464640608197,3451430.197157142,15.0,0.0,0.0,120000,364.68238729256143,1212.8187884787042,2255187.876131589,10.0,15000,0.55,120000,340.4093280681217,1186.3404011336654,1394489.2954514357,10.0,35000,0.78,120000
302,-0.0110766685326273,-0.0065419537072041,-0.0039665445928487,-0.0039962838424039,-0.0284158168545909,-0.0042097041616972,-0.0205568079108015,-0.0038419459478681,-0.0101108003736302,-0.0045852565710953,338.971349658376,1172.6352978979492,1355330.5868474843,10.0,35000,0.78,25000,389.10847972029904,1330.703110410433,3453282.281483091,15.0,0.0,0.0,120000,364.59909121826973,1213.6147010545794,2253324.7301333933,10.0,15000,0.55,120000,340.38461325623274,1186.5939152005726,1396711.1811372603,10.0,35000,0.78,120000
303,-0.0111353411863351,-0.0066074345199998,-0.0040125084311736,-0.0040164659595044,-0.0286007463931894,-0.0042430372433724,-0.0206585578920304,-0.0038914831018749,-0.0102247270060449,-0.0046292823241685,339.0220285822275,1172.2643150148751,1355564.667950336,10.0,35000,0.78,25000,389.1215098978576,1330.804415527823,3451860.439353533,15.0,0.0,0.0,120000,364.7890405297987,1213.768079877524,2253452.536753539,10.0,15000,0.55,120000,340.41805652122446,1187.8121105936357,1396523.2256077335,10.0,35000,0.78,120000
304,-0.0112367072533419,-0.006628985771844,-0.004035284411991,-0.0040717931255779,-0.0288698236786904,-0.0042598302443368,-0.0208059232695105,-0.0039100195640128,-0.0102789534176691,-0.0046938165564274,339.09924354799546,1173.5114938676395,1355732.1050197359,10.0,35000,0.78,25000,389.0882135956339,1332.5375574971777,3450022.058330925,15.0,0.0,0.0,120000,364.6527287166644,1215.362610898055,2252827.041237819,10.0,15000,0.55,120000,340.47493381837046,1188.2562695107342,1395608.1202679824,10.0,35000,0.78,120000
305,-0.0113090282322834,-0.0067019680843047,-0.0041257736624095,-0.0040769493240017,-0.0291025006220027,-0.0042738144519507,-0.0209459555208022,-0.0039446629263322,-0.0103438495154559,-0.0047194402407072,339.0881077572176,1173.8406492030472,1355746.0130076695,10.0,35000,0.78,25000,389.158558113212,1333.950263266205,3450831.135934502,15.0,0.0,0.0,120000,364.78699610870746,1214.8974002970665,2251728.945911068,10.0,15000,0.55,120000,340.56727747600524,1187.109120334082,1395581.6217997673,10.0,35000,0.78,120000
306,-0.0113654475097944,-0.00678362750718,-0.0041531959156714,-0.0040868379464558,-0.0292764807241219,-0.00433008142993,-0.0210775212236537,-0.0039765449527719,-0.0104356798659406,-0.0047467448777515,339.0828803915356,1174.3404453160053,1355009.8711796326,10.0,35000,0.78,25000,389.17131517854295,1332.269079353166,3449942.1568488297,15.0,0.0,0.0,120000,364.7183641777141,1214.6059068633126,2252693.3735448336,10.0,15000,0.55,120000,340.6022315502684,1188.7757555304484,1395004.4300004689,10.0,35000,0.78,120000
307,-0.0114328532435511,-0.0068514413149283,-0.0041629870968574,-0.004114686103937,-0.0294541186785587,-0.0043473812876314,-0.0212127641977227,-0.0040409010531841,-0.010504310501714,-0.0047948985312955,339.09134755196106,1174.242327731916,1355136.0789361312,10.0,35000,0.78,25000,389.2126553747554,1333.6416614212676,3450143.273198801,15.0,0.0,0.0,120000,364.7099352411335,1215.8403456455715,2251344.89640616,10.0,15000,0.55,120000,340.60507886442645,1188.6544247760487,1394376.7286613341,10.0,35000,0.78,120000
308,-0.0114956707925844,-0.0069253420904922,-0.0041914941801766,-0.0041325751934153,-0.0296544830166331,-0.0043652508921014,-0.0213384681467546,-0.0040674108428498,-0.010571041629857,-0.0048257397501184,339.0868646000614,1174.541671459739,1354712.5747834623,10.0,35000,0.78,25000,389.17041538581935,1333.8347785928593,3448579.529177103,15.0,0.0,0.0,120000,364.75220863444946,1216.5525626452088,2251561.4956599576,10.0,15000,0.55,120000,340.5810028110943,1188.8168637598444,1395848.9891349568,10.0,35000,0.78,120000
309,-0.0115698226896542,-0.0069414192315203,-0.0042382293595322,-0.0041454460261808,-0.029828102656013,-0.004413625297565,-0.0214774970425818,-0.0041217844854426,-0.0106141699248164,-0.0048386684266796,339.06782618814555,1175.7204640579034,1354276.2746188869,10.0,35000,0.78,25000,389.32081935753786,1334.1510149372377,3449521.251206107,15.0,0.0,0.0,120000,364.8211856088955,1215.9659578408603,2251630.371688145,10.0,15000,0.55,120000,340.6078497708444,1190.0244508021253,1394539.8925834277,10.0,35000,0.78,120000
310,-0.0116231338836883,-0.0069843039462465,-0.0042803597396607,-0.0041868146249725,-0.0300143354091928,-0.0044253763185844,-0.021612711477247,-0.0041352510166379,-0.0106672195332484,-0.0048839209429398,339.15483578795926,1174.6664477110032,1354334.695428936,10.0,35000,0.78,25000,389.18005148326245,1335.827357667836,3448544.979773724,15.0,0.0,0.0,120000,364.75595327628304,1216.736564273144,2250282.8720273096,10.0,15000,0.55,120000,340.65853732064204,1189.5383564034519,1394312.7669101462,10.0,35000,0.78,120000
311,-0.011719273638538,-0.0070249295108265,-0.0043296965212538,-0.0042331765332579,-0.0301922836469243,-0.0044490454209908,-0.0217435837271894,-0.0042396469503608,-0.0107297997368529,-0.0048941779476104,339.2733311018836,1174.6025941782152,1354319.018370774,10.0,35000,0.78,25000,389.28514954475736,1335.355699312229,3448793.237378823,15.0,0.0,0.0,120000,364.82643646004374,1217.303996628172,2248783.572940254,10.0,15000,0.55,120000,340.5590667923257,1188.937330235634,1394401.6495914857,10.0,35000,0.78,120000
312,-0.0117916052850433,-0.0070434594243486,-0.0043710276436354,-0.0042450137514793,-0.0303991084328378,-0.0044842374422337,-0.0218715492361559,-0.0042589716931277,-0.0107849740977384,-0.004971052289524,339.20007882943764,1175.9263500576074,1355016.5090917028,10.0,35000,0.78,25000,389.3334615476118,1336.3229491801726,3445113.4201348675,15.0,0.0,0.0,120000,364.8129856623828,1217.8543686761827,2250406.2817968833,10.0,15000,0.55,120000,340.58525213287027,1189.1598040837523,1393993.5897017985,10.0,35000,0.78,120000
313,-0.0118368343190664,-0.0070608141229565,-0.0043931092710706,-0.0042491895132344,-0.0305990987147186,-0.0045250709405592,-0.0219987838915291,-0.0042723808571513,-0.010830423323546,-0.0049920170870869,339.17555112003197,1176.3013317835869,1354606.503666215,10.0,35000,0.78,25000,389.2666923460949,1336.0835643215398,3445927.746407747,15.0,0.0,0.0,120000,364.85962849658796,1217.8765587922346,2249102.0233285925,10.0,15000,0.55,120000,340.7311277860369,1191.8878671499442,1392660.978605471,10.0,35000,0.78,120000
314,-0.0119100969651242,-0.0070760958538593,-0.0044337854093934,-0.0042661889076481,-0.0307733590351424,-0.0045633290198764,-0.0221280952197795,-0.004324071349804,-0.0108866599840562,-0.0050021634506692,339.1585674407878,1176.8857755014312,1354258.2340352188,10.0,35000,0.78,25000,389.35552066022257,1337.4040494980516,3446071.0377769843,15.0,0.0,0.0,120000,364.88208670510153,1218.5754643176376,2249190.412402098,10.0,15000,0.55,120000,340.86220072957025,1190.8965943529422,1394536.9855635606,10.0,35000,0.78,120000
315,-0.0119783922300195,-0.0070942499386762,-0.0044677433772094,-0.0042895897719599,-0.0309448501452281,-0.0046120788404839,-0.0222714814476889,-0.0043873269009788,-0.0109488164583808,-0.0050292486025431,339.2453885933026,1177.851303889942,1354121.1993922438,10.0,35000,0.78,25000,389.3488873230446,1336.5495829606352,3445185.224988753,15.0,0.0,0.0,120000,364.92946202084835,1219.9335633566473,2246093.3282394176,10.0,15000,0.55,120000,340.70270585782833,1191.36470771746,1395359.156310339,10.0,35000,0.78,120000
316,-0.0120783918653336,-0.0071132604841542,-0.0045075192484299,-0.0043358652059885,-0.0311356331645399,-0.0046312694633314,-0.0223823698066298,-0.0044107726112663,-0.0110034215589532,-0.005068992783973,339.37873031685,1178.5207843089413,1352997.1034494408,10.0,35000,0.78,25000,389.3966667513413,1338.172693968906,3445121.3623198057,15.0,0.0,0.0,120000,364.96464227828244,1220.0157086181853,2248964.0818878305,10.0,15000,0.55,120000,340.7405630052133,1191.9981979217205,1391441.7503615294,10.0,35000,0.78,120000
317,-0.012158606280921,-0.0071800403907757,-0.0045649926706087,-0.0043583837233107,-0.0313451991632651,-0.0046409177051756,-0.0225143448239127,-0.0044428996611899,-0.0110712826647085,-0.0051497938714093,339.39063795841196,1178.4397511761606,1353511.5201069196,10.0,35000,0.78,25000,389.3875761001511,1337.8430357581585,3445675.9710730957,15.0,0.0,0.0,120000,364.9199662050129,1220.4247189698349,2248800.4521811907,10.0,15000,0.55,120000,340.8496962464834,1192.8905669249673,1390807.9363076508,10.0,35000,0.78,120000
318,-0.0122449131210119,-0.0072043384444634,-0.0045892018512818,-0.004366293573567,-0.0315167877013546,-0.0047146329937779,-0.0226210160985857,-0.0045168068874169,-0.0111508269133192,-0.0051814979174037,339.34491706787094,1178.7845329454378,1352994.341800888,10.0,35000,0.78,25000,389.43292911669556,1338.527089192069,3442429.047585729,15.0,0.0,0.0,120000,364.90955648930833,1220.3270141802411,2247662.2027446567,10.0,15000,0.55,120000,340.80052773137976,1194.7893222693683,1391215.8664365932,10.0,35000,0.78,120000
319,-0.0122891744446868,-0.007218852502145,-0.0046402835618992,-0.0044055468085223,-0.0316977435644922,-0.0047350452051174,-0.0227312737741806,-0.0045528003359919,-0.0112461380239422,-0.0052289039848035,339.34623804023084,1179.5118075148412,1353680.794750791,10.0,35000,0.78,25000,389.4203042880457,1339.7875300588175,3442408.2735847663,15.0,0.0,0.0,120000,364.8301519679204,1222.309852799927,2247274.5685595106,10.0,15000,0.55,120000,340.84462196408805,1192.00253472316,1392330.4576045028,10.0,35000,0.78,120000
320,-0.0123507700406791,-0.007269524824829,-0.0046534125212583,-0.0044302445197439,-0.0319352214667389,-0.0047520755064536,-0.0228638952230438,-0.0045892000548899,-0.0113293770420414,-0.0052361015097849,339.43787857139586,1179.427419323682,1352251.4556302798,10.0,35000,0.78,25000,389.4517763230684,1340.1579089818767,3442358.318350533,15.0,0.0,0.0,120000,364.95396473436836,1222.240024303258,2246714.832724157,10.0,15000,0.55,120000,340.81729595061614,1193.2123477506927,1391182.6385450542,10.0,35000,0.78,120000
321,-0.0124120911580299,-0.00731150114395,-0.0046755863496964,-0.0044652121047925,-0.032109792648823,-0.0047706611052741,-0.0229693207164607,-0.0046211564051631,-0.0114193880900453,-0.0052484000049847,339.3502448836245,1179.7759188150144,1353311.2684350759,10.0,35000,0.78,25000,389.4601195682503,1340.6251508814055,3442204.4848001623,15.0,0.0,0.0,120000,364.9219509176775,1222.1935194174557,2244664.070634139,10.0,15000,0.55,120000,340.816444897121,1194.650252784245,1391828.314267082,10.0,35000,0.78,120000
322,-0.0124782019930399,-0.0073437920610255,-0.0047088431704336,-0.0045236012879226,-0.0323201616084415,-0.0047833531874532,-0.0230874743653482,-0.0046716300557689,-0.0114989781031887,-0.0052649667907076,339.47730119790606,1181.001763950407,1353292.630855117,10.0,35000,0.78,25000,389.4696986623355,1341.3396243801674,3442142.801858612,15.0,0.0,0.0,120000,364.9982059944111,1222.5113265119548,2244489.2759419307,10.0,15000,0.55,120000,340.87323982359055,1194.438271262502,1392109.9105551706,10.0,35000,0.78,120000
323,-0.0125678833431733,-0.0073613614083113,-0.0047288853698937,-0.0045304027391928,-0.0325077687110379,-0.0048061833029163,-0.0232092634565756,-0.0047023715061074,-0.0115849221179993,-0.0052866570784923,339.4486312064347,1180.95094880154,1353075.6870979506,10.0,35000,0.78,25000,389.4529069903833,1342.6979809550867,3439976.105413144,15.0,0.0,0.0,120000,364.88121031042675,1222.6877409924557,2245458.7976156566,10.0,15000,0.55,120000,340.9497786213874,1194.2504252930826,1390914.8844034043,10.0,35000,0.78,120000
324,-0.0126490820268685,-0.0073792482796498,-0.0047641720392141,-0.0045559711725061,-0.0326981252395044,-0.0048489721175559,-0.0233305479936437,-0.0047418256227653,-0.0116954868976427,-0.0052952781750432,339.5024454079818,1181.2710418255256,1352956.3923382952,10.0,35000,0.78,25000,389.4914312029032,1342.358174064482,3438932.0964571727,15.0,0.0,0.0,120000,364.95978759357837,1223.9719448141884,2245539.000052325,10.0,15000,0.55,120000,340.892116233344,1194.43622516668,1389644.0514576533,10.0,35000,0.78,120000
325,-0.0127269945518814,-0.0074033857805582,-0.0048034865545409,-0.0045867482725969,-0.0328826193613109,-0.0048656584666647,-0.0235018361939013,-0.0048154616115401,-0.0117717376659036,-0.0053157569125651,339.5717764060058,1182.219930690033,1352927.0939408774,10.0,35000,0.78,25000,389.60854344505566,1342.2528657360774,3440582.148944073,15.0,0.0,0.0,120000,365.0260266045882,1224.7414442457448,2245009.7410600274,10.0,15000,0.55,120000,340.94055265108057,1195.8690081092248,1392064.6124529112,10.0,35000,0.78,120000
326,-0.0127722324617495,-0.0074491249369431,-0.0048162048664644,-0.0046093946353451,-0.0330753928846662,-0.0049079230606845,-0.0236271574457383,-0.0048358159225798,-0.0118515914357719,-0.0053535997213476,339.4857553443569,1181.959829287424,1351962.4407393723,10.0,35000,0.78,25000,389.62752574632265,1344.3584078515341,3439186.693852257,15.0,0.0,0.0,120000,364.9682629020458,1224.3688287171285,2243981.9421293526,10.0,15000,0.55,120000,340.98921720515284,1195.66796589296,1390338.4652364245,10.0,35000,0.78,120000
327,-0.0128413803515942,-0.0074896951053939,-0.0048689409936786,-0.0046175494721595,-0.0332917239897056,-0.0049358024457139,-0.0237790034257689,-0.0048674252286321,-0.0119242790960233,-0.0053603219604225,339.47835693253387,1183.200154420409,1352800.2533995216,10.0,35000,0.78,25000,389.62877782955786,1342.5999313434668,3438453.237124659,15.0,0.0,0.0,120000,365.0447671409594,1224.5346724990227,2243607.5019567786,10.0,15000,0.55,120000,340.94045967062294,1197.2569260597884,1389354.570184319,10.0,35000,0.78,120000
328,-0.0128935888226063,-0.0075340036171569,-0.004944917069806,-0.0046628336110908,-0.0334647751304038,-0.0050033033409125,-0.0238998347039908,-0.0049244317872278,-0.0119729660032985,-0.0053683697371934,339.5942971547361,1182.3679486825285,1351759.5120378255,10.0,35000,0.78,25000,389.5729808898088,1344.7483405394496,3439439.6369273663,15.0,0.0,0.0,120000,365.12074009741673,1225.586230391548,2244340.664561305,10.0,15000,0.55,120000,341.02437598241295,1197.064446632245,1389137.1143314748,10.0,35000,0.78,120000
329,-0.0129675844906658,-0.0075806153413447,-0.0049546843682491,-0.0046693273609183,-0.0336430407566744,-0.0050215605626832,-0.0240043825812882,-0.0049516028863588,-0.0120156394097816,-0.0054397849300577,339.57341413827726,1183.4636307568144,1352430.4754251242,10.0,35000,0.78,25000,389.70016978822036,1344.6590501229907,3438991.3612961764,15.0,0.0,0.0,120000,365.18030444413375,1225.5021322999712,2243312.620609646,10.0,15000,0.55,120000,340.9524112395922,1197.8291982682051,1390321.2584877321,10.0,35000,0.78,120000
330,-0.0130253024010169,-0.0076103532104902,-0.0049894210420356,-0.0046839357811583,-0.0338169967222386,-0.0050453013111887,-0.0241844021501463,-0.0049669063851735,-0.0120760316974249,-0.005446818179322,339.52950587358714,1183.822346590237,1351963.6789111183,10.0,35000,0.78,25000,389.62822429082485,1346.0280378873651,3437509.4060576283,15.0,0.0,0.0,120000,365.00590821414227,1226.9427820229935,2244232.0920286374,10.0,15000,0.55,120000,340.9417593144,1198.9833187036993,1391673.3567878164,10.0,35000,0.78,120000
331,-0.0131076040300552,-0.0076562505134337,-0.0049982680793001,-0.0046963074358235,-0.0340017721981681,-0.005060252011203,-0.0242895852069871,-0.0050270036560616,-0.0121382631873866,-0.0054928858955103,339.5587670453717,1185.1910337674094,1351998.4930938403,10.0,35000,0.78,25000,389.59479419844786,1345.7866398595877,3436943.297339928,15.0,0.0,0.0,120000,365.15880296120736,1226.9546400218414,2243088.807466971,10.0,15000,0.55,120000,341.1452042122422,1199.1215763498344,1391259.6250663102,10.0,35000,0.78,120000
332,-0.0131748400910903,-0.007673114853571,-0.0050474994094439,-0.0047249771059646,-0.034216212903276,-0.0050879026176604,-0.02439896210868,-0.0050468563842488,-0.0121868029976482,-0.0055070757022002,339.6283729461291,1184.9085083586367,1352137.5439632086,10.0,35000,0.78,25000,389.60914529850845,1347.2921582659048,3438667.615641035,15.0,0.0,0.0,120000,365.26820155778245,1227.3944244841518,2242183.0802937103,10.0,15000,0.55,120000,341.15451719388585,1198.43386424434,1389327.7388027748,10.0,35000,0.78,120000
333,-0.013273739525253,-0.0077511435807644,-0.0050931277327249,-0.0047375446062807,-0.0344122433065262,-0.0050985671206445,-0.0245466757399979,-0.0050578899506151,-0.0122386712355161,-0.0055324518897823,339.7240112396661,1186.3831892463772,1351734.850847034,10.0,35000,0.78,25000,389.69876259264737,1346.6282879955347,3435624.079078904,15.0,0.0,0.0,120000,365.1538935115035,1229.104638022169,2241762.6232288103,10.0,15000,0.55,120000,341.08681694877197,1199.3304918964388,1390623.633343167,10.0,35000,0.78,120000
334,-0.0133358236229253,-0.0077977306230926,-0.005134975351668,-0.004799070246015,-0.0346110729014916,-0.0051389808753921,-0.0246877971221712,-0.0051589331480193,-0.0122936956063986,-0.0055626608908875,339.754400533711,1186.4308700859192,1351271.3804194399,10.0,35000,0.78,25000,389.7577777784353,1346.3452463618148,3435685.6646075905,15.0,0.0,0.0,120000,365.13362786101527,1229.632914225948,2240802.194880448,10.0,15000,0.55,120000,341.19281840517306,1199.5341924968027,1389263.0235453271,10.0,35000,0.78,120000
335,-0.0133970218791376,-0.0078242042150207,-0.0051612183110532,-0.0048332801676504,-0.0347928575837265,-0.0051933392867154,-0.0247918416324435,-0.0052504257804116,-0.0123391851215368,-0.0056039141978338,339.81499915389895,1186.3901081671488,1351348.5001642343,10.0,35000,0.78,25000,389.73530646034146,1348.9831162597693,3434044.752908678,15.0,0.0,0.0,120000,365.2295583488184,1229.583021559578,2240496.310938864,10.0,15000,0.55,120000,341.104544509588,1199.1122263579377,1389658.6474537672,10.0,35000,0.78,120000
336,-0.013495878168451,-0.0078701417348393,-0.0051850645439373,-0.004843178359562,-0.0350033398451481,-0.005216364069216,-0.0249019021534246,-0.0052872420836765,-0.0124342120203641,-0.005662959448071,339.7939243184399,1187.1038016481077,1351050.948814259,10.0,35000,0.78,25000,389.70687115348375,1347.7381981479828,3434894.0644194516,15.0,0.0,0.0,120000,365.15227531839525,1228.8734697809005,2241058.625062704,10.0,15000,0.55,120000,341.111576827741,1199.858387156414,1390028.1738160518,10.0,35000,0.78,120000
337,-0.0135641796063508,-0.0078966790440356,-0.0052210222599875,-0.0048600840967941,-0.0351879600599805,-0.0052381794090343,-0.0250380087860077,-0.0053043063317349,-0.012486927980067,-0.0057010066123108,339.78749856720447,1187.028459944333,1351567.8399523722,10.0,35000,0.78,25000,389.8237763283699,1347.987872439451,3432207.061444207,15.0,0.0,0.0,120000,365.20689974267646,1229.4260459913862,2240064.649748678,10.0,15000,0.55,120000,341.14208926959867,1200.2812452196276,1389644.3880390765,10.0,35000,0.78,120000
338,-0.0136122139538254,-0.007949498911022,-0.0053092592667839,-0.0048906304945114,-0.0353639504258009,-0.0052745569852799,-0.0252016969186886,-0.0053199321234578,-0.0125859462835414,-0.0057081991179809,339.9241213873204,1187.4264232972369,1351206.693941247,10.0,35000,0.78,25000,389.80228577952266,1349.807701068451,3432253.493308342,15.0,0.0,0.0,120000,365.27255064792104,1231.1756379460433,2238820.1899259933,10.0,15000,0.55,120000,341.24121491884347,1201.4259349607419,1388713.5781200563,10.0,35000,0.78,120000
339,-0.0136792291423601,-0.0079700887281707,-0.0053332141241973,-0.0049127095460674,-0.035564514712462,-0.0052820620131517,-0.0253058612233093,-0.0053368384213469,-0.0126563915772693,-0.0057148614845729,339.8793292709966,1188.6786469122615,1350363.8041282482,10.0,35000,0.78,25000,389.8235974224688,1349.6630203029933,3434458.4929337143,15.0,0.0,0.0,120000,365.28593541511344,1230.567589910005,2237799.3138240254,10.0,15000,0.55,120000,341.20773720157973,1201.8022328862462,1388553.4970814232,10.0,35000,0.78,120000
340,-0.0137605779748957,-0.0080239627512853,-0.0053626758563418,-0.0049704046797901,-0.0357988818707101,-0.0052987070510147,-0.025410434223939,-0.0053732804020336,-0.0127293348702897,-0.0057734210171581,339.89673785064025,1189.2382454782203,1350336.9787884674,10.0,35000,0.78,25000,389.7987581854403,1350.203625248638,3431909.0265477905,15.0,0.0,0.0,120000,365.2276370531981,1230.934461235483,2237990.1498112665,10.0,15000,0.55,120000,341.2325867472583,1201.6446676457742,1386801.6951165556,10.0,35000,0.78,120000
341,-0.0138070998551004,-0.0080657572763876,-0.0053760595249908,-0.0049935402391031,-0.035981480178624,-0.0053966500707713,-0.0255118684755281,-0.0054194510926856,-0.0128183294824119,-0.0057827859566669,339.9062308097548,1189.264181728509,1350323.4824724502,10.0,35000,0.78,25000,389.9077634597885,1351.4937866315533,3431539.466711361,15.0,0.0,0.0,120000,365.29495941795346,1231.4233212129252,2239356.843428099,10.0,15000,0.55,120000,341.2512405603992,1201.7993090773507,1388463.771518932,10.0,35000,0.78,120000
342,-0.01391748200163,-0.008101822885071,-0.0054097952977209,-0.0049997128959824,-0.0361508488931201,-0.005419233375679,-0.0256600598825592,-0.0054432078687203,-0.0129195367379239,-0.0058162697663348,339.8944320647867,1189.3489825291022,1350130.9362225602,10.0,35000,0.78,25000,389.93731187808646,1352.1102285207232,3429999.993586985,15.0,0.0,0.0,120000,365.3360496523271,1232.9149022571705,2239519.2823480517,10.0,15000,0.55,120000,341.376056786852,1202.4163759742717,1386084.564094528,10.0,35000,0.78,120000
343,-0.0139728338176407,-0.0081491527521654,-0.0054784821705397,-0.0050086173965452,-0.0363461305318365,-0.0054469449969002,-0.0257870137869682,-0.005474140158973,-0.013006910971638,-0.0058610710944172,339.9784276890657,1189.4768472924275,1349593.5001576464,10.0,35000,0.78,25000,389.85358099325595,1352.1375877071519,3431727.0419268324,15.0,0.0,0.0,120000,365.3910118614209,1232.2361788445837,2238216.8528398667,10.0,15000,0.55,120000,341.2492481314707,1205.0111878517032,1387414.0972940458,10.0,35000,0.78,120000
344,-0.0140461257720731,-0.0081990889205424,-0.0054971393862348,-0.005019507764285,-0.0365396223772351,-0.0054613681960777,-0.0259178351707692,-0.0055291396444424,-0.0131063119579867,-0.0059068096092706,339.8886470875372,1190.804282326937,1349666.42469614,10.0,35000,0.78,25000,389.8346078072979,1350.9974047978442,3430799.058427687,15.0,0.0,0.0,120000,365.252367290442,1233.3166733734633,2235919.698014942,10.0,15000,0.55,120000,341.3736783669903,1203.857739810547,1388307.585964121,10.0,35000,0.78,120000
345,-0.0141128797096179,-0.0082172148030245,-0.0055139244990036,-0.0050931385573884,-0.0367709235742872,-0.0054768246480643,-0.0260696707485729,-0.0055597161925129,-0.0131934750749686,-0.0059571438326496,340.0675883042614,1191.6131277479337,1349570.5625219082,10.0,35000,0.78,25000,389.89356026757173,1352.3330213464078,3430393.7336131036,15.0,0.0,0.0,120000,365.28370935095705,1232.7751812134118,2237914.5978245502,10.0,15000,0.55,120000,341.3808954621424,1203.8848865740315,1387328.0799899837,10.0,35000,0.78,120000
346,-0.0141586548280461,-0.0082359489769366,-0.005555044832858,-0.0051354773616761,-0.0369808776094732,-0.0054925716846532,-0.0261782429589717,-0.0056201949773417,-0.0132540461903209,-0.0060059024232389,339.9448880081149,1192.3531786229578,1350502.7207591836,10.0,35000,0.78,25000,389.9220607728615,1352.9249803816908,3429253.51042151,15.0,0.0,0.0,120000,365.3470687200821,1234.939389418986,2237728.8057506317,10.0,15000,0.55,120000,341.3632906770724,1204.9963259145075,1388412.5168906627,10.0,35000,0.78,120000
347,-0.0142064795107235,-0.008311948959055,-0.0056056618498868,-0.0051591991866119,-0.0371735530123402,-0.0055242453313401,-0.0262826881534722,-0.0056744045386755,-0.0133062114540187,-0.0060421671694547,340.0729034267603,1191.5737771117779,1349742.6657556756,10.0,35000,0.78,25000,389.9436013847996,1355.3282049338393,3427867.6426883773,15.0,0.0,0.0,120000,365.3673435808928,1234.4526949722883,2238251.7729176576,10.0,15000,0.55,120000,341.36844413411575,1205.3149988290031,1385096.0299012063,10.0,35000,0.78,120000
348,-0.0078740399381728,-0.0044797002975153,-0.0028159727023538,-0.0026943712862644,-0.0206951493969356,-0.0028383747493553,-0.0151137635319454,-0.0026885247110671,-0.0074208506084107,-0.0031116731259591,337.9904391739691,1154.9411419158876,1363339.7919080895,10.0,35000,0.78,25000,388.3025747412448,1311.109016197296,3477615.998574138,15.0,0.0,0.0,120000,363.9391711722469,1194.0029672110988,2272671.4099836377,10.0,15000,0.55,120000,339.553786340849,1171.4662733818107,1408122.0591097306,10.0,35000,0.78,120000
349,-0.00813272007924,-0.0045670779791721,-0.0028732113536862,-0.0027392773404619,-0.0216441616586227,-0.0028966308163769,-0.0157241637806716,-0.0027645061377514,-0.007674356257663,-0.0032335433033095,338.0106169766594,1157.8483237038993,1361995.5083404437,10.0,35000,0.78,25000,388.48011043313926,1314.5432930380084,3476546.6809951398,15.0,0.0,0.0,120000,363.87890741229927,1197.0431314831192,2272285.6364339325,10.0,15000,0.55,120000,339.6476750872952,1171.9504296429277,1406492.62021419,10.0,35000,0.78,120000
350,-0.0082728642199063,-0.0046027526435381,-0.0029174937743342,-0.0027711925970481,-0.0220920952948392,-0.002928916342665,-0.0159646677357259,-0.0027903975121911,-0.0077776322866082,-0.0032416125009932,338.1338529634692,1157.552064576249,1362143.371031287,10.0,35000,0.78,25000,388.42759831249816,1314.5543599339537,3475287.225653364,15.0,0.0,0.0,120000,364.1002575547835,1197.5885165730997,2272543.331800645,10.0,15000,0.55,120000,339.75986964760426,1175.1191567296914,1404185.8045086495,10.0,35000,0.78,120000
351,-0.0083691564088719,-0.0046483372247353,-0.0029658018980874,-0.0027848344158704,-0.0224127403452077,-0.0029441358433839,-0.0161506679184503,-0.0028203971607077,-0.0078479903675793,-0.003270358674191,338.14241074473426,1158.5314505681802,1361623.4641481326,10.0,35000,0.78,25000,388.4585651088208,1314.6834023737074,3473012.8808726147,15.0,0.0,0.0,120000,364.1110680896929,1199.0269889029043,2270954.880480293,10.0,15000,0.55,120000,339.6754102851438,1174.290156209184,1405563.3257593112,10.0,35000,0.78,120000
352,-0.0084360839348489,-0.0046784493874381,-0.0029965386243337,-0.0028018268885909,-0.0226114126783245,-0.0029632733943444,-0.0163060517312145,-0.0028498646466166,-0.0079141242592397,-0.003286410541514,338.083445284774,1159.082872999221,1360617.4405161964,10.0,35000,0.78,25000,388.47074379283345,1316.131554306787,3472985.255249375,15.0,0.0,0.0,120000,364.09530411130714,1200.2135391556492,2267202.8245347217,10.0,15000,0.55,120000,339.8221927953076,1175.1443704944647,1406070.9939120822,10.0,35000,0.78,120000
353,-0.00853908540148,-0.0047514412636497,-0.0030194643038869,-0.0028347833891256,-0.0227928710415852,-0.0029853338748769,-0.0164414827274181,-0.0028879505756475,-0.007969392092287,-0.0033145251343429,338.31681842768404,1158.7248165343428,1360868.9792208762,10.0,35000,0.78,25000,388.4824984299928,1315.6425381127951,3472364.4045642833,15.0,0.0,0.0,120000,364.1169786853596,1200.593638737881,2268645.5528017078,10.0,15000,0.55,120000,339.811330381489,1175.5192806519358,1404768.3046257375,10.0,35000,0.78,120000
354,-0.0086077654176517,-0.0047837811853617,-0.0030812882304011,-0.0028578778346636,-0.0230185845904139,-0.0030064616113577,-0.016554215740333,-0.0029326366342759,-0.0080164157009534,-0.0033975432921831,338.19740837488024,1160.235719555546,1360925.7569968563,10.0,35000,0.78,25000,388.53738226698175,1316.8243362914816,3471698.651730746,15.0,0.0,0.0,120000,364.1537577066576,1200.1130289438042,2270257.0208970997,10.0,15000,0.55,120000,339.772612553005,1176.4844761339152,1404326.0160069033,10.0,35000,0.78,120000
355,-0.0086756894847798,-0.0048187526974566,-0.0031305856831307,-0.0029112331633016,-0.023187780796732,-0.0030872538431959,-0.0166885192195475,-0.0029605140657768,-0.0080592930955343,-0.0034354326327392,338.4338900650019,1160.2350563730386,1360386.5242760878,10.0,35000,0.78,25000,388.5179020851294,1316.4175468298097,3471589.491873569,15.0,0.0,0.0,120000,364.1700679381232,1199.5224892401682,2268942.0071202437,10.0,15000,0.55,120000,339.7746325601586,1176.3830261915434,1402697.762451862,10.0,35000,0.78,120000
356,-0.0087221823341454,-0.0048835836436574,-0.0031458736563754,-0.002919173661425,-0.0233594113564169,-0.0031165016481248,-0.0167963118021655,-0.0029729402470844,-0.0081107222414238,-0.0034816860358223,338.34646460351644,1160.267953310574,1361059.8373541434,10.0,35000,0.78,25000,388.5849389806538,1316.5830204994704,3468437.208490787,15.0,0.0,0.0,120000,364.08310431012154,1201.5858038377971,2267113.8400460146,10.0,15000,0.55,120000,339.9494553938006,1175.290691621206,1404677.1877929647,10.0,35000,0.78,120000
357,-0.0088401415422574,-0.004903822548327,-0.0031735193244369,-0.002997826172238,-0.0235328318857454,-0.0031860547990486,-0.0169208633959466,-0.0030256360731736,-0.0081559200331906,-0.0034982304935482,338.27430289945914,1161.2519745458194,1360689.0611858151,10.0,35000,0.78,25000,388.6034196551323,1317.8402402219338,3470279.2073369925,15.0,0.0,0.0,120000,364.2392525255862,1201.346292304403,2265419.3042182974,10.0,15000,0.55,120000,339.8499319036278,1176.3391032823272,1405356.8352295437,10.0,35000,0.78,120000
358,-0.0088941680508651,-0.0049291594783739,-0.0032348736479927,-0.0030224860809621,-0.0236989469885661,-0.003224764075763,-0.0170239172684393,-0.0030657184466358,-0.0081980571832583,-0.0035107947193043,338.4040101135639,1161.11309105919,1360174.7087377578,10.0,35000,0.78,25000,388.6700790761906,1318.4119197334326,3469351.650726203,15.0,0.0,0.0,120000,364.1107697705757,1201.9849643010932,2269132.697739992,10.0,15000,0.55,120000,339.792663094579,1176.615383910142,1404182.1659341215,10.0,35000,0.78,120000
359,-0.0089909554919485,-0.0050002483302184,-0.0032527484819773,-0.0030394244163928,-0.0239336552037646,-0.0032488263901546,-0.0171493374470108,-0.0031011154190083,-0.0082608059499478,-0.0035551255096574,338.35474736835687,1162.1403219502924,1360765.7843689714,10.0,35000,0.78,25000,388.65188538250084,1317.9301660435451,3467954.80913395,15.0,0.0,0.0,120000,364.2226064650542,1201.7697579742148,2265986.6228724606,10.0,15000,0.55,120000,339.9663401129231,1177.7954076800263,1403883.82580753,10.0,35000,0.78,120000
360,-0.009049281375105,-0.0050176581308809,-0.0032730352265249,-0.0030525972920352,-0.0241336576688253,-0.0032750726827851,-0.017273342902263,-0.0031299438246621,-0.0083207306036039,-0.0036099738604935,338.36859022871755,1162.7510789808623,1360037.2216469208,10.0,35000,0.78,25000,388.5893693601552,1318.4859487130486,3465883.847579037,15.0,0.0,0.0,120000,364.201050831553,1201.4061641376204,2266059.24601236,10.0,15000,0.55,120000,339.90774134351364,1176.8784245376312,1404597.6728688718,10.0,35000,0.78,120000
361,-0.0091110261537402,-0.0050367810758258,-0.0033012103074975,-0.0030809042736414,-0.0243196933192618,-0.0032937333109705,-0.0174623247738795,-0.0032126897800027,-0.0083843291460399,-0.0036555051580708,338.3123621152775,1161.948873956451,1359689.5878306571,10.0,35000,0.78,25000,388.6543908816956,1319.2727079521617,3466110.1091339607,15.0,0.0,0.0,120000,364.21084161509674,1202.666770916946,2265317.2533544963,10.0,15000,0.55,120000,339.915170791362,1178.090212165268,1403847.1195007216,10.0,35000,0.78,120000
362,-0.0091654877788973,-0.0050743643980739,-0.0033328460945039,-0.0030918889455044,-0.0245089354870409,-0.0033212938260686,-0.0175768681322962,-0.0032286037860845,-0.0084546803341514,-0.0036752985784977,338.4264714059429,1162.3756754068488,1359989.92979044,10.0,35000,0.78,25000,388.73589692713915,1319.785556597012,3468766.63171544,15.0,0.0,0.0,120000,364.31705296403106,1204.5347906922532,2265859.0328780524,10.0,15000,0.55,120000,339.996446724513,1178.0231382462973,1401946.75696824,10.0,35000,0.78,120000
363,-0.0092352396703723,-0.0050890037263063,-0.0033704633913039,-0.0031004320654807,-0.0246787984543675,-0.0033534773626619,-0.0177727517285723,-0.0032865535753288,-0.0085112782508113,-0.0036979807493723,338.45458594173294,1163.9570613691087,1359836.54687403,10.0,35000,0.78,25000,388.75945685906913,1320.94293374818,3467205.502893311,15.0,0.0,0.0,120000,364.3137606755576,1202.9873175990476,2267881.0008205245,10.0,15000,0.55,120000,340.02067445890304,1178.269757921849,1404239.5885378108,10.0,35000,0.78,120000
364,-0.0092956511312284,-0.0051446420745873,-0.0033978850021494,-0.0031287402866819,-0.024856204917162,-0.0033622939115244,-0.0178832586640893,-0.0033388278145549,-0.0085900749234435,-0.0037298389520885,338.4806762745277,1163.9457378781567,1358317.9191404248,10.0,35000,0.78,25000,388.79693798222553,1321.5325196599088,3465730.6008784263,15.0,0.0,0.0,120000,364.36588935248784,1205.340529473696,2263417.6271683313,10.0,15000,0.55,120000,339.9828962097593,1179.3397355626826,1403544.5007660356,10.0,35000,0.78,120000
365,-0.00935111867707,-0.0051781548955473,-0.0034118470751635,-0.0031726312699843,-0.025027382321476,-0.0034086284673598,-0.017992240243532,-0.0033970410559417,-0.0086855473464451,-0.0038006324720906,338.42210974134247,1165.005933965889,1359763.3479792597,10.0,35000,0.78,25000,388.72691694075934,1321.185000959578,3466080.985579713,15.0,0.0,0.0,120000,364.283546716919,1204.672830804757,2264108.248533018,10.0,15000,0.55,120000,340.09406691759614,1178.2753434228107,1402551.2070904204,10.0,35000,0.78,120000
366,-0.0094142602256454,-0.0052156758364137,-0.0034462660967709,-0.0031925896977429,-0.025218850772217,-0.0034246898544457,-0.0181134131751829,-0.0034527774858608,-0.0087285681142517,-0.0038324076928194,338.449136821615,1164.1862985876573,1359121.2034693856,10.0,35000,0.78,25000,388.87962224090825,1322.2476337173064,3464806.1681776876,15.0,0.0,0.0,120000,364.47558750545886,1205.5885914876367,2263547.69756039,10.0,15000,0.55,120000,339.9927202697944,1180.0358006011875,1402934.4935013782,10.0,35000,0.78,120000
367,-0.0094600947355694,-0.0052351518221004,-0.0034547863586341,-0.003213702809536,-0.0254394234291844,-0.0034872839213292,-0.0182325713917544,-0.0034859537165424,-0.0087764066098174,-0.0038573748405655,338.54574597208676,1165.4176129276118,1358974.4941950082,10.0,35000,0.78,25000,388.7545995798742,1321.8436201008271,3463121.545647593,15.0,0.0,0.0,120000,364.3588905486624,1205.0459116603747,2263655.3227884844,10.0,15000,0.55,120000,340.10738852680475,1179.5864783969207,1403150.4876140882,10.0,35000,0.78,120000
368,-0.009514742222557,-0.0052938078990987,-0.0035031818825173,-0.0032260341307552,-0.0256122816864555,-0.0035130992147055,-0.0183446643255999,-0.0035195887813824,-0.0088373805803225,-0.0038866224748377,338.62189458565445,1166.0252600684432,1358508.6264075541,10.0,35000,0.78,25000,388.71842501502096,1323.5480145330264,3463233.3099009804,15.0,0.0,0.0,120000,364.397557276886,1205.682087992148,2263759.886249274,10.0,15000,0.55,120000,340.085871681742,1181.5964474027344,1402626.1034125648,10.0,35000,0.78,120000
369,-0.0095956457204866,-0.0053658720219788,-0.0035118202419467,-0.0032345060046618,-0.0257909664463103,-0.0035326044447122,-0.018463955837593,-0.0035557560419144,-0.0089213058971923,-0.0039148303147289,338.60514274054657,1166.6769655687046,1358686.8331966733,10.0,35000,0.78,25000,388.7705342844716,1323.1977488392845,3465809.663422421,15.0,0.0,0.0,120000,364.394230429274,1206.6801109702826,2263210.2618763046,10.0,15000,0.55,120000,340.15361542980315,1181.2734158439653,1401252.8969411058,10.0,35000,0.78,120000
370,-0.0096912018304642,-0.0053809890881951,-0.0035580315864398,-0.0032442879113583,-0.0259599611806287,-0.0035656398574693,-0.018599638593475,-0.0035671600626674,-0.0089699526763242,-0.0039312407584054,338.686498482825,1166.7374748491698,1358013.6100635543,10.0,35000,0.78,25000,388.82537532386885,1324.2023426269498,3461933.0689988025,15.0,0.0,0.0,120000,364.3442462005668,1208.1977138173468,2263621.354312404,10.0,15000,0.55,120000,340.11942444028335,1180.873183900514,1401747.5141433007,10.0,35000,0.78,120000
371,-0.0097501788909687,-0.0054323767069062,-0.0035768378994442,-0.0032845963277387,-0.0261327853162523,-0.0035854244011932,-0.0187111924482765,-0.0036098293905406,-0.0090545007420124,-0.0039467282493509,338.6066457327798,1166.1984415015747,1358831.069294579,10.0,35000,0.78,25000,388.93058201666275,1323.7382788598597,3462939.909580572,15.0,0.0,0.0,120000,364.4614481341689,1207.393724851509,2262415.4270127392,10.0,15000,0.55,120000,340.14264247094735,1180.9046211927596,1401880.979897432,10.0,35000,0.78,120000
372,-0.0097939093206196,-0.0054566591430612,-0.0036143739245515,-0.0033032485699888,-0.0263240554804342,-0.0035928626235252,-0.0188510794121518,-0.0036642031916213,-0.0091094187392935,-0.0039870910510757,338.5978517436942,1167.6278680797423,1357757.9395820748,10.0,35000,0.78,25000,388.9268559481753,1325.97517961149,3461914.5553340446,15.0,0.0,0.0,120000,364.48618144111094,1207.8243346785591,2261886.7985039754,10.0,15000,0.55,120000,340.15096979014805,1182.9793098485443,1400894.818944139,10.0,35000,0.78,120000
373,-0.0098839139016281,-0.0054826168809733,-0.0036368473539091,-0.0033487996825103,-0.0264901086965464,-0.0036062062575765,-0.0189782665994807,-0.0036942950772679,-0.0091575884329592,-0.0040015760837148,338.80138989158337,1167.113988526582,1358204.964352314,10.0,35000,0.78,25000,388.93366424002534,1325.5626694878526,3462928.968358572,15.0,0.0,0.0,120000,364.4138754434774,1207.980820377982,2261946.356406699,10.0,15000,0.55,120000,340.2182029415215,1181.7385586955822,1401185.0352903486,10.0,35000,0.78,120000
374,-0.0099758607220355,-0.0055624375984762,-0.0036718210555249,-0.0034263285849642,-0.0266810616963663,-0.003651596451054,-0.0191267559745097,-0.0037422069096714,-0.0092535588559063,-0.0040829729070876,338.65925617810376,1168.5815033160357,1357942.6619503635,10.0,35000,0.78,25000,388.8715595878201,1326.0696100943678,3461777.623926751,15.0,0.0,0.0,120000,364.4690224909279,1207.9235343662097,2260288.7664433103,10.0,15000,0.55,120000,340.2380308233362,1183.5471374943725,1399644.0313504105,10.0,35000,0.78,120000
375,-0.010030199798106,-0.0055838793714869,-0.0036980637515548,-0.0034458033200051,-0.0268702883536276,-0.0036649717121306,-0.0192601461504797,-0.0037728386960245,-0.009301684122436,-0.0041054429889535,338.6423007117396,1168.2559779100523,1358235.9353853874,10.0,35000,0.78,25000,388.9155007825177,1326.1905244887985,3458346.1290347953,15.0,0.0,0.0,120000,364.54384914101274,1210.66336803471,2258955.927514542,10.0,15000,0.55,120000,340.3292962337245,1183.9539881511193,1400118.1823288118,10.0,35000,0.78,120000
376,-0.0101423284045836,-0.0056009275805648,-0.0037371868368962,-0.003494333517053,-0.0270487156482644,-0.0036752032659384,-0.0193879552558655,-0.003791219633642,-0.0093510702819795,-0.0041199145392203,338.78654959305965,1168.2272643114636,1356643.6551011521,10.0,35000,0.78,25000,388.94904445897396,1325.4699841714098,3460798.2708934112,15.0,0.0,0.0,120000,364.65836305012704,1209.9075301925798,2260342.2252793233,10.0,15000,0.55,120000,340.28401573182276,1182.3038033673856,1399527.146969136,10.0,35000,0.78,120000
377,-0.0101910852350766,-0.0056233430160704,-0.0037452807555198,-0.0035208983036495,-0.0272272055339628,-0.0037069906293683,-0.0195089376201779,-0.0038019973622949,-0.0094351502931466,-0.00413182073183,338.7064070624803,1169.4922077394667,1357839.3300368623,10.0,35000,0.78,25000,388.99873065074365,1328.2833894433838,3458884.4126123763,15.0,0.0,0.0,120000,364.61425381178304,1210.5151614714914,2259626.2068324788,10.0,15000,0.55,120000,340.2838449683398,1184.3438972434803,1397708.823997687,10.0,35000,0.78,120000
378,-0.010262923532282,-0.0056688739747204,-0.0037662805289317,-0.0035493591496943,-0.0274973871383591,-0.0037443477340805,-0.0196786839774782,-0.0038758606067277,-0.0095112579501676,-0.0041606425248589,338.7584319015558,1169.3645362679251,1357106.4692116964,10.0,35000,0.78,25000,388.9570446179257,1328.2800505025748,3457194.3162299814,15.0,0.0,0.0,120000,364.55526304450734,1211.8929638812224,2259442.5895132613,10.0,15000,0.55,120000,340.3461364124365,1183.8261214212705,1398114.9034171351,10.0,35000,0.78,120000
379,-0.0103386397427847,-0.0056843397238485,-0.0038045102651988,-0.0035535948344185,-0.0276936075229438,-0.0037813478383726,-0.0198021266679187,-0.0039042494245251,-0.0095924072549264,-0.0041896974963567,338.92034476406803,1170.2834828813177,1356913.3015221262,10.0,35000,0.78,25000,389.02938806770953,1328.6384607723376,3457890.9395934343,15.0,0.0,0.0,120000,364.5189728732842,1211.4418846027804,2258397.2382813348,10.0,15000,0.55,120000,340.36904205075905,1183.7897042958446,1398322.8037317877,10.0,35000,0.78,120000
380,-0.0103964612006462,-0.0057226061926612,-0.0038151924746606,-0.0035893335440381,-0.0278675189269367,-0.0037893635943404,-0.0199052891031001,-0.0039234420017299,-0.0096405055722687,-0.0042240138119666,338.9195079888587,1170.3062623224657,1357850.17495963,10.0,35000,0.78,25000,389.0643934876828,1328.13504151903,3457486.466892441,15.0,0.0,0.0,120000,364.57254644859233,1211.7234570980459,2258091.5598214865,10.0,15000,0.55,120000,340.2874097294747,1186.3194857508995,1397923.7151398514,10.0,35000,0.78,120000
381,-0.0104959382258035,-0.0057855850170916,-0.0038708565383919,-0.0036363564946597,-0.0280586698753054,-0.0038405785867,-0.0200322284557338,-0.0039809590057296,-0.0097118835522138,-0.0042607332894382,338.8889279923995,1171.4678826711963,1357011.7086367104,10.0,35000,0.78,25000,389.1040165367956,1329.1499651721747,3457569.6330748666,15.0,0.0,0.0,120000,364.7207619682325,1211.7646777957448,2258241.9989695544,10.0,15000,0.55,120000,340.42033731925164,1185.2459834508143,1398414.036856509,10.0,35000,0.78,120000
382,-0.0105390195358165,-0.0058671397518028,-0.0038798946161128,-0.003646883745625,-0.028252943263928,-0.0038943590839049,-0.0201605761248869,-0.0040215220613567,-0.0097632525515562,-0.0043273417908954,338.9147917365666,1170.9423084961834,1355968.346799993,10.0,35000,0.78,25000,389.0638685840698,1328.5558711127296,3455702.239460382,15.0,0.0,0.0,120000,364.63674142379756,1212.3819977431076,2257601.5164671056,10.0,15000,0.55,120000,340.52239356383757,1186.5689595749054,1396551.150277066,10.0,35000,0.78,120000
383,-0.0105848088903782,-0.0058918139271635,-0.003913692341126,-0.0036534623490199,-0.0284654161225526,-0.0039174860545856,-0.0202752840841378,-0.0040628769444732,-0.0098238737871313,-0.0043366458920652,338.9244809348489,1170.9679123571736,1356461.3364972887,10.0,35000,0.78,25000,389.15511829723204,1329.9331230488442,3455396.275614035,15.0,0.0,0.0,120000,364.7521550198963,1212.5676860747,2256138.9152445267,10.0,15000,0.55,120000,340.33322308127146,1186.0007176672173,1398132.360817304,10.0,35000,0.78,120000
384,-0.0106951198851967,-0.0059145817813628,-0.0039492873095353,-0.0036739610550121,-0.028643774968843,-0.0039360424788912,-0.0204299499653399,-0.0040925338192713,-0.0099092591855338,-0.0043561436266417,338.9073183306176,1171.2571691555477,1356622.7244134627,10.0,35000,0.78,25000,389.11632212532135,1330.369986856343,3454944.1957745207,15.0,0.0,0.0,120000,364.7065103108359,1213.6870917633744,2257114.884201312,10.0,15000,0.55,120000,340.3885010402412,1186.5658885977925,1398245.9836735057,10.0,35000,0.78,120000
385,-0.0107815605102314,-0.0059340316671334,-0.0039899788364418,-0.0036959134187209,-0.0288386138944549,-0.0039503723969129,-0.0205524932768265,-0.004116460197792,-0.0100530935965642,-0.0043645517839652,339.0151052845587,1172.8881666107252,1356399.7191532978,10.0,35000,0.78,25000,389.0591507759234,1331.60560960337,3454814.0890230127,15.0,0.0,0.0,120000,364.72606123248255,1213.2832666288084,2256040.004252111,10.0,15000,0.55,120000,340.51080723754376,1187.39478640412,1396435.8441122512,10.0,35000,0.78,120000
386,-0.0108428332896911,-0.0059581059183688,-0.0040390879470838,-0.0037219970190818,-0.0290810513775009,-0.0039854896105635,-0.0206636550465282,-0.0041354115962402,-0.0101322143230216,-0.00437740621917,339.0351400688298,1172.5820642706117,1356051.1991656015,10.0,35000,0.78,25000,389.1211243269861,1331.9343650373346,3453116.3642482,15.0,0.0,0.0,120000,364.6896995108431,1213.839859068992,2254896.513979098,10.0,15000,0.55,120000,340.4318137160078,1187.9088405427653,1398029.313389915,10.0,35000,0.78,120000
387,-0.0109023427805418,-0.0059816744177375,-0.0040661106743857,-0.0037553617332008,-0.029317878406122,-0.0040185540357947,-0.0207746769948026,-0.0041464233928958,-0.0102170214170204,-0.0044468776961998,338.96949418889284,1173.6950159785706,1357060.33072459,10.0,35000,0.78,25000,389.13837839194235,1333.7040995748123,3453133.772573098,15.0,0.0,0.0,120000,364.7100125135157,1214.014647125003,2255355.4768082243,10.0,15000,0.55,120000,340.4810095097663,1188.1168065553081,1396726.4870768983,10.0,35000,0.78,120000
388,-0.010980226612739,-0.0060222745026583,-0.0041001670689698,-0.0037708754300596,-0.029529042636228,-0.0040621674165542,-0.0208769448238189,-0.004194509545804,-0.0102644631956656,-0.0044708862140653,339.06341459468825,1173.3311374635255,1356030.7987017499,10.0,35000,0.78,25000,389.2410150454433,1333.1745263574353,3452944.6418076856,15.0,0.0,0.0,120000,364.7113365529262,1215.0925859898737,2255745.8897133786,10.0,15000,0.55,120000,340.61775100633787,1188.9801850219571,1395717.604321779,10.0,35000,0.78,120000
389,-0.0110467124323761,-0.0060478995369282,-0.0041397802223412,-0.0037789264775588,-0.0297715974720101,-0.0040965552727199,-0.0209916073189732,-0.004203980368872,-0.0103169284008331,-0.0044952449795389,339.06996054452696,1174.38799478454,1355632.5383513693,10.0,35000,0.78,25000,389.2787839579992,1333.8645430525858,3451721.801004254,15.0,0.0,0.0,120000,364.81526180466415,1215.2204671261625,2255367.486023231,10.0,15000,0.55,120000,340.54579373030697,1189.560786474454,1396008.6568503252,10.0,35000,0.78,120000
390,-0.0110937089595953,-0.0060726538167399,-0.0041458630081762,-0.0038071385401746,-0.0300248089760597,-0.0041567500927456,-0.0211140555802411,-0.0042343965208645,-0.0103875992347806,-0.0045160491697821,339.0445468704333,1174.771153647078,1355795.9145784704,10.0,35000,0.78,25000,389.1318843602795,1334.1919838899187,3453430.2467353917,15.0,0.0,0.0,120000,364.80767120939487,1215.744793441923,2252999.401951596,10.0,15000,0.55,120000,340.5867151908703,1189.633183014116,1397229.8407297458,10.0,35000,0.78,120000
391,-0.0111360891623818,-0.0061726738750071,-0.004170463158977,-0.0038295984302039,-0.0302261082911224,-0.0041987432102679,-0.0212056686384324,-0.0042522296418635,-0.0104384869551732,-0.0045718020578767,339.0650201582771,1175.4068641194092,1354818.2398929773,10.0,35000,0.78,25000,389.2262218171719,1334.6780191703774,3451018.5031390265,15.0,0.0,0.0,120000,364.7782893816304,1216.5204994209223,2252013.152572022,10.0,15000,0.55,120000,340.602822499012,1190.2085753972533,1395725.0193332583,10.0,35000,0.78,120000
392,-0.0111936590524763,-0.006231678305754,-0.0042205462658784,-0.0038569289248339,-0.030496622886304,-0.0042161938223037,-0.0213320671033925,-0.0042675321047579,-0.0104961212626893,-0.0046023896572902,339.14372752884145,1175.6352795718963,1355397.4227415111,10.0,35000,0.78,25000,389.2703457627684,1336.0881276702853,3450897.6471003555,15.0,0.0,0.0,120000,364.7085766236778,1216.9595520450453,2254508.431889943,10.0,15000,0.55,120000,340.5450358687335,1190.1425818036178,1397502.960827621,10.0,35000,0.78,120000
393,-0.0112383634488634,-0.0063219357284562,-0.0042536708914635,-0.0038785998203681,-0.0307368523610426,-0.004250387565578,-0.0214388992707915,-0.0043269677878615,-0.0105472768877928,-0.0046188478176554,339.14942311767135,1175.6156679971928,1354807.8977221043,10.0,35000,0.78,25000,389.2282010264711,1335.3230410691579,3448464.1077974583,15.0,0.0,0.0,120000,364.84066021664216,1217.874844010162,2250912.934229638,10.0,15000,0.55,120000,340.5569453626572,1191.2014564370254,1396436.4163963438,10.0,35000,0.78,120000
394,-0.0112795946227629,-0.0063363162234636,-0.0042711809469083,-0.0038983267202043,-0.0309600991456681,-0.0042700993515242,-0.0215334871866368,-0.0043715063109247,-0.0106228956501308,-0.00465892804328,339.18833560770787,1175.7092249760283,1354824.4098712825,10.0,35000,0.78,25000,389.2666406112423,1335.9982907504334,3449662.1521682227,15.0,0.0,0.0,120000,364.7139094775748,1217.3096775513127,2252048.6541844546,10.0,15000,0.55,120000,340.78994364062055,1191.0774628539448,1395972.8370771098,10.0,35000,0.78,120000
395,-0.0113595376270483,-0.0063564158713343,-0.0043140983015501,-0.0039118650269425,-0.0311662622508164,-0.0043203540014837,-0.021633658982048,-0.0043810230214761,-0.0106815989043259,-0.0047297076902098,339.1868241337073,1176.1072647472663,1354359.6695649459,10.0,35000,0.78,25000,389.33265442552937,1336.3822913902147,3447593.9878245993,15.0,0.0,0.0,120000,364.8127415592233,1218.0639306705148,2250151.552750716,10.0,15000,0.55,120000,340.63238037654656,1192.0264858217563,1394808.3102381644,10.0,35000,0.78,120000
396,-0.0114029264910388,-0.0064011475743058,-0.0043165902430544,-0.0039894145287515,-0.0313904292526642,-0.0044012170714281,-0.0217653034828738,-0.0044038843448351,-0.0107556138809886,-0.0047589378796573,339.21240837354014,1177.1811582488017,1354170.0314682373,10.0,35000,0.78,25000,389.32636909060045,1336.9004952448972,3446872.464184046,15.0,0.0,0.0,120000,364.96477549504516,1218.9421937296374,2252621.1549498215,10.0,15000,0.55,120000,340.66803156179884,1191.3701260659075,1392874.3458659274,10.0,35000,0.78,120000
397,-0.0114474333916223,-0.006440988968007,-0.0043457739409441,-0.0040101552841203,-0.0316040962426618,-0.0044387535179638,-0.0218705377074726,-0.0044332462208043,-0.0108103439204387,-0.0047752200166774,339.2769476988007,1177.695068689444,1355317.259888343,10.0,35000,0.78,25000,389.3404509276218,1337.8822171514546,3446346.460068012,15.0,0.0,0.0,120000,364.8486356896212,1219.9145624798973,2249530.562711789,10.0,15000,0.55,120000,340.72624010598645,1191.0713967162797,1394645.9495485483,10.0,35000,0.78,120000
398,-0.0114959130221536,-0.0064608444422938,-0.0043647972443013,-0.0040362196445031,-0.0318252714451187,-0.0044493998743863,-0.0219784290086816,-0.0044707401815868,-0.0108913413370079,-0.0048004644154931,339.304602294396,1177.877300276837,1353735.3210143906,10.0,35000,0.78,25000,389.3177501632626,1336.448203618356,3447200.208315746,15.0,0.0,0.0,120000,364.9161179485667,1219.298311024526,2249489.3584517133,10.0,15000,0.55,120000,340.8190827799747,1192.5198118214146,1394722.925905014,10.0,35000,0.78,120000
399,-0.0115597572454814,-0.0064791080865702,-0.0043979954618666,-0.0040775636121004,-0.0320681314290786,-0.00447114562655,-0.0220743992423701,-0.0044807389347667,-0.0109383110034858,-0.0048157970051424,339.28790873064156,1177.752440687887,1354029.20226496,10.0,35000,0.78,25000,389.43707307561203,1338.4082920280441,3446013.5032353634,15.0,0.0,0.0,120000,364.9374562714952,1221.181492072798,2248652.991233386,10.0,15000,0.55,120000,340.6638898488935,1193.534168701447,1395035.1815694836,10.0,35000,0.78,120000
400,-0.0116350610797721,-0.0065094951182374,-0.0044800422665696,-0.0040972441202338,-0.0323152685991056,-0.004482886526006,-0.0221717927350435,-0.0045382029768164,-0.0110143116685562,-0.0048573855263056,339.3377165716166,1178.382981864993,1354273.200091693,10.0,35000,0.78,25000,389.43579153266813,1337.886089651245,3445869.110567895,15.0,0.0,0.0,120000,364.9786725830171,1220.5794652158518,2248766.0920719756,10.0,15000,0.55,120000,340.7724171368195,1193.6032658302172,1393350.30081937,10.0,35000,0.78,120000
401,-0.0116746407816439,-0.0065436570112775,-0.0044955008222843,-0.0041135586006464,-0.0325682121462527,-0.0044864673806961,-0.022262380947661,-0.0045675563495765,-0.0110961093360022,-0.0048664190999034,339.29711093385515,1179.1822331083185,1353966.618414195,10.0,35000,0.78,25000,389.4698645272979,1339.202800296823,3444948.2308575874,15.0,0.0,0.0,120000,364.9536880514949,1220.6771570861956,2249699.134485372,10.0,15000,0.55,120000,340.8483649582376,1193.6098552185158,1391706.7532627054,10.0,35000,0.78,120000
402,-0.0117527786409641,-0.006571825253745,-0.0045301550730115,-0.0041451108097115,-0.032835286273586,-0.0045353812282114,-0.0224091043119142,-0.0046551770459462,-0.0111689758333398,-0.0049126653635868,339.3648989764785,1179.8408224988707,1352820.8745126065,10.0,35000,0.78,25000,389.5015178202685,1340.271567361119,3444570.983700281,15.0,0.0,0.0,120000,364.93141738170226,1222.2962068177058,2249043.1701833,10.0,15000,0.55,120000,340.8802597596602,1194.5195207907254,1393094.0541239693,10.0,35000,0.78,120000
403,-0.0117941804566612,-0.0066162146476525,-0.0045410957758819,-0.0041734040004599,-0.0330595097742063,-0.0045511855634943,-0.0225017032567609,-0.0047073237273559,-0.0112447288281504,-0.0049515821071861,339.43375000708664,1179.7495466217367,1352815.769829308,10.0,35000,0.78,25000,389.46067650139065,1339.761859787311,3444728.993760759,15.0,0.0,0.0,120000,364.9816444020275,1222.9790520884912,2248586.2482080087,10.0,15000,0.55,120000,340.9229445461412,1194.3355346296744,1393042.452622279,10.0,35000,0.78,120000
404,-0.011859189475334,-0.006632816622207,-0.0045761633651631,-0.0041799000724264,-0.033281067153738,-0.0045821997471357,-0.0225932375620596,-0.0047139866219225,-0.0113336955336363,-0.0049803167085012,339.43682160412516,1180.7069046283711,1353622.2245505238,10.0,35000,0.78,25000,389.46506071166334,1340.2903152113438,3442271.185176587,15.0,0.0,0.0,120000,364.9726612382642,1223.372148985895,2249144.544206627,10.0,15000,0.55,120000,340.87488663792726,1195.1535399208801,1393443.7039339321,10.0,35000,0.78,120000
405,-0.0119272516049773,-0.0066731560157163,-0.00460209414876,-0.0042119425445292,-0.0335112617839071,-0.0046025533898243,-0.0227648744020092,-0.0047260448140834,-0.0114020961445409,-0.0050094624650168,339.4663479677595,1181.5008475206669,1353125.085546356,10.0,35000,0.78,25000,389.5379561797334,1342.6943355494095,3442431.3498616116,15.0,0.0,0.0,120000,365.01858225356756,1224.2407776728928,2246384.843027312,10.0,15000,0.55,120000,340.8593556383508,1194.4696330501363,1393252.1255901763,10.0,35000,0.78,120000
406,-0.0120029170005988,-0.0067225591616624,-0.0046119180850864,-0.004237188245207,-0.0337774387223411,-0.004662450436927,-0.0228660106619212,-0.0047771168040616,-0.0114984433907436,-0.0050287533572327,339.4416685531045,1182.437047415582,1353000.2180295095,10.0,35000,0.78,25000,389.5074373215069,1342.0071305118445,3440602.3191748313,15.0,0.0,0.0,120000,364.9582329181633,1223.8498196263472,2246502.6638301215,10.0,15000,0.55,120000,340.9155042886352,1196.4042968513668,1394538.9073347354,10.0,35000,0.78,120000
407,-0.0120880239366778,-0.0067795897948926,-0.0046510981996052,-0.0042823423050423,-0.0339817375414188,-0.0046821786053499,-0.0229633542028417,-0.0048079526882554,-0.0115714991592061,-0.0050386463415854,339.44164835247255,1181.718220369616,1352090.9836509977,10.0,35000,0.78,25000,389.45377483583314,1343.5056067915637,3442068.225925018,15.0,0.0,0.0,120000,365.0094225641675,1224.734807977257,2246318.853441649,10.0,15000,0.55,120000,340.93147402467815,1196.3911606959193,1391988.7422406836,10.0,35000,0.78,120000
408,-0.012132561395175,-0.0068248438878453,-0.0047077688596684,-0.0043087800850276,-0.034189533579829,-0.0047273239668109,-0.0231087099736573,-0.0048223974337888,-0.0116349784517131,-0.0050645913447006,339.5150251303488,1183.3506035502655,1352598.1644092381,10.0,35000,0.78,25000,389.73738472593317,1343.6913922368062,3440665.2114890385,15.0,0.0,0.0,120000,365.10737072695383,1224.7012195447596,2246714.8983900365,10.0,15000,0.55,120000,340.996291358777,1197.6795271891685,1392217.4057603732,10.0,35000,0.78,120000
409,-0.0121959823301106,-0.0068872371271351,-0.004768973391294,-0.0043313720074685,-0.0344574795760184,-0.0047320744756986,-0.023204773030903,-0.0048467465613205,-0.0117103183635973,-0.0051469990374901,339.57255945756543,1182.7926377755189,1351587.6814497963,10.0,35000,0.78,25000,389.6801458608148,1344.7273184438532,3439988.629096392,15.0,0.0,0.0,120000,365.1573669259007,1226.0791348296557,2246951.078359618,10.0,15000,0.55,120000,340.95888570519696,1196.0260407756025,1392955.4258712693,10.0,35000,0.78,120000
410,-0.0122499590182413,-0.0069462884967861,-0.0048025005370348,-0.0043791002363621,-0.0346743833345099,-0.0047675054387023,-0.0232964693351222,-0.0048684332565624,-0.0117722729278193,-0.005203812366212,339.52814987304697,1182.9634577844968,1351943.4706417266,10.0,35000,0.78,25000,389.55235729770123,1343.7315160829705,3441660.211409214,15.0,0.0,0.0,120000,365.0272561078743,1225.2334355232226,2243676.156399038,10.0,15000,0.55,120000,341.0527985074546,1197.427663245379,1389989.0010559687,10.0,35000,0.78,120000
411,-0.0122890321453943,-0.0069630033704967,-0.0048374078297068,-0.0044085002133942,-0.0348894696492865,-0.004777904602508,-0.0234337083176197,-0.0048931807761056,-0.0118152965178459,-0.0052273528264137,339.64566034024597,1183.040759833845,1351770.39381719,10.0,35000,0.78,25000,389.68460485910293,1345.9166885892664,3439095.2419644077,15.0,0.0,0.0,120000,365.02675505323157,1226.579644006317,2244234.9621231034,10.0,15000,0.55,120000,341.0047869132762,1198.5837619806705,1391920.6318393855,10.0,35000,0.78,120000
412,-0.0123465053976743,-0.0069786176864989,-0.0048413290129016,-0.0044488857496063,-0.0351785680126096,-0.0048458197893937,-0.0235726564985704,-0.0049066642875385,-0.0118765529054201,-0.0052750276122373,339.5879618370841,1184.6409576458582,1351782.7969232297,10.0,35000,0.78,25000,389.6313223365912,1345.5813587396442,3438280.9438398667,15.0,0.0,0.0,120000,365.11142055492695,1226.7020204748437,2243004.586885048,10.0,15000,0.55,120000,341.1009176971658,1198.3897333793316,1390521.2753179925,10.0,35000,0.78,120000
413,-0.012387264596689,-0.0070288768010488,-0.0048553927879123,-0.0044834805780101,-0.0354170484494034,-0.0048876435884426,-0.0237144024475008,-0.0049276187461175,-0.0119193551872685,-0.0053324125928068,339.65008902900905,1184.4748316266632,1351934.1598650925,10.0,35000,0.78,25000,389.74346441824116,1346.5135534333315,3436505.528741251,15.0,0.0,0.0,120000,365.1020367536645,1228.615438273919,2242562.52975573,10.0,15000,0.55,120000,341.05386304719644,1198.4334918980285,1389995.632215033,10.0,35000,0.78,120000
414,-0.0124360171331633,-0.007059407153605,-0.0048913146494532,-0.0044969885134813,-0.0356514159639839,-0.0049254055056519,-0.0238618565512369,-0.0049823233563221,-0.0119889317724467,-0.0053650640571772,339.72831573833173,1185.4353576641734,1351176.1872283544,10.0,35000,0.78,25000,389.6305934137775,1346.417111675123,3436244.7330461824,15.0,0.0,0.0,120000,365.19492512202953,1228.0464949153281,2242068.379474157,10.0,15000,0.55,120000,341.199339572475,1199.5424193061046,1389127.1594048706,10.0,35000,0.78,120000
415,-0.0124951391705989,-0.0070838212896046,-0.0049285153882675,-0.0045484561084893,-0.0358730390155196,-0.0049800751837304,-0.0239797142509632,-0.0050234540707787,-0.0120466485078995,-0.0054252261354164,339.6791048093149,1185.3497025400675,1351176.8244083242,10.0,35000,0.78,25000,389.6887859073625,1347.1704872159949,3435502.791042727,15.0,0.0,0.0,120000,365.26110207642046,1229.082775106981,2241935.311522851,10.0,15000,0.55,120000,341.1833374949399,1199.9318522391009,1392316.62789174,10.0,35000,0.78,120000
416,-0.0125708701240336,-0.0071112532941756,-0.0049747622165214,-0.0045588414615143,-0.0360762307781917,-0.0050126548769915,-0.024075323086821,-0.0050453450905515,-0.0120905347482467,-0.0054610105249596,339.7572422790256,1185.74072120941,1350523.2017037368,10.0,35000,0.78,25000,389.76963957485975,1348.6962729701436,3434066.990396814,15.0,0.0,0.0,120000,365.14604051638946,1229.5945186191611,2240301.618242164,10.0,15000,0.55,120000,341.1517954843744,1200.5550803744252,1388455.4732082514,10.0,35000,0.78,120000
417,-0.0126116827652468,-0.0071309360398217,-0.0049759040214272,-0.0045651397532236,-0.036351884362985,-0.0050334500539034,-0.0242123943527634,-0.0050792186579108,-0.0121476877814338,-0.0054827541500683,339.74721362215104,1186.8969389365259,1350435.6204428754,10.0,35000,0.78,25000,389.82408702291457,1347.6527160082221,3434166.977268829,15.0,0.0,0.0,120000,365.2975527444591,1228.9849457562811,2242334.9924733276,10.0,15000,0.55,120000,341.2122596697312,1200.4747452815236,1388779.6294356566,10.0,35000,0.78,120000
418,-0.0126885209712538,-0.0071485415321736,-0.0049858208731492,-0.004583684214521,-0.0365573194563558,-0.0050634839716402,-0.0243270006050717,-0.0051008049293298,-0.0122056054695343,-0.0055011812841877,339.7662610089329,1187.54816702113,1351173.2930865204,10.0,35000,0.78,25000,389.88219461753613,1348.6117114887845,3435014.5582187125,15.0,0.0,0.0,120000,365.27637028807624,1231.2272238891137,2241411.538132903,10.0,15000,0.55,120000,341.25193681308036,1201.9366964763603,1386982.5322223727,10.0,35000,0.78,120000
419,-0.0127944566691794,-0.0071742811748336,-0.0050233967559053,-0.0046139808072095,-0.0367589257639141,-0.0050908300474357,-0.0244641534739136,-0.0051396492265211,-0.0122566099967283,-0.0055147046037809,339.7568796858552,1187.8664103314838,1349984.2742016115,10.0,35000,0.78,25000,389.8288825339265,1349.0403747430305,3434175.854877754,15.0,0.0,0.0,120000,365.2144856250057,1231.2014355668834,2239572.074851429,10.0,15000,0.55,120000,341.28352641800984,1200.443419775006,1388763.5487083872,10.0,35000,0.78,120000
420,-0.0128518246115983,-0.0071919261876964,-0.0050244124427026,-0.0046482328541866,-0.0370151185258735,-0.005100410364889,-0.0245694797643539,-0.005191825648578,-0.0123027751677313,-0.0055303464915006,339.8144227402232,1189.2456089060843,1349570.9009204314,10.0,35000,0.78,25000,389.8412609048195,1350.8159207364706,3432254.605046094,15.0,0.0,0.0,120000,365.34401257091974,1231.2172935211279,2239862.4052716256,10.0,15000,0.55,120000,341.31211726551885,1201.3983914102266,1389572.6512383183,10.0,35000,0.78,120000
421,-0.0129006618888693,-0.0072099287235606,-0.0050274904999679,-0.004676010518873,-0.0372209195647972,-0.0051332971125671,-0.0246797498488068,-0.0052452570410913,-0.012382863134712,-0.0055655861938474,339.9034786275677,1188.4881302285332,1349633.5765688065,10.0,35000,0.78,25000,389.754582572297,1350.884408519251,3432857.592913052,15.0,0.0,0.0,120000,365.37786402373195,1231.4546264419273,2239990.3272387395,10.0,15000,0.55,120000,341.2209584292026,1202.0113598403489,1388723.14971972,10.0,35000,0.78,120000
422,-0.0129793221514065,-0.0072498344370901,-0.0050576614979445,-0.0046842025453489,-0.0374503115979358,-0.0051885341771033,-0.0247710454586674,-0.0052670826915634,-0.0124274043938652,-0.0055767010575483,339.9265838186154,1188.6794282039468,1350045.3715786014,10.0,35000,0.78,25000,389.8165846387515,1350.471337020002,3432835.563134722,15.0,0.0,0.0,120000,365.2867391118584,1231.9583964435308,2239170.89286964,10.0,15000,0.55,120000,341.3434785214149,1203.1602184888231,1388308.729446179,10.0,35000,0.78,120000
423,-0.0130415854788256,-0.0072675721848047,-0.0050914398651034,-0.0047504194912131,-0.037681238353203,-0.0051950338516508,-0.0248801282087259,-0.0053026967107612,-0.0125545629712992,-0.005617235369511,339.93772672119627,1190.0774057448987,1349571.4954704146,10.0,35000,0.78,25000,389.9628632866816,1352.9812940185,3429890.9591570282,15.0,0.0,0.0,120000,365.3322148139227,1232.5798244486534,2239729.441973868,10.0,15000,0.55,120000,341.37543292864723,1203.1394130008507,1385820.860114034,10.0,35000,0.78,120000
424,-0.0130936018871716,-0.0073081544474651,-0.0051024905822971,-0.0047972725989871,-0.0378815640261118,-0.0052538488675408,-0.0250124265772027,-0.0053288956644222,-0.0125998636326323,-0.0056474025098758,339.97432647170956,1188.7601285927576,1349972.2008862193,10.0,35000,0.78,25000,389.8858031671104,1352.1182659525853,3429396.6543516284,15.0,0.0,0.0,120000,365.3833575186921,1232.595702682758,2238555.763591405,10.0,15000,0.55,120000,341.39391169200843,1202.8007019697568,1387116.3359257788,10.0,35000,0.78,120000
425,-0.0131623787049704,-0.007368609536586,-0.0051222181926227,-0.004819835709534,-0.0381006722835335,-0.0053044724578727,-0.0251112598698254,-0.0053688056933926,-0.0126636474462102,-0.0056649128815142,339.9432594367212,1190.5691071303067,1348617.5133399933,10.0,35000,0.78,25000,389.93137614924234,1352.4001381461333,3428471.393516345,15.0,0.0,0.0,120000,365.24495036285686,1233.5070188852444,2237097.222511184,10.0,15000,0.55,120000,341.35248154541614,1204.5939720392,1387235.4273758396,10.0,35000,0.78,120000
426,-0.0132089103228044,-0.0074207914955124,-0.0051282865836273,-0.0048340118352448,-0.0383701474424684,-0.0053660247836326,-0.0252555978013892,-0.0054083613213214,-0.0127116672319413,-0.005707387550757,340.01051779162447,1190.6395962286172,1348714.6462705738,10.0,35000,0.78,25000,389.986234336209,1353.6477206433021,3428309.4775592303,15.0,0.0,0.0,120000,365.3815864854947,1235.217575554376,2238398.3200960835,10.0,15000,0.55,120000,341.36804078915645,1204.4107925648686,1385891.6887315316,10.0,35000,0.78,120000
427,-0.0132603097503107,-0.0074668463916451,-0.0051390775200976,-0.0048676746893484,-0.038596880410539,-0.0054422669582814,-0.0253940911671827,-0.0054232516692495,-0.0127596807431799,-0.0057699919074184,339.9916308966309,1191.3254647417525,1349196.0180464422,10.0,35000,0.78,25000,389.90244638622147,1353.2232617633401,3430187.2022991236,15.0,0.0,0.0,120000,365.3760454019212,1235.3704854891098,2235176.7669670386,10.0,15000,0.55,120000,341.4696000082145,1204.5714420857978,1385409.3414261925,10.0,35000,0.78,120000
428,-0.0133025765928845,-0.007496822941138,-0.0051804032534166,-0.0049041840927724,-0.0388097755931967,-0.005476334022271,-0.0255014859167604,-0.0054568026511797,-0.0128141586251024,-0.0058193123643606,340.13019200394615,1192.5618487754066,1348722.4548381886,10.0,35000,0.78,25000,389.99085215161784,1354.4326802267524,3426999.5305660777,15.0,0.0,0.0,120000,365.39214444905207,1236.028878893344,2236756.963104982,10.0,15000,0.55,120000,341.49791031834445,1205.9170435379322,1385227.6869711312,10.0,35000,0.78,120000
429,-0.0133501565590098,-0.0075131247074345,-0.0052241274191409,-0.004938470046768,-0.0390271167622407,-0.0055071440183647,-0.025611713230036,-0.0054650507666409,-0.0128588601321844,-0.0058279100173864,340.114712189869,1193.2483528935318,1348188.5219044832,10.0,35000,0.78,25000,389.9769839681978,1354.3664769328345,3425566.8130529136,15.0,0.0,0.0,120000,365.4787419721603,1235.5817117386775,2236590.217255937,10.0,15000,0.55,120000,341.45545250945395,1205.018929084753,1386807.4866042885,10.0,35000,0.78,120000
430,-0.0133992092348211,-0.0075517767055147,-0.0052277270514741,-0.0050033419570811,-0.0392288009456601,-0.0055094675011859,-0.0257357544267898,-0.0054780225456869,-0.0129076268945711,-0.00584279633164,340.11590302266404,1193.0761998278026,1348019.841683557,10.0,35000,0.78,25000,390.03797553362296,1355.1916889834713,3427694.369416614,15.0,0.0,0.0,120000,365.36615067824573,1236.090174647121,2234734.24522178,10.0,15000,0.55,120000,341.64976177639653,1205.69155287827,1384831.51775503,10.0,35000,0.78,120000
431,-0.0134723305423668,-0.0076162976135214,-0.0052313870045129,-0.0050489791547408,-0.0394584460240026,-0.0055201582680599,-0.0258954858129238,-0.0055061693822809,-0.0129494072401006,-0.0058617181497414,340.1825950348108,1193.3664130352863,1348452.6119087657,10.0,35000,0.78,25000,390.04197725922984,1355.8359787897837,3425861.1966186604,15.0,0.0,0.0,120000,365.4979134098469,1236.606757519493,2234078.6340479287,10.0,15000,0.55,120000,341.48022317278674,1206.7409196627657,1383859.8917503662,10.0,35000,0.78,120000
432,-0.0135288986656498,-0.007634615982533,-0.0052417504905008,-0.0050677588565034,-0.0397055812034275,-0.0055528575784751,-0.0260176959673734,-0.005578686304678,-0.013044703663685,-0.0059267940814748,340.08806901133124,1194.6313838694218,1347845.1077002406,10.0,35000,0.78,25000,390.0144898768066,1357.2525105643972,3423346.6165904608,15.0,0.0,0.0,120000,365.52756023196025,1237.8078867703516,2234114.3453087974,10.0,15000,0.55,120000,341.63996355918795,1206.4738252227794,1384566.904511455,10.0,35000,0.78,120000
433,-0.0135686178369237,-0.007671070043731,-0.0052530953007362,-0.0050785493274288,-0.0399291082207333,-0.0055657804743371,-0.0261193197294942,-0.0055969062045719,-0.0131196522545752,-0.0059425289121151,340.2461735402139,1193.8551912167266,1346469.6932296662,10.0,35000,0.78,25000,390.1229849455372,1357.828919464473,3424510.3871985055,15.0,0.0,0.0,120000,365.50352237992195,1237.2756534103942,2233576.005379997,10.0,15000,0.55,120000,341.60250096941104,1206.863960359398,1384588.6977562993,10.0,35000,0.78,120000
434,-0.0136330280055914,-0.0077188522281381,-0.0052613738250378,-0.0051244503348687,-0.0401391853551331,-0.0055935717022763,-0.0262172039686155,-0.0056182967789603,-0.0131727016235548,-0.005956039612981,340.2424686286197,1194.2316475419452,1347134.3651114015,10.0,35000,0.78,25000,390.0646394773117,1358.8892604746907,3421837.669698921,15.0,0.0,0.0,120000,365.4950370211773,1237.1610604600935,2234051.9032102153,10.0,15000,0.55,120000,341.5480403260219,1207.274787699993,1384153.089276651,10.0,35000,0.78,120000
435,-0.0136781020422169,-0.0077391810618489,-0.0052841199133969,-0.0051573727782936,-0.04036484346135,-0.0056268380737223,-0.0263199966223283,-0.0056404192594224,-0.0132147979705026,-0.0059739837209047,340.2803622075212,1195.8186677303352,1347070.9108222027,10.0,35000,0.78,25000,390.1265787786971,1357.9445026079052,3422825.5536196423,15.0,0.0,0.0,120000,365.4792830533818,1238.0880563541566,2231374.452028722,10.0,15000,0.55,120000,341.6196350495035,1207.2093525875691,1384317.976039784,10.0,35000,0.78,120000
436,-0.0137293368950713,-0.0077629780399024,-0.0052890498608366,-0.0052018621728262,-0.0406068646139901,-0.0056283563962425,-0.0264254445308414,-0.0056791511926678,-0.0132938148676126,-0.0059921684385422,340.32910096831887,1196.0807145359179,1347009.6555602816,10.0,35000,0.78,25000,390.1482460391267,1358.7087548100653,3420223.8713267767,15.0,0.0,0.0,120000,365.58520882845625,1239.4074120790285,2234671.686705938,10.0,15000,0.55,120000,341.62558978345464,1208.1875404902303,1384293.348588019,10.0,35000,0.78,120000
437,-0.0138131935476618,-0.0077885615502569,-0.0053042914853979,-0.0052258618740895,-0.0408439178975969,-0.0056860263767303,-0.0265413041164859,-0.0056915579355278,-0.0133468231902181,-0.006014959555779,340.3857075197674,1196.875524847964,1347339.4624472999,10.0,35000,0.78,25000,390.14217338751155,1360.9483308465535,3419400.295238342,15.0,0.0,0.0,120000,365.6106517851379,1239.7240109771544,2232637.37944333,10.0,15000,0.55,120000,341.71400551548186,1208.8111037275885,1383557.1285508533,10.0,35000,0.78,120000
438,-0.0138675937330625,-0.0078492369201105,-0.0053564842572116,-0.0052757178036822,-0.0411027848601834,-0.0057408053181246,-0.026645077165224,-0.0057074748520615,-0.013430426928707,-0.0060306018243747,340.28123994753605,1197.0767209637506,1346098.1541521545,10.0,35000,0.78,25000,390.18296037059963,1359.6358964096414,3419556.5889244047,15.0,0.0,0.0,120000,365.54189444797925,1239.4897187266668,2231347.9835239258,10.0,15000,0.55,120000,341.69355306483084,1209.8846527374253,1382270.1621735494,10.0,35000,0.78,120000
439,-0.0139142250502421,-0.0078870348995776,-0.0053648370169222,-0.0052854940071341,-0.0413282389209485,-0.0057447269053079,-0.0267394829052311,-0.0057471582240743,-0.0134716745082129,-0.0060534524875054,340.31100349768326,1197.3996848719362,1346496.7328412328,10.0,35000,0.78,25000,390.20504343161315,1361.3478731948785,3419601.4177823197,15.0,0.0,0.0,120000,365.68508712043956,1241.890433113614,2230672.1415597727,10.0,15000,0.55,120000,341.71523540277866,1208.925572306908,1382817.8097569365,10.0,35000,0.78,120000
440,-0.0140021819071822,-0.0079583758684045,-0.0054095986378034,-0.0053243740329786,-0.0415485954353379,-0.0057733840077219,-0.0268721582674445,-0.0057573820631642,-0.0135177636016091,-0.0060729078424205,340.3435961112848,1197.6511730196623,1345561.8070407894,10.0,35000,0.78,25000,390.21955281259704,1360.4206056629464,3418505.8355699424,15.0,0.0,0.0,120000,365.69667573977256,1240.9007679100678,2229979.4359196364,10.0,15000,0.55,120000,341.737897365464,1209.259211245826,1380788.1486593352,10.0,35000,0.78,120000
441,-0.0140621109448507,-0.0079835318664658,-0.0054212936704767,-0.0053545035981551,-0.0417548557249306,-0.005849345962504,-0.026992198580061,-0.0058358334487781,-0.0135824119275567,-0.006089280911007,340.47160359360225,1198.276087184523,1346207.701779455,10.0,35000,0.78,25000,390.29695050291133,1361.8967446984323,3418404.9482904873,15.0,0.0,0.0,120000,365.65856016959077,1241.3991964265872,2229149.6411987734,10.0,15000,0.55,120000,341.7325423640878,1210.866105435553,1381667.9867035595,10.0,35000,0.78,120000
442,-0.0141308971044452,-0.0080153346018743,-0.0054484000338345,-0.0054053227798795,-0.0420781486762403,-0.0058760818934055,-0.0270904289625878,-0.0058884524679536,-0.0136780611984706,-0.0061014938857178,340.4717145151337,1199.1149956776005,1346450.6397411402,10.0,35000,0.78,25000,390.2666816129041,1361.7380489514007,3417489.3565623225,15.0,0.0,0.0,120000,365.7267483507134,1241.5740333492672,2231083.1277607367,10.0,15000,0.55,120000,341.72490690195144,1209.8957275824846,1383976.9825959397,10.0,35000,0.78,120000
443,-0.0141710824863995,-0.0080437592142643,-0.0054803322690712,-0.0054272103087231,-0.0422972107713121,-0.0058885254075954,-0.0272132589862506,-0.0059266409326856,-0.0137576388473728,-0.0061123996948483,340.4558709905329,1199.2773592520507,1345393.6502764204,10.0,35000,0.78,25000,390.2963216612411,1362.3223437913982,3417288.1190787214,15.0,0.0,0.0,120000,365.7892166605219,1243.0231472931391,2228624.8353142533,10.0,15000,0.55,120000,341.8763309069558,1211.0610951734968,1381639.2351797128,10.0,35000,0.78,120000
444,-0.0142100937536398,-0.0080730815548747,-0.0055197541628838,-0.0054372760459906,-0.0424989796918083,-0.0059263005295332,-0.0273752134375838,-0.0059478054838108,-0.0138159167336435,-0.0061344431822942,340.44724834489915,1199.33770395822,1345452.724739724,10.0,35000,0.78,25000,390.3475358103796,1362.9990083926143,3415405.3619734165,15.0,0.0,0.0,120000,365.81953997324126,1243.1953352414582,2229444.8650566493,10.0,15000,0.55,120000,341.8496426920921,1212.6701621174875,1382064.3923500224,10.0,35000,0.78,120000
445,-0.014304726866135,-0.0080999260453348,-0.0055611773480613,-0.0054520720342755,-0.0426994757393978,-0.005973027996134,-0.0275174934283357,-0.0059570915347609,-0.013889138398179,-0.0061633214146154,340.4762181238597,1200.1519110470897,1345372.0770098371,10.0,35000,0.78,25000,390.3323586418476,1362.53061044482,3414888.3754900093,15.0,0.0,0.0,120000,365.7285379450435,1241.7350880604727,2228906.6510005835,10.0,15000,0.55,120000,341.8810729886843,1211.9907322101492,1381617.0725141661,10.0,35000,0.78,120000
446,-0.0143695233084581,-0.0081502940763728,-0.0055700882824276,-0.0054663585751715,-0.0429226816354723,-0.0060175907925548,-0.0276213141813883,-0.0059899897771051,-0.0139358906080494,-0.006205240350529,340.5555205109166,1200.973316923962,1344881.5058791575,10.0,35000,0.78,25000,390.41733929594216,1364.7106990162931,3415157.3244612026,15.0,0.0,0.0,120000,365.7223924339438,1243.5073178713792,2229074.6343273814,10.0,15000,0.55,120000,341.86874700415507,1211.989347742434,1380642.0465741483,10.0,35000,0.78,120000
447,-0.0144178164288357,-0.0081697320609284,-0.0055723793188427,-0.0054824011330763,-0.0431655286661763,-0.0060566876844078,-0.0277146745440184,-0.0060209502320636,-0.013983664566028,-0.0062305372060873,340.67938905810036,1201.5768059930572,1345618.133960106,10.0,35000,0.78,25000,390.3581525047937,1365.1115276231317,3416328.336218367,15.0,0.0,0.0,120000,365.750251300676,1245.3138505645186,2226501.0360873262,10.0,15000,0.55,120000,341.9059216672854,1214.244111309073,1380799.3836999668,10.0,35000,0.78,120000
448,-0.0144975820429239,-0.0082184563448663,-0.0056330998892516,-0.0055023243234574,-0.0433931028759318,-0.0060638471560597,-0.0278577285209025,-0.0060375688043701,-0.0140248023041958,-0.0062459273706513,340.6079736738875,1201.6810433014018,1344565.097487013,10.0,35000,0.78,25000,390.3247863778004,1366.986114248597,3414915.10042123,15.0,0.0,0.0,120000,365.7335873149603,1245.1380065634257,2226028.1517000436,10.0,15000,0.55,120000,341.945079855271,1213.9237663403414,1382154.4078331345,10.0,35000,0.78,120000
449,-0.0145545569997452,-0.0082510319547417,-0.0056924144155504,-0.0055716085685397,-0.0435967273845292,-0.0061054397671045,-0.0279734311517605,-0.006096713602082,-0.0140795818041319,-0.0063065537694135,340.63056628815673,1202.7796819788457,1344145.837026841,10.0,35000,0.78,25000,390.4300521416665,1366.0028822864454,3412912.716139289,15.0,0.0,0.0,120000,365.79390341839064,1244.9309115587405,2223769.3270083093,10.0,15000,0.55,120000,342.03767721715917,1213.6546518721993,1380355.3147960673,10.0,35000,0.78,120000
450,-0.0146117257547384,-0.0082903811316338,-0.0056968715175918,-0.0056227083678142,-0.0438154070659323,-0.0061187972791231,-0.0280925616692614,-0.0061273075128143,-0.0141281449994072,-0.006365335246702,340.6797922985147,1202.4445752709257,1344346.0568996205,10.0,35000,0.78,25000,390.4647049007183,1367.3118928394408,3413585.7191281547,15.0,0.0,0.0,120000,365.8833300764049,1247.0951202535246,2223696.2090697475,10.0,15000,0.55,120000,341.9548162564153,1214.737050894393,1380127.8781355238,10.0,35000,0.78,120000
451,-0.0146829656018196,-0.008308255654606,-0.0057116229089128,-0.0056379653548358,-0.0440158591364234,-0.0061317115427295,-0.0282002815749549,-0.0061457121162949,-0.014189330882359,-0.0063849428992498,340.7226191231362,1202.6866386171152,1343913.7407303548,10.0,35000,0.78,25000,390.40059508873605,1366.6710340538793,3413097.0208389675,15.0,0.0,0.0,120000,365.7638086343259,1244.9348763946255,2223954.919796435,10.0,15000,0.55,120000,341.98188438838963,1215.2847492783767,1378400.5043691332,10.0,35000,0.78,120000
452,-0.0147369722404702,-0.0083266508759404,-0.0057617326790764,-0.0056739287421233,-0.0442311178446097,-0.0061685311146906,-0.0283000732077151,-0.0061664797687062,-0.014232592566049,-0.0064057106034256,340.7041192563793,1203.395613676204,1344075.7744398226,10.0,35000,0.78,25000,390.41261069673436,1368.0404622089247,3408920.9901776314,15.0,0.0,0.0,120000,365.8303942037018,1247.3276383348348,2225447.187816783,10.0,15000,0.55,120000,342.0306728092084,1216.4701073022832,1379797.605871908,10.0,35000,0.78,120000
453,-0.0147850086119007,-0.0083456993195423,-0.0057646209756062,-0.005688415584529,-0.0444412328381592,-0.0061981255821887,-0.0284211180456105,-0.0062230645667007,-0.0142961739026607,-0.0064403697991854,340.67815635768824,1203.5951014521984,1344059.108528265,10.0,35000,0.78,25000,390.39695967041325,1368.2044121265374,3410620.3399688755,15.0,0.0,0.0,120000,365.840152963419,1246.8498222735639,2224216.4524522224,10.0,15000,0.55,120000,342.007667220953,1216.887758987987,1379590.725815869,10.0,35000,0.78,120000
454,-0.0148268410285507,-0.0083766677409469,-0.0058036673735712,-0.0057083721809016,-0.0446501044712198,-0.0062005797259363,-0.0285866298264079,-0.0062628331476503,-0.0143412780189029,-0.0064773757890403,340.75236211604323,1204.5217706404817,1344020.8272424508,10.0,35000,0.78,25000,390.5166863483552,1368.8886592194046,3408329.857970877,15.0,0.0,0.0,120000,365.8719559010847,1247.3090383206804,2222626.4623768716,10.0,15000,0.55,120000,342.1752274171085,1216.5387901818056,1377469.088662149,10.0,35000,0.78,120000
455,-0.0098761994265447,-0.0055784138216649,-0.0036315824181246,-0.0035293523138359,-0.0282929337101401,-0.0037036556877683,-0.0189854031466066,-0.0036609242549154,-0.009449251080179,-0.0040732451270999,338.6911966056998,1168.51221093412,1357503.278944675,10.0,35000,0.78,25000,389.0174292619328,1327.5244915943344,3458567.3918464296,15.0,0.0,0.0,120000,364.5162631331421,1210.2274886095738,2258996.762051186,10.0,15000,0.55,120000,340.3865648557791,1184.7298474823583,1399071.0091043385,10.0,35000,0.78,120000
456,-0.0101232743507652,-0.0057124353277869,-0.0036565381198357,-0.0035531332972328,-0.0294239060086188,-0.0037714549649724,-0.0195166331532836,-0.0037337521720059,-0.0097099918212503,-0.0041152998369212,338.8838689391184,1170.268593764202,1356601.2696450476,10.0,35000,0.78,25000,388.9833414401932,1330.9011403867846,3454370.0796112195,15.0,0.0,0.0,120000,364.6438082293465,1213.230195697752,2257506.975800782,10.0,15000,0.55,120000,340.43718923461694,1186.6153281150173,1397195.1518246594,10.0,35000,0.78,120000
457,-0.0102108377252758,-0.0057401325823882,-0.0037109671092829,-0.003559792178301,-0.0299687049849441,-0.0037896296304666,-0.019752055787023,-0.0037440399482143,-0.0097963980026137,-0.0041355499304672,338.9430732827531,1172.1808284055614,1355177.5022484362,10.0,35000,0.78,25000,389.1089093508585,1331.3202918737438,3452896.2385569788,15.0,0.0,0.0,120000,364.60204695126237,1213.921839596906,2255783.6670480543,10.0,15000,0.55,120000,340.45790616679466,1187.2718694014243,1399510.9339226312,10.0,35000,0.78,120000
458,-0.0102775151891554,-0.0057710410309978,-0.0037517902575134,-0.0035875998840403,-0.0302989720142841,-0.0038138707236183,-0.019899096346587,-0.0037604166609519,-0.0098887924088181,-0.0041550374181495,338.92727842749235,1173.544642132187,1355483.0097148074,10.0,35000,0.78,25000,389.16263700935326,1332.5788342044018,3452164.552636827,15.0,0.0,0.0,120000,364.6797686666953,1214.8224097747384,2256924.726514157,10.0,15000,0.55,120000,340.5469925471181,1187.9000077317153,1396133.9993696653,10.0,35000,0.78,120000
459,-0.0103306570278784,-0.0058027846037527,-0.0037713630164408,-0.0036200682060618,-0.0305549763261873,-0.0038649060807093,-0.0200515972474548,-0.0038395269271355,-0.0099718669031476,-0.0041850206630848,338.9990558798937,1174.2948295594563,1354564.7592610887,10.0,35000,0.78,25000,389.178401108357,1332.275977175233,3450902.54444705,15.0,0.0,0.0,120000,364.8114204572094,1215.2564925589725,2256845.880008089,10.0,15000,0.55,120000,340.6005689566465,1188.6334688013517,1394867.208130127,10.0,35000,0.78,120000
460,-0.0104050109851715,-0.0058293337775332,-0.0038204009107527,-0.0036602421159413,-0.0307702518011054,-0.0038686348473218,-0.0201553716762553,-0.0039059429213735,-0.0100408723236145,-0.0041980359329762,339.01535638599586,1172.9850674072554,1354825.731438512,10.0,35000,0.78,25000,389.2150067951433,1333.880325281608,3452112.42573858,15.0,0.0,0.0,120000,364.6542573874035,1214.9963172645582,2254368.6437539966,10.0,15000,0.55,120000,340.54292057017983,1189.3275199807315,1396667.025538476,10.0,35000,0.78,120000
461,-0.0104457322790003,-0.0059019471443501,-0.0038321541983655,-0.0036779064806176,-0.030978877962562,-0.0039271317881694,-0.0202523224400417,-0.0039673512339561,-0.0101210671903766,-0.0042453921329373,338.98618552209166,1174.4119626165661,1355050.9770090748,10.0,35000,0.78,25000,389.28554492948933,1333.5780425112193,3452785.734722892,15.0,0.0,0.0,120000,364.70373221815936,1215.0720153643817,2253247.9357754,10.0,15000,0.55,120000,340.52450959433963,1188.9698132943129,1395313.114835662,10.0,35000,0.78,120000
462,-0.0105254776315276,-0.0059385544581662,-0.0038354992657013,-0.0037251406354582,-0.0311887206664006,-0.0039590829079462,-0.0203746839993605,-0.0040346747269827,-0.010179806105355,-0.0042811601468415,338.9907731882703,1174.2413119764628,1355040.875060554,10.0,35000,0.78,25000,389.2299499129065,1333.9358227546704,3449713.108213268,15.0,0.0,0.0,120000,364.8502279276049,1216.1147737760346,2253124.69775483,10.0,15000,0.55,120000,340.558285305571,1189.9359861565606,1395705.9104166764,10.0,35000,0.78,120000
463,-0.0105757894633977,-0.005993887387953,-0.0038422631402667,-0.0037315391654011,-0.0314065066562837,-0.0039641672553077,-0.0205283382179585,-0.0040672249592466,-0.0102304618931676,-0.0043288260373624,339.0559641942579,1174.681311527353,1354734.502704209,10.0,35000,0.78,25000,389.32093545658586,1335.013667939501,3449977.0765954177,15.0,0.0,0.0,120000,364.71179265351816,1216.8792869837712,2251987.671353135,10.0,15000,0.55,120000,340.64916606046353,1190.2892952505006,1395561.6055822775,10.0,35000,0.78,120000
464,-0.0106436239285253,-0.0060132388166533,-0.0038569407569874,-0.0037733292091055,-0.0316494978452067,-0.0039925624521897,-0.0206894396439903,-0.0040752899836485,-0.0102826844176206,-0.0043646109672329,339.1291271839032,1175.3702443680672,1354402.7061806065,10.0,35000,0.78,25000,389.28406138917364,1334.570606433366,3448215.8660513246,15.0,0.0,0.0,120000,364.79707811891103,1217.441090309546,2252100.975039655,10.0,15000,0.55,120000,340.62222164400066,1189.6432047943779,1395914.7645156104,10.0,35000,0.78,120000
465,-0.0106883287304003,-0.0060371753326674,-0.0038682272034257,-0.0038189089994495,-0.0318569457761037,-0.0039981828581397,-0.0208703522710188,-0.0040866699537998,-0.0103792564370286,-0.0044236258558825,339.1078519094498,1175.7484948180838,1354883.9133618893,10.0,35000,0.78,25000,389.3876278129527,1336.160305740955,3448396.2892204835,15.0,0.0,0.0,120000,364.79507276888745,1218.5391311078665,2249829.990671635,10.0,15000,0.55,120000,340.72741535834115,1191.1261270635928,1394711.0708817171,10.0,35000,0.78,120000
466,-0.0107283232483775,-0.0060705612861943,-0.0039023026090267,-0.0038437604525549,-0.0320856668292686,-0.0040233735940904,-0.0209812511242875,-0.004108327166869,-0.0104594076218548,-0.0044319064136501,339.1175545977373,1176.2746421917827,1354025.5356462346,10.0,35000,0.78,25000,389.2068421068853,1336.7936222700607,3447024.903555559,15.0,0.0,0.0,120000,364.7718169563638,1217.8680166127087,2251742.5715570566,10.0,15000,0.55,120000,340.7223446858845,1191.0703021714526,1396208.3617375155,10.0,35000,0.78,120000
467,-0.0107959428160272,-0.0061307060558293,-0.0039389942362541,-0.0038694366432421,-0.03231299953636,-0.0040778319097046,-0.021142132308137,-0.0041771681817899,-0.0105244802918037,-0.0044671151794004,339.199147369622,1176.4650201757352,1353850.646450145,10.0,35000,0.78,25000,389.25584504235286,1336.4422809387836,3446380.7636322407,15.0,0.0,0.0,120000,364.8871240649454,1220.638459898335,2250199.0209637294,10.0,15000,0.55,120000,340.71711529941166,1191.3440355671767,1392695.0244550311,10.0,35000,0.78,120000
468,-0.0108584050215798,-0.006179805676148,-0.0039557135451422,-0.0039151664587989,-0.0325136991755617,-0.0040960758787072,-0.0212979395454539,-0.0041974812602436,-0.0105928071767125,-0.0045026824488789,339.2427136836356,1177.4941219707869,1352805.0980861476,10.0,35000,0.78,25000,389.39391344600057,1337.8826821801997,3447359.259750881,15.0,0.0,0.0,120000,364.8754538023423,1220.719607054713,2249917.542242354,10.0,15000,0.55,120000,340.6498404464287,1192.8198800719554,1396177.9959426143,10.0,35000,0.78,120000
469,-0.0109047740407556,-0.0062216385562608,-0.0039783202975338,-0.0039568345445858,-0.0327242259657224,-0.0041426693407266,-0.0214308198389215,-0.0042668335615692,-0.0106903354284087,-0.004552951900317,339.29379718729075,1177.2574535662532,1353483.7463780295,10.0,35000,0.78,25000,389.3429775754897,1337.1928958916774,3445876.749327603,15.0,0.0,0.0,120000,364.8908570569915,1220.3096967997985,2249854.93458153,10.0,15000,0.55,120000,340.6517844009434,1191.2006808796027,1394888.6855595356,10.0,35000,0.78,120000
470,-0.0109460568475517,-0.0062513666335629,-0.0039964556169126,-0.0039734108830303,-0.0329521520005366,-0.0041492855029883,-0.0215651804384503,-0.0043332460742743,-0.0107476961757088,-0.0045687179346123,339.2618041914548,1178.1919207886099,1353074.8094392866,10.0,35000,0.78,25000,389.2419180858547,1337.7102903383632,3445517.5224261377,15.0,0.0,0.0,120000,364.9136986493974,1221.094245155591,2247515.3379099295,10.0,15000,0.55,120000,340.82486013503114,1191.5583847186276,1395160.766089471,10.0,35000,0.78,120000
471,-0.0110252468016992,-0.0062785162213627,-0.0040440014777139,-0.0040000283540537,-0.0331902460123268,-0.004162507312029,-0.0216602486070023,-0.0043818701329635,-0.0107939449425637,-0.00461546895348,339.30943887696634,1178.9073289381272,1353504.172130266,10.0,35000,0.78,25000,389.4923660456977,1338.7279357765112,3444929.87907899,15.0,0.0,0.0,120000,364.89392980805343,1221.0086500975347,2247864.6454909397,10.0,15000,0.55,120000,340.7956874334254,1193.537659395445,1392899.8834860444,10.0,35000,0.78,120000
472,-0.0110839370360703,-0.0062988270505857,-0.0040770250411555,-0.0040419186882281,-0.0334717808141295,-0.004213398532445,-0.02176149489461,-0.0043954581777702,-0.0108622351903133,-0.0046298235321458,339.27571691951766,1178.75045797444,1352809.1357602954,10.0,35000,0.78,25000,389.40053198806413,1338.8599242730356,3444397.40295839,15.0,0.0,0.0,120000,364.976064351482,1222.103669296896,2251537.4320541453,10.0,15000,0.55,120000,340.7845464169106,1192.4374384838338,1393338.2210958255,10.0,35000,0.78,120000
473,-0.0111440526293056,-0.0063240990487869,-0.0040804951163075,-0.0040852087322901,-0.0336760293796264,-0.0042435693216987,-0.0218743709534671,-0.0044106844174937,-0.0109182698463029,-0.0046643411889453,339.42725760332974,1179.0354825199204,1353079.660844162,10.0,35000,0.78,25000,389.40329213215296,1339.8226711482364,3443415.5210393188,15.0,0.0,0.0,120000,364.917466122692,1222.3614512685126,2246995.9585015005,10.0,15000,0.55,120000,340.869392591253,1193.2156839516258,1391867.4991280143,10.0,35000,0.78,120000
474,-0.0112000566034962,-0.006347584560082,-0.0041228987939207,-0.0040915173419706,-0.033879698780428,-0.0042486232597703,-0.0219984626904764,-0.0044573600257179,-0.0109594479029801,-0.0047124296149777,339.4116436869742,1180.1486494984365,1352103.063838702,10.0,35000,0.78,25000,389.47330565234984,1340.8401727533644,3444523.296182195,15.0,0.0,0.0,120000,364.9766471752069,1222.4982020860925,2247891.1167049874,10.0,15000,0.55,120000,340.89500444840735,1194.4072406178216,1390777.4178447449,10.0,35000,0.78,120000
475,-0.0112400274448277,-0.0063940436202603,-0.0041291301818445,-0.0041347359058222,-0.0340815960491041,-0.0042685081472609,-0.0221224545693809,-0.0044643522893404,-0.0110264108439833,-0.0047565445514442,339.4456359134286,1180.6396369934748,1352473.4937291355,10.0,35000,0.78,25000,389.5101880305858,1340.5568042454183,3442724.9987303223,15.0,0.0,0.0,120000,364.85080921254655,1223.3974076318493,2245441.95492851,10.0,15000,0.55,120000,340.938042543061,1195.2662865473455,1391306.4242699826,10.0,35000,0.78,120000
476,-0.0113131053869367,-0.0064182739207254,-0.0041373857795014,-0.0041661418226134,-0.0343217088349052,-0.0042704232773464,-0.0222219997514491,-0.0045143431721268,-0.0110970688587655,-0.0047696578422526,339.4439552980098,1179.7283101614153,1352907.4008325816,10.0,35000,0.78,25000,389.48454744530756,1341.2539651501932,3441221.5106351348,15.0,0.0,0.0,120000,364.96920391320344,1223.130457776967,2246563.2595944055,10.0,15000,0.55,120000,340.96862102546504,1194.7862419716566,1390826.7561135087,10.0,35000,0.78,120000
477,-0.0113812238884991,-0.0064349671121205,-0.0041576078546764,-0.0042148106964805,-0.0345397064334914,-0.0042757540445862,-0.0223647375235476,-0.0045671762709016,-0.0111431185182846,-0.0047996279848238,339.51694279599155,1181.2842735512136,1352064.7176483597,10.0,35000,0.78,25000,389.54062392867263,1341.6108421433585,3440383.649840129,15.0,0.0,0.0,120000,364.9824098119835,1224.0831562447895,2244474.9240802657,10.0,15000,0.55,120000,340.94401294074055,1195.8999578005498,1392613.792562292,10.0,35000,0.78,120000
478,-0.011468576420018,-0.0064995059947448,-0.0041852856839943,-0.0042625661121061,-0.0347594525861363,-0.004289805639051,-0.0225029495651236,-0.0045931344507127,-0.0112077458929683,-0.0048219402654749,339.47045477757524,1182.6250427762639,1351867.725357306,10.0,35000,0.78,25000,389.5904142700042,1341.8819852657878,3439190.166289563,15.0,0.0,0.0,120000,365.08218373659514,1224.3869109285004,2245007.3185465974,10.0,15000,0.55,120000,340.98987374902066,1195.5191671967762,1392352.0929962727,10.0,35000,0.78,120000
479,-0.0115313783888908,-0.006517158220338,-0.0042016873086661,-0.0043114855689247,-0.0349731851165702,-0.0043240717505537,-0.0226069994962879,-0.0046115305992949,-0.0112710008739267,-0.0048738008146138,339.5258878728681,1183.3618442002287,1352326.0212978853,10.0,35000,0.78,25000,389.5647337683081,1343.921826345361,3438656.6260749395,15.0,0.0,0.0,120000,365.0459426109352,1224.6492874123069,2244344.937830345,10.0,15000,0.55,120000,341.0132587589738,1196.0331819088613,1391565.6833776974,10.0,35000,0.78,120000
480,-0.0115776336044496,-0.006547355959661,-0.0042459121489254,-0.0043162960929674,-0.0352041158100367,-0.0043314003234623,-0.0227190314010711,-0.0046268941843023,-0.0113462740461934,-0.0049460901891066,339.5414730910274,1182.4796965367948,1351540.572345633,10.0,35000,0.78,25000,389.6008198829807,1344.6445977157557,3438109.2737129456,15.0,0.0,0.0,120000,365.05988842635594,1225.6855132693734,2243270.73541541,10.0,15000,0.55,120000,341.04041389144913,1196.7613770556204,1389391.4423940126,10.0,35000,0.78,120000
481,-0.0116190241659942,-0.0065633867817064,-0.0042816402009577,-0.0043329628287782,-0.0354193111395541,-0.0043369381078505,-0.0228525100579927,-0.0046800732710991,-0.0114045607210802,-0.0049855845952873,339.5569681517187,1182.6176650343655,1351422.188098991,10.0,35000,0.78,25000,389.5370229354965,1344.9560090181494,3437344.1673689964,15.0,0.0,0.0,120000,365.0663147087095,1226.0057675240191,2245395.489602222,10.0,15000,0.55,120000,341.00149921699517,1197.1204420422603,1390857.2854539584,10.0,35000,0.78,120000
482,-0.011705230092121,-0.0065974640796427,-0.0043256984962811,-0.0043412503812667,-0.0356208524748314,-0.0043639448836617,-0.0229540264639078,-0.0047037908015217,-0.0114611637900233,-0.005009436791969,339.57081568548176,1183.3601048123535,1351089.0587630314,10.0,35000,0.78,25000,389.71017779417724,1344.0581393891866,3436495.8153595254,15.0,0.0,0.0,120000,365.1124349516099,1227.0989590275692,2244813.656987212,10.0,15000,0.55,120000,341.0985806745245,1196.010374814841,1389449.0063325248,10.0,35000,0.78,120000
483,-0.0117482589769794,-0.0066324682350181,-0.0043494536168667,-0.00438922855713,-0.0358299041991909,-0.0043928422973202,-0.0231039306008857,-0.0047468698247879,-0.0115286395149947,-0.0050592011749963,339.65369864938,1183.4884082389858,1351701.3236982264,10.0,35000,0.78,25000,389.60969842576526,1344.608854778616,3436650.016573719,15.0,0.0,0.0,120000,365.1916085800399,1227.206449445038,2242622.6552309645,10.0,15000,0.55,120000,341.12749059926637,1198.5468137011171,1389915.170384108,10.0,35000,0.78,120000
484,-0.011804371791574,-0.006683014847787,-0.0043540616785793,-0.0043933741856667,-0.0360463186829932,-0.0044196912602336,-0.0232316703206525,-0.0047850538117949,-0.0115800258787696,-0.0050686873060783,339.6411750239361,1184.0705224347423,1350784.6189063324,10.0,35000,0.78,25000,389.6354266785263,1345.1955831832904,3436163.7486191243,15.0,0.0,0.0,120000,365.1292434926391,1227.6057347003111,2241128.8887393908,10.0,15000,0.55,120000,341.11607645867474,1197.4044110570062,1389220.6283201529,10.0,35000,0.78,120000
485,-0.0118714532764277,-0.006714680737768,-0.0044368549301525,-0.0044474269337902,-0.0362533733259478,-0.0044618966192678,-0.023330558254803,-0.0047961876786526,-0.0116864379887586,-0.005098403379845,339.7650531612351,1185.15882058186,1350085.3337872878,10.0,35000,0.78,25000,389.65172555200206,1347.109118243509,3433709.7344138087,15.0,0.0,0.0,120000,365.1610421821753,1228.7523390897309,2241792.3220863594,10.0,15000,0.55,120000,341.087122413626,1198.618724221495,1390276.2755961183,10.0,35000,0.78,120000
486,-0.0119563337281628,-0.0067537403312449,-0.0044822436224112,-0.0044552964273443,-0.0364669046255046,-0.0045052422053411,-0.0234618308861757,-0.0048171925986488,-0.0117353265189013,-0.0051554642634502,339.6119847809128,1184.628824346878,1350721.3545585007,10.0,35000,0.78,25000,389.73009730219803,1346.3013562220626,3434832.6388257947,15.0,0.0,0.0,120000,365.1655665929024,1229.2267111421515,2241865.845878837,10.0,15000,0.55,120000,341.1262177961893,1199.5975656657165,1389908.6382580893,10.0,35000,0.78,120000
487,-0.0120317434707244,-0.0068029832666935,-0.0045057644866881,-0.0044634510982514,-0.0366756181520394,-0.0045506356747267,-0.0235685554994871,-0.0048353238140376,-0.0118190646419392,-0.0052045786484379,339.76734492117333,1186.1660971203453,1349675.053598455,10.0,35000,0.78,25000,389.71248077997427,1346.8912724228248,3434981.890388157,15.0,0.0,0.0,120000,365.1831189305465,1229.9542785185774,2242175.7633513226,10.0,15000,0.55,120000,341.1759018319324,1200.8387819598806,1389990.4863071414,10.0,35000,0.78,120000
488,-0.0121114670629008,-0.0068319119402848,-0.0045366945540854,-0.0044739763154331,-0.0369038856334941,-0.0045538268278489,-0.0236693958015904,-0.0048846092853374,-0.0118613738457668,-0.0052277576583498,339.74297853636574,1186.2214774940292,1350194.0064440381,10.0,35000,0.78,25000,389.78677958821777,1347.092022836389,3433257.4525507516,15.0,0.0,0.0,120000,365.2207975379049,1229.5071010830998,2240314.313417873,10.0,15000,0.55,120000,341.26754484285755,1200.2585644990043,1389414.171977041,10.0,35000,0.78,120000
489,-0.0121542232484257,-0.0068774305980325,-0.0045444601904132,-0.004503905885199,-0.0371094645014129,-0.0045933122282532,-0.0237700026454873,-0.0049103045768144,-0.0119493291938214,-0.0052905532946084,339.70155914511383,1187.1848214400857,1349633.4476526286,10.0,35000,0.78,25000,389.81986131464305,1348.3000885068352,3434447.1876364066,15.0,0.0,0.0,120000,365.1661892911356,1229.7917111877377,2240110.868979529,10.0,15000,0.55,120000,341.28836880290754,1200.5578237832908,1387824.0499736508,10.0,35000,0.78,120000
490,-0.0122388748293199,-0.0068928980177029,-0.0045456212864322,-0.0045372542489085,-0.037313709624283,-0.004617548265956,-0.0238703767523348,-0.0049480048211558,-0.0120086384018611,-0.0053225872453183,339.7936728021524,1187.1167718773138,1349250.5322793836,10.0,35000,0.78,25000,389.76960889007125,1350.183437759704,3432559.342354271,15.0,0.0,0.0,120000,365.22923036578993,1230.3784300088607,2240429.9109242405,10.0,15000,0.55,120000,341.346079696341,1200.755272434895,1388401.8827525547,10.0,35000,0.78,120000
491,-0.0123220213768893,-0.0069332450028621,-0.0045776420941383,-0.0045636751253282,-0.0375527975960174,-0.0046201508730941,-0.0239765801835575,-0.0049895581538999,-0.0120629651425221,-0.0053462546317176,339.8362688526987,1186.6624695930295,1350141.3049709108,10.0,35000,0.78,25000,389.8668621833016,1349.2370808383691,3432475.9330113083,15.0,0.0,0.0,120000,365.2385383060515,1230.261052215176,2239759.6690207347,10.0,15000,0.55,120000,341.30260564428363,1201.3870201400775,1388905.8863594548,10.0,35000,0.78,120000
492,-0.0123704414935666,-0.0069858596327789,-0.0045926313372433,-0.0045765208862857,-0.0377655960813243,-0.0046361277240819,-0.0240680770585178,-0.0050031771168182,-0.0121126693809675,-0.0053585100548042,339.85455252685716,1188.3623489223874,1349076.6468277203,10.0,35000,0.78,25000,389.8622637515729,1349.725115205077,3430699.5200370015,15.0,0.0,0.0,120000,365.2336790903524,1230.9346243224802,2238819.462969228,10.0,15000,0.55,120000,341.3098450798321,1201.9386645277173,1388616.6145858755,10.0,35000,0.78,120000
493,-0.0124202732256549,-0.0070426833781123,-0.0046018915475542,-0.0045799089720136,-0.0379893254110145,-0.0046484753684264,-0.0241813391797651,-0.0050524267701785,-0.0121890700636853,-0.0054083954070178,339.90843786484066,1187.6700702318096,1349215.914479727,10.0,35000,0.78,25000,389.77398842538497,1351.005257251993,3432066.434533281,15.0,0.0,0.0,120000,365.3189370189231,1231.5260641771797,2239080.4469985417,10.0,15000,0.55,120000,341.3674857144595,1201.5994113531,1386276.4738418586,10.0,35000,0.78,120000
494,-0.0124646283648346,-0.0070665423566619,-0.0046600277978495,-0.0046154281854902,-0.0382146890883745,-0.0046512927443844,-0.0242764982062776,-0.0050853554560788,-0.0122344174598191,-0.0054814789479375,339.82779765865655,1188.6741546979792,1348929.689597234,10.0,35000,0.78,25000,389.8056182107836,1350.776642007868,3428752.7295368607,15.0,0.0,0.0,120000,365.39665295841746,1231.370942652269,2238183.714056183,10.0,15000,0.55,120000,341.360254367747,1202.5334188399581,1386710.327075199,10.0,35000,0.78,120000
495,-0.0125154067808334,-0.0070976017933346,-0.0046619036876505,-0.0046410400505037,-0.038438045196842,-0.0046895068531945,-0.0243828843241529,-0.0051304994005106,-0.0122938947846283,-0.0054906970152863,339.8781253430826,1189.7003740127566,1349294.7260616233,10.0,35000,0.78,25000,389.84401422424435,1351.5629312801298,3428169.3932204065,15.0,0.0,0.0,120000,365.3306641802727,1232.7294745864856,2238302.4964602194,10.0,15000,0.55,120000,341.3774587180019,1202.3321095364017,1385190.3212057399,10.0,35000,0.78,120000
496,-0.0125637350365864,-0.0071681150661615,-0.0046897873969158,-0.0046921801218373,-0.0386776255042432,-0.0047039946118934,-0.0244918634052015,-0.0051449014404423,-0.012349597919419,-0.0055285618823275,340.01683207798504,1189.3396587758903,1348378.4242209378,10.0,35000,0.78,25000,389.88469746850785,1352.1172195371846,3428159.5594808,15.0,0.0,0.0,120000,365.3355025142809,1233.0196391495379,2236757.696570003,10.0,15000,0.55,120000,341.3964291896663,1203.0869711808025,1386692.3593824196,10.0,35000,0.78,120000
497,-0.0126256392234608,-0.0072343205682582,-0.0046982499601217,-0.0047198263711801,-0.0389022557408145,-0.0047332117865158,-0.024602568233808,-0.0051978886552413,-0.0124039290559498,-0.0055853980065067,339.96281052130496,1190.1295885176326,1348211.0855149438,10.0,35000,0.78,25000,389.92519387004154,1352.9751919770165,3427165.356641545,15.0,0.0,0.0,120000,365.3547684011074,1233.4648654862033,2234921.937099995,10.0,15000,0.55,120000,341.3565765028965,1203.980182205275,1386767.315383905,10.0,35000,0.78,120000
498,-0.0126988667609265,-0.0072752123067113,-0.0047153284575954,-0.0047650461279323,-0.0391247412527164,-0.0047912171221122,-0.0247042731154104,-0.0052626129074482,-0.012482842415145,-0.0056280488172984,339.95424733913666,1190.298233991105,1347908.5627923482,10.0,35000,0.78,25000,389.94860386298984,1353.4222071595482,3429308.419113358,15.0,0.0,0.0,120000,365.32253487050644,1233.8892674975634,2237073.671767198,10.0,15000,0.55,120000,341.51505857309024,1204.661297619892,1385789.255526553,10.0,35000,0.78,120000
499,-0.0127742445035651,-0.0072952124041356,-0.0047402564212108,-0.0048364135841671,-0.0393273703326924,-0.0048127323816806,-0.024836371433617,-0.0052972589515575,-0.012575728691945,-0.0056494032722853,340.04075672348,1190.7362870483867,1348889.8318158612,10.0,35000,0.78,25000,389.86394617902073,1353.8881351344937,3427472.9650718933,15.0,0.0,0.0,120000,365.4199569472635,1233.9513920856857,2236118.4968132246,10.0,15000,0.55,120000,341.42295695388833,1205.311726522724,1385274.5429829347,10.0,35000,0.78,120000
500,-0.0128415874129073,-0.0073096339537326,-0.0047728587152041,-0.0048767966311371,-0.0395433020494758,-0.0048339784884098,-0.0249393054260944,-0.0053339544372072,-0.0126335293755968,-0.005661380072171,340.0327902389308,1192.180313640716,1347618.5193373149,10.0,35000,0.78,25000,389.96679525823095,1354.642265809789,3425260.420289966,15.0,0.0,0.0,120000,365.5219137121265,1235.3285317148416,2237074.250239964,10.0,15000,0.55,120000,341.5070464442252,1204.6078294362956,1383906.7711428993,10.0,35000,0.78,120000
501,-0.0128836146809223,-0.0073418991059355,-0.0047794079062697,-0.0048824747558988,-0.0398077134813985,-0.0048618824083712,-0.0251092538611636,-0.0053559988346319,-0.0127677403705091,-0.0056817877185477,340.098507430797,1192.5730110131376,1347783.0108611458,10.0,35000,0.78,25000,390.00983812538357,1355.1294570146554,3424685.372995716,15.0,0.0,0.0,120000,365.4383622003034,1235.0711135652887,2234846.9076909656,10.0,15000,0.55,120000,341.41209086178026,1206.5097832895376,1384756.5327107448,10.0,35000,0.78,120000
502,-0.0129503622427706,-0.0073814093580131,-0.0048419909104318,-0.004929603865906,-0.0400508126730475,-0.0049061614540581,-0.0252089950545013,-0.0053708991630025,-0.0128297102855267,-0.005726540785109,340.1945839762556,1192.1663067804127,1347792.6939120926,10.0,35000,0.78,25000,390.03385928388406,1355.7610218543712,3423990.6337389955,15.0,0.0,0.0,120000,365.48951418607345,1236.760722322689,2235297.701521512,10.0,15000,0.55,120000,341.4966630123689,1205.526576158817,1384225.9752272593,10.0,35000,0.78,120000
503,-0.0130397560757932,-0.0074014146632952,-0.004897523309411,-0.0049352844570704,-0.0402574566369733,-0.0049538160412668,-0.0253420431286572,-0.0054275958590439,-0.0128843141053196,-0.0057429239552119,340.11018371756063,1192.787339823,1346819.3433378018,10.0,35000,0.78,25000,390.00492422440993,1356.1054848117099,3424669.1445932765,15.0,0.0,0.0,120000,365.41469397799693,1236.7254038800272,2233301.3673199853,10.0,15000,0.55,120000,341.4780514952728,1206.0210744585465,1386028.3600362244,10.0,35000,0.78,120000
504,-0.0130894810883807,-0.0074587298853196,-0.0049598881436731,-0.0049584008935509,-0.0404693092753155,-0.0049875647714681,-0.0254497991522129,-0.005495409712615,-0.0129628703946162,-0.0057511634597513,340.16239055259933,1194.652750311311,1347759.828087073,10.0,35000,0.78,25000,390.07952783538514,1356.6381784319874,3423560.2632866516,15.0,0.0,0.0,120000,365.5059447093217,1237.241723142413,2234741.7671797457,10.0,15000,0.55,120000,341.60143021741334,1207.778764220068,1385172.705207811,10.0,35000,0.78,120000
505,-0.0131686438565362,-0.0075195961905155,-0.0049823279193878,-0.0050486697914364,-0.0406807458494005,-0.0050231639523837,-0.0255552644037762,-0.0055801309865812,-0.0130382996266103,-0.0057694858842683,340.2661905499989,1194.144454409489,1347290.7555522802,10.0,35000,0.78,25000,390.0411016707724,1358.046896598415,3423782.1045074235,15.0,0.0,0.0,120000,365.54115020951303,1237.2061677811082,2232700.0326340264,10.0,15000,0.55,120000,341.62965605327406,1207.5504397999102,1384335.0615011572,10.0,35000,0.78,120000
506,-0.0132264736447789,-0.0076013963631126,-0.0049908613949778,-0.0050744943379272,-0.0408866690002928,-0.0051083662342897,-0.0256688612286431,-0.005662449254182,-0.0130868374199717,-0.0057810485863436,340.2287928939602,1194.8319930996886,1347050.690745157,10.0,35000,0.78,25000,390.0201854577432,1358.604573037591,3423772.872705423,15.0,0.0,0.0,120000,365.5636081046051,1237.653297985303,2231954.9359665047,10.0,15000,0.55,120000,341.5918776415669,1208.2885010909142,1381922.2397779773,10.0,35000,0.78,120000
507,-0.0132778912812151,-0.0076201910945139,-0.0049997218547084,-0.0051572123761963,-0.0410963991823374,-0.0051265239563431,-0.0257851975283951,-0.0057042510298067,-0.0131553255241439,-0.0058081094176251,340.1591512635879,1194.610421730136,1347530.6235395905,10.0,35000,0.78,25000,390.06071605325945,1358.5117309053157,3422297.2007113136,15.0,0.0,0.0,120000,365.58531360229375,1238.068909849953,2231629.5597237106,10.0,15000,0.55,120000,341.65964890553437,1208.535391181744,1383119.2951099584,10.0,35000,0.78,120000
508,-0.013365939817206,-0.0076673315894482,-0.0050198816455277,-0.0052239079983557,-0.0413326422941956,-0.005144349873179,-0.0258790871175141,-0.0057189295140599,-0.013206278245299,-0.0058452406461709,340.3223819035323,1196.7146029058613,1347274.8449015387,10.0,35000,0.78,25000,390.1190305144517,1357.3897225921753,3420977.961917008,15.0,0.0,0.0,120000,365.58732717059223,1239.3446884717587,2228928.7325677667,10.0,15000,0.55,120000,341.5958325720879,1208.5544498025738,1383572.9328080078,10.0,35000,0.78,120000
509,-0.0134462345532556,-0.0076961407068337,-0.0050608226906216,-0.0052621288988523,-0.0416014553432284,-0.0051692071811674,-0.0260310529707,-0.0057478292670385,-0.0132464926762162,-0.0058707340656548,340.28407278296,1196.1949260869605,1347327.384836761,10.0,35000,0.78,25000,390.1095657968657,1358.4178613971555,3419553.1085538054,15.0,0.0,0.0,120000,365.5314892180003,1239.3125371997485,2231116.598559225,10.0,15000,0.55,120000,341.65636682135977,1208.8307905253223,1382926.1401259445,10.0,35000,0.78,120000
510,-0.0135090309209333,-0.0077350184079993,-0.0050935777719681,-0.0053021300329786,-0.0418026574344805,-0.0051795222255438,-0.0261465016086179,-0.0057912887562562,-0.0133186409434811,-0.0059118794080931,340.3318643606347,1196.8203500906864,1346837.8608170452,10.0,35000,0.78,25000,390.1785790926577,1359.467516135016,3420437.9121388597,15.0,0.0,0.0,120000,365.610432748419,1240.655397531002,2229467.3473101263,10.0,15000,0.55,120000,341.7203875921233,1209.5583132043698,1382318.090818787,10.0,35000,0.78,120000
511,-0.013559474594259,-0.0078254514421885,-0.0051402459268459,-0.0053083204587445,-0.0420261894619291,-0.005211636983441,-0.0262553702894584,-0.0058174456645218,-0.0133837272104858,-0.005954278880008,340.2205900747976,1197.035299311621,1347124.8319992826,10.0,35000,0.78,25000,390.1947343243309,1360.614187112037,3418426.274995112,15.0,0.0,0.0,120000,365.5642060757484,1240.6256764794946,2229135.9481826634,10.0,15000,0.55,120000,341.6715406084872,1209.628510804759,1383017.3033939141,10.0,35000,0.78,120000
512,-0.0136221195849018,-0.0079085298120982,-0.0051673061654794,-0.0053189126435258,-0.0422578793275843,-0.0052411968600607,-0.0263636560938267,-0.0058966700279401,-0.0134499834771615,-0.0059748810172473,340.49636368653734,1197.0710445908296,1346298.918671263,10.0,35000,0.78,25000,390.21745045412024,1360.3405197693314,3417832.0469525545,15.0,0.0,0.0,120000,365.7261276170973,1240.6375677579695,2228839.3804143397,10.0,15000,0.55,120000,341.78151300252375,1210.0302784585156,1384278.542147191,10.0,35000,0.78,120000
513,-0.0136973040869709,-0.0079253369831197,-0.0051750976279505,-0.0053235026913712,-0.0424644022796049,-0.0053001033355111,-0.0265133829540263,-0.0059764789276706,-0.0135109491550828,-0.0059982385184756,340.49934942234165,1197.5549344897825,1346266.6166738549,10.0,35000,0.78,25000,390.2458096731468,1361.4664215980686,3419391.6628417987,15.0,0.0,0.0,120000,365.6054701834663,1240.8713146178618,2229931.8033742066,10.0,15000,0.55,120000,341.74664656733853,1210.9221449402244,1383972.5101348981,10.0,35000,0.78,120000
514,-0.0137435887192679,-0.0079665783562002,-0.005217626109809,-0.0053643283635072,-0.0426647700599895,-0.0053162124106574,-0.0266256330712828,-0.0060400202328706,-0.0135522199514919,-0.0060275867133707,340.5095554637296,1198.1275706709064,1346506.2976891838,10.0,35000,0.78,25000,390.1695352085203,1362.04874589865,3419151.215607414,15.0,0.0,0.0,120000,365.6334635134962,1242.7620510994825,2227160.1907801386,10.0,15000,0.55,120000,341.81097514173354,1209.5188486724605,1382985.6129127033,10.0,35000,0.78,120000
515,-0.0138113840987679,-0.0079945777957419,-0.0052464370325231,-0.0053677566656616,-0.0428906552386086,-0.0053204270788101,-0.026749473167612,-0.0060942593750916,-0.013623755536431,-0.0060407282670735,340.4931628576817,1198.4628116310278,1345537.8807376612,10.0,35000,0.78,25000,390.2913870569047,1362.1543620994892,3416507.9892842234,15.0,0.0,0.0,120000,365.6934604090463,1243.1139042658353,2229567.0271107266,10.0,15000,0.55,120000,341.8556011084583,1211.3163169172678,1382157.894379113,10.0,35000,0.78,120000
516,-0.0138672299211078,-0.0080407331079498,-0.0052796494711281,-0.0053721626731239,-0.0430978959396974,-0.0053450290722455,-0.0268888373317795,-0.0061157141084768,-0.0136915342243759,-0.0060706236797031,340.4659778971664,1199.083241910432,1346081.3424628521,10.0,35000,0.78,25000,390.2606143944337,1363.0783706677469,3418484.64323464,15.0,0.0,0.0,120000,365.7270896665505,1243.8425455883994,2228150.621310523,10.0,15000,0.55,120000,341.73291000362696,1211.1222088135703,1382760.2993707792,10.0,35000,0.78,120000
517,-0.0139066322967599,-0.0080668040928587,-0.0053047246443187,-0.005395217187323,-0.0433193920796084,-0.0053499170532496,-0.02699417937577,-0.0061293561916462,-0.0137563376445896,-0.0061555586061428,340.4294213172838,1199.0753698154513,1345259.5012918739,10.0,35000,0.78,25000,390.321845451423,1364.3682014117721,3414481.1228823583,15.0,0.0,0.0,120000,365.6805081257971,1242.4673477742144,2226005.3633483322,10.0,15000,0.55,120000,341.92558649839907,1211.544473590023,1380669.9487629416,10.0,35000,0.78,120000
518,-0.0139793848003282,-0.0080909402979257,-0.0053460467444382,-0.0054144412653652,-0.0435793401470835,-0.0053774626576356,-0.0271004374518413,-0.0061390439376451,-0.0138060445756999,-0.0061797951861961,340.4816046779081,1200.4630811573913,1345085.9151046348,10.0,35000,0.78,25000,390.26965207531674,1363.3345711296488,3414952.908021024,15.0,0.0,0.0,120000,365.7513234876012,1245.1589428594214,2226854.8095857636,10.0,15000,0.55,120000,341.8753776314322,1213.422319925476,1381961.253863323,10.0,35000,0.78,120000
519,-0.0140432676134059,-0.0081170125215177,-0.0053507379565035,-0.0054293990569049,-0.0437948571612109,-0.0054274485427027,-0.0272081527776301,-0.0062003668081567,-0.0139349544179362,-0.0062251421893649,340.5008810211707,1201.6030412213975,1345578.9494277549,10.0,35000,0.78,25000,390.3455484362369,1364.7775313281077,3416612.0978116547,15.0,0.0,0.0,120000,365.72462305345437,1245.2319562005755,2226529.989231426,10.0,15000,0.55,120000,341.946616998852,1213.406057603393,1381158.8888655521,10.0,35000,0.78,120000
520,-0.0140911699398582,-0.0081531425987811,-0.0053611052098191,-0.0054600703840316,-0.0440256514773809,-0.005470347132517,-0.0273026479348013,-0.0062284904883718,-0.0139800378953741,-0.0062772301974705,340.51382636981293,1200.6821489806728,1344595.3319209307,10.0,35000,0.78,25000,390.28052333645564,1365.9346761165887,3413062.260779365,15.0,0.0,0.0,120000,365.6298699349626,1246.0049531572379,2226725.9975933633,10.0,15000,0.55,120000,342.0015427376306,1213.6971658862292,1381205.5343530735,10.0,35000,0.78,120000
521,-0.0141858415213616,-0.008215971182804,-0.0054030468047884,-0.0054836116274051,-0.0442345431860806,-0.0054873408516996,-0.0274222754865368,-0.0062448788795916,-0.014035758602689,-0.0063052350595252,340.52152226134666,1201.7250158153063,1344439.8397896204,10.0,35000,0.78,25000,390.4149533119812,1366.0739841753718,3413224.698489182,15.0,0.0,0.0,120000,365.73254351011576,1244.647681320861,2225453.516637903,10.0,15000,0.55,120000,342.01495417364464,1214.168084788209,1378710.5543676876,10.0,35000,0.78,120000
522,-0.0142682849071989,-0.0082461213759774,-0.0054494307845541,-0.0055601619152627,-0.0444426175308432,-0.0055179379177975,-0.0275135206352396,-0.0062540321241632,-0.0140893138638862,-0.0063587187929526,340.6148681225026,1202.0644126807276,1344182.5982563475,10.0,35000,0.78,25000,390.3700341206189,1366.2559464906014,3411032.250554809,15.0,0.0,0.0,120000,365.7928228591949,1246.0653222355938,2224124.1220781663,10.0,15000,0.55,120000,342.0062207551149,1215.5276903078395,1378707.3330295268,10.0,35000,0.78,120000
523,-0.0143364878204202,-0.0083196729178569,-0.0054784393603534,-0.0055738409316825,-0.0446516070217695,-0.0055215432487409,-0.0276306082792773,-0.0062669575163906,-0.0141381849254264,-0.0064231096103865,340.66864477959876,1202.8549746060328,1344592.9095216962,10.0,35000,0.78,25000,390.43501144444417,1366.9445784495192,3412248.804808093,15.0,0.0,0.0,120000,365.7989772596303,1246.2898921299054,2224295.4689576533,10.0,15000,0.55,120000,342.0410071503992,1215.351046356469,1379212.017788375,10.0,35000,0.78,120000
524,-0.0143802256550597,-0.0083687221548722,-0.0054874533209556,-0.0055814746772298,-0.044858343961808,-0.0055566247792634,-0.0277296817754508,-0.0062974163258073,-0.0142062651970134,-0.0064758259879069,340.7141809993383,1203.7961952185797,1344239.412082883,10.0,35000,0.78,25000,390.40211534207054,1365.8035598111387,3410794.6411574916,15.0,0.0,0.0,120000,365.8281488446571,1247.040432239004,2224108.211541981,10.0,15000,0.55,120000,342.03682083151585,1215.7960970026415,1379619.2069482824,10.0,35000,0.78,120000
525,-0.0144398382741322,-0.0083978605047457,-0.0055089840930074,-0.005608792117971,-0.045079165809681,-0.0055677333614189,-0.0278485698567649,-0.00631034830569,-0.01429149107209,-0.006511098213592,340.7401631031711,1204.23464902426,1344104.3784719377,10.0,35000,0.78,25000,390.43008019203444,1367.3251782223158,3411262.7962869885,15.0,0.0,0.0,120000,365.7171207445378,1247.451002736038,2226828.4640717474,10.0,15000,0.55,120000,342.01881621959063,1215.4406407614756,1377622.428405961,10.0,35000,0.78,120000
526,-0.0145041810448621,-0.0084850272735005,-0.0055550658908291,-0.0056341893807803,-0.0452968035357208,-0.0055790611985656,-0.0279876397519425,-0.0063448910106476,-0.014402382343149,-0.0065435871455601,340.7115650519085,1204.149444868934,1343353.7967452267,10.0,35000,0.78,25000,390.5509963571484,1368.0943123034474,3413547.8545410195,15.0,0.0,0.0,120000,365.79411540617843,1246.917069934161,2223483.7730908175,10.0,15000,0.55,120000,342.1161656192804,1215.255560255525,1379356.140323108,10.0,35000,0.78,120000
527,-0.0145893165307999,-0.0085390867196446,-0.0056054272479926,-0.0056697441400135,-0.0455070195477944,-0.0056135202927397,-0.0281021991897546,-0.0063634068422477,-0.0144897971558087,-0.006569918843634,340.7762868829257,1205.29215643332,1343297.2406754626,10.0,35000,0.78,25000,390.5163978963268,1370.4321074352333,3409346.2648628815,15.0,0.0,0.0,120000,365.8794601289238,1247.8888136470273,2223405.688121458,10.0,15000,0.55,120000,342.0467322949727,1216.5483497561452,1378149.1214899372,10.0,35000,0.78,120000
528,-0.0146592145730803,-0.0086004909817496,-0.0056196344291234,-0.0056764762166222,-0.0457189204728198,-0.0056329645525783,-0.0282026570715675,-0.006370039624382,-0.0145607239056112,-0.0066012862607761,340.80007520276314,1205.4401977035864,1343122.04023547,10.0,35000,0.78,25000,390.49753892950304,1369.1935545875713,3409209.6751721078,15.0,0.0,0.0,120000,365.840077404289,1248.861067372664,2223722.6845436622,10.0,15000,0.55,120000,342.08957587079783,1219.1677645479742,1378752.9655850225,10.0,35000,0.78,120000
529,-0.0146994865947628,-0.0086532034389493,-0.0056602341051695,-0.0056895103223016,-0.0459262771565227,-0.0056948636734016,-0.0283562596136027,-0.0064025801633208,-0.0146109805349359,-0.0066492520421895,340.76969398448205,1205.9406750330206,1343200.785857423,10.0,35000,0.78,25000,390.5049772276767,1370.4845871601763,3407148.8387923813,15.0,0.0,0.0,120000,365.88303795058863,1249.4131567968059,2223318.1651915526,10.0,15000,0.55,120000,342.256479170285,1218.1783562422984,1377625.9273042232,10.0,35000,0.78,120000
530,-0.0147729256637198,-0.0086977384890257,-0.0057131010036333,-0.0057613492331809,-0.0461304773398253,-0.0057207651894806,-0.0284895648371605,-0.0064255627566431,-0.014703304824045,-0.0067402230215665,340.7636796816431,1206.6708509166315,1342787.5312853025,10.0,35000,0.78,25000,390.5654325952658,1369.9308599948909,3408143.9621035317,15.0,0.0,0.0,120000,365.9433351563198,1249.4484018260625,2221465.8427799433,10.0,15000,0.55,120000,342.11110281602487,1218.9538778862789,1377036.5521108443,10.0,35000,0.78,120000
531,-0.0149000040408535,-0.0087272408721144,-0.0057648291413108,-0.0057928771505754,-0.0463307350536182,-0.0057691333950596,-0.0285868072250905,-0.0064342635801376,-0.0147777191824927,-0.0067581812192865,340.8148238610736,1206.5843751632374,1342878.7987294057,10.0,35000,0.78,25000,390.62026238959777,1371.0317253809915,3406601.009520115,15.0,0.0,0.0,120000,365.864794009287,1250.051854800861,2221479.8509861156,10.0,15000,0.55,120000,342.192445466062,1219.9944251791962,1378421.637503551,10.0,35000,0.78,120000
532,-0.0149527964356735,-0.0087888514848731,-0.0057676175592532,-0.0058379405416502,-0.0465681064160537,-0.0057994517916885,-0.0287358721466665,-0.0064707863958475,-0.0148255520737452,-0.0067976513201648,340.82845705529604,1207.0704055368694,1342635.3093761588,10.0,35000,0.78,25000,390.6001710842908,1372.083167317489,3407273.687589167,15.0,0.0,0.0,120000,365.8842194774443,1251.021024457778,2219752.2666926556,10.0,15000,0.55,120000,342.2449988047546,1219.3687437135945,1379916.2706033369,10.0,35000,0.78,120000
533,-0.0149945264955445,-0.0088280986271219,-0.0057813602784944,-0.0058433696492541,-0.0467827347268192,-0.005815695292708,-0.0288394197066996,-0.006496236715395,-0.0148731526498364,-0.0068502953598708,340.84956132672113,1207.826954387764,1341744.782021987,10.0,35000,0.78,25000,390.71094560386985,1373.228867486799,3405966.4006726583,15.0,0.0,0.0,120000,366.028572300768,1251.5752384723594,2219950.6701766783,10.0,15000,0.55,120000,342.200388350997,1219.7413471389493,1377249.8085261749,10.0,35000,0.78,120000
534,-0.0150760301683339,-0.0088798473300834,-0.0057970712757394,-0.005863268188121,-0.0469943901397624,-0.0058192409206564,-0.0289489076630267,-0.0065271505848355,-0.0149619353376534,-0.006860668171923,341.0035233264783,1208.3217744679998,1342985.5583903154,10.0,35000,0.78,25000,390.6849917228269,1373.3529393623135,3405337.1109642247,15.0,0.0,0.0,120000,366.0520113048095,1251.5471495871584,2220548.5464414074,10.0,15000,0.55,120000,342.3643987599825,1220.754689128893,1376385.6180124031,10.0,35000,0.78,120000
535,-0.0151527786360927,-0.0089094367791384,-0.005809120468121,-0.005897281520149,-0.0472038825912942,-0.0058743389778607,-0.0290441512313033,-0.0065595001617869,-0.0150157666038405,-0.0069029010726079,340.91243791218915,1207.8447117553928,1342429.2689119857,10.0,35000,0.78,25000,390.74880528036493,1373.1160928946995,3404373.407390165,15.0,0.0,0.0,120000,366.0061733619575,1251.7512004008036,2218642.5387984095,10.0,15000,0.55,120000,342.25179202177236,1220.1755365123786,1376585.1770439472,10.0,35000,0.78,120000
536,-0.0152251413161501,-0.0089816431107578,-0.0058143671086074,-0.0059188524572942,-0.0474086229243965,-0.0058873614660024,-0.0291738768768181,-0.0066069515492483,-0.015083516663582,-0.0069276643611115,341.08325708343835,1209.5007975126966,1341944.1825380223,10.0,35000,0.78,25000,390.5922075130076,1374.4412817971818,3404209.902416757,15.0,0.0,0.0,120000,365.9797610977494,1252.6261279277805,2219223.644261454,10.0,15000,0.55,120000,342.28819945146665,1220.9865067019082,1375622.5830070216,10.0,35000,0.78,120000
537,-0.0152883951933779,-0.0090297345385511,-0.0058154659639766,-0.0059416537786712,-0.0476153701441351,-0.0059034955646218,-0.0292955280121142,-0.0066196537631185,-0.0151498875441057,-0.0069853246476984,341.02205763476434,1209.586676702605,1341799.7665847326,10.0,35000,0.78,25000,390.7334718906373,1374.4485386260394,3402137.5491184834,15.0,0.0,0.0,120000,366.08215476023116,1254.191587850075,2219544.2142245206,10.0,15000,0.55,120000,342.21423538885983,1222.2494869543666,1376701.384922298,10.0,35000,0.78,120000
538,-0.0153655015860471,-0.0090930789504105,-0.0058407111135998,-0.005955601846049,-0.047860235971753,-0.0060045365671155,-0.0294064907752097,-0.0066677805661849,-0.0151972163772705,-0.007011993096509,341.02474159682026,1209.836196627985,1341889.3641167537,10.0,35000,0.78,25000,390.7538417280486,1374.5343543549745,3403384.239797276,15.0,0.0,0.0,120000,366.0445502023738,1254.4510625524733,2218239.4130623364,10.0,15000,0.55,120000,342.3101526311094,1221.977611935583,1375700.813998103,10.0,35000,0.78,120000
539,-0.0154134748174739,-0.00912115257764,-0.0058604682196963,-0.0059693942623409,-0.0481039467935738,-0.0060399788488326,-0.0295177418365155,-0.006684980465406,-0.0152482999337516,-0.0070418007027674,340.9309895371076,1210.8557091571954,1341121.2539377834,10.0,35000,0.78,25000,390.7016370629817,1375.6821113322121,3401695.25306198,15.0,0.0,0.0,120000,366.03969666769785,1252.6526554876887,2217172.865405126,10.0,15000,0.55,120000,342.36318263954735,1222.3240548227016,1375490.5466260358,10.0,35000,0.78,120000
540,-0.0154728093934891,-0.0091647229198771,-0.0058729720611845,-0.0060456461284452,-0.0483200071099526,-0.0060550262401046,-0.0296313892769704,-0.0067319448925615,-0.0153152519189715,-0.0070745680645442,341.0697949503818,1211.0938597745212,1342096.5408677142,10.0,35000,0.78,25000,390.7448988828193,1376.0844623944874,3400233.429649578,15.0,0.0,0.0,120000,366.07145642883097,1254.5264222217768,2215337.0183936534,10.0,15000,0.55,120000,342.4076200564235,1222.6927463613008,1375569.0288651078,10.0,35000,0.78,120000
541,-0.0155185112725546,-0.0091979433906452,-0.0058835325682423,-0.0060988909502003,-0.0485594710326819,-0.0060907687341714,-0.0297486215913236,-0.0067417459118622,-0.0153788309849387,-0.0071017852973695,341.02397592702283,1212.1588441620866,1340198.9046541287,10.0,35000,0.78,25000,390.64517050235816,1377.5780060217148,3399117.7025293023,15.0,0.0,0.0,120000,366.1036597918824,1256.3674389871746,2216196.738273843,10.0,15000,0.55,120000,342.39451355262315,1224.01460067825,1377494.4750551716,10.0,35000,0.78,120000
542,-0.0155850366679643,-0.0092477567054758,-0.0058863138299566,-0.0061212486739,-0.0488392802884793,-0.0061051720331838,-0.0298649926117536,-0.0067530449999608,-0.0154439004260257,-0.0071926654965044,341.0870802861925,1213.2346645794203,1339843.4410241593,10.0,35000,0.78,25000,390.75251644364096,1377.1874805573507,3400313.2858161787,15.0,0.0,0.0,120000,366.09782256989786,1256.5944757542502,2215554.1204259447,10.0,15000,0.55,120000,342.4600917745625,1225.3612285656038,1375270.4906613256,10.0,35000,0.78,120000
543,-0.0156529885721185,-0.0092863398663666,-0.0059211278234402,-0.0061372894925886,-0.0490947498126463,-0.0061662427573269,-0.0299834759210044,-0.0068060361780575,-0.0154881123812065,-0.007261124841021,341.1863753480201,1212.8685916124773,1340485.4142317474,10.0,35000,0.78,25000,390.77298391849484,1377.9053719764302,3397783.2082668296,15.0,0.0,0.0,120000,366.0631982186752,1256.069946036426,2215584.143130236,10.0,15000,0.55,120000,342.4518288864414,1225.5790065931303,1374435.5329275245,10.0,35000,0.78,120000
544,-0.0156959736379127,-0.0093205137013648,-0.0059404841682918,-0.0061677433139905,-0.0493258865810708,-0.0061747512894937,-0.0300863351080367,-0.0068178764145692,-0.0155351500690454,-0.0073132854163587,341.0718008935385,1213.523421261693,1339419.8132807994,10.0,35000,0.78,25000,390.90413821208836,1378.3248576000876,3398013.2886640327,15.0,0.0,0.0,120000,366.1251463697495,1256.4884801391065,2213794.881445959,10.0,15000,0.55,120000,342.44692030328633,1225.1122198442167,1373541.3934298297,10.0,35000,0.78,120000
545,-0.0157842820555698,-0.0093624655440825,-0.0059808426984853,-0.0062165640976774,-0.0495326193708416,-0.0061801080697531,-0.0302165268355973,-0.0068304641858549,-0.0156109030410854,-0.0073597858604985,341.15126482527677,1213.8608623479913,1338972.909905654,10.0,35000,0.78,25000,390.9145353202786,1379.1712498117831,3398754.0917884605,15.0,0.0,0.0,120000,366.1742627687687,1258.4152134426013,2214499.53657217,10.0,15000,0.55,120000,342.5085158830019,1225.1087076023252,1372024.5396705135,10.0,35000,0.78,120000
546,-0.01586949289914,-0.0094046284512586,-0.0060321520013533,-0.0062217031466178,-0.0497419512565225,-0.006211781349585,-0.0303219744567881,-0.0068606612380851,-0.0156598242453542,-0.0074324371243509,341.18180703441277,1214.3400565572422,1339746.058207586,10.0,35000,0.78,25000,390.8704461988712,1381.0167944059192,3395558.170684567,15.0,0.0,0.0,120000,366.19041145879106,1258.004294943944,2213950.52747675,10.0,15000,0.55,120000,342.5299040969715,1226.2218256633312,1372679.875760399,10.0,35000,0.78,120000
547,-0.0159176151839926,-0.0094329456303815,-0.0060358621218961,-0.0062465781292124,-0.0499986563883136,-0.0062687515899846,-0.0304576057654385,-0.0068926478966064,-0.0157576424685108,-0.0074516270134753,341.2494590744468,1214.8421866974895,1338226.7262906712,10.0,35000,0.78,25000,390.88939119037786,1380.4674672306278,3394345.78627367,15.0,0.0,0.0,120000,366.15898127713,1258.8077808967912,2212874.261480781,10.0,15000,0.55,120000,342.4688794279119,1225.5547721144217,1372035.0501328139,10.0,35000,0.78,120000
548,-0.0159999377898595,-0.0094799055703149,-0.0060616329250469,-0.0062700522505586,-0.0502425130168082,-0.0063092551823411,-0.0305748039745558,-0.0069471112991952,-0.015806531910852,-0.0074743216545723,341.31620016218795,1215.8287581277966,1338428.2630791836,10.0,35000,0.78,25000,390.9650562814561,1381.3180218291368,3392514.4370925287,15.0,0.0,0.0,120000,366.2335673683875,1260.4928598929762,2212505.4778681076,10.0,15000,0.55,120000,342.55317116287364,1226.4246455226146,1372559.4402926173,10.0,35000,0.78,120000
549,-0.0047035219930972,-0.0026372037302884,-0.0015802215541348,-0.0016841807897596,-0.0159695032721169,-0.0016585140817296,-0.0093130232142619,-0.0018899352024853,-0.0046570445645927,-0.0020208033115914,337.19628571805856,1141.705134829872,1370016.5040402946,10.0,35000,0.78,25000,387.6639313305039,1293.615112036197,3497276.464975823,15.0,0.0,0.0,120000,363.47404352890965,1179.672820158984,2287908.0650241463,10.0,15000,0.55,120000,338.9925494675672,1159.2918029070834,1415513.5483308441,10.0,35000,0.78,120000
550,-0.0049291259701203,-0.0027499541551673,-0.0015960308939022,-0.0017180197460301,-0.0171256053685776,-0.0016666254315912,-0.0098181758643081,-0.0019044585428872,-0.004875979198791,-0.0020861162613272,337.3101140887114,1143.7533383357318,1369039.3317796737,10.0,35000,0.78,25000,387.7016555620559,1297.065316974523,3494270.002540993,15.0,0.0,0.0,120000,363.49110311464955,1182.967293245314,2286753.6318688802,10.0,15000,0.55,120000,338.9646360105538,1161.2667170389664,1415588.4506200047,10.0,35000,0.78,120000
551,-0.0050363950799765,-0.0027779399427261,-0.0016373594325971,-0.0017370448762755,-0.017656990301608,-0.0016775988154856,-0.0100409024434765,-0.001947013519761,-0.0050044389897745,-0.0021123012141335,337.38191742808624,1144.032520843026,1368378.08121734,10.0,35000,0.78,25000,387.80215462826646,1298.1920798973376,3492827.202516752,15.0,0.0,0.0,120000,363.53530130444915,1182.872788042035,2285595.0436223326,10.0,15000,0.55,120000,339.1478865011818,1161.919861347621,1415914.2032309324,10.0,35000,0.78,120000
552,-0.0051231248642922,-0.0028069883620968,-0.0016522908150037,-0.00175380241453,-0.0179957347169091,-0.0016833417929383,-0.0101793219380949,-0.0019836334955224,-0.0050618633017416,-0.0021577655087764,337.4516370501044,1144.813306364045,1367960.0246446533,10.0,35000,0.78,25000,387.7857366819175,1298.076792915221,3495408.5965132476,15.0,0.0,0.0,120000,363.43534671530483,1183.4840860984268,2285389.52215235,10.0,15000,0.55,120000,339.03218512249293,1162.9860695956108,1414957.468932671,10.0,35000,0.78,120000
553,-0.0051696674055774,-0.0028421799625324,-0.0016792826371619,-0.0018140101750137,-0.018269381744716,-0.0017475889115248,-0.0103093905439023,-0.0019940293917291,-0.0051082358809691,-0.0021802962968038,337.36254574507575,1145.1080249785666,1366979.8467821334,10.0,35000,0.78,25000,387.8459060959814,1299.0133348540257,3489900.096163645,15.0,0.0,0.0,120000,363.5200445717096,1184.2963887780518,2285375.9081229414,10.0,15000,0.55,120000,339.15035914946236,1163.727129285897,1415026.5310531554,10.0,35000,0.78,120000
554,-0.0052825363627038,-0.0029078562941689,-0.0017190665800505,-0.0018422627751358,-0.0185169024073123,-0.001755003039349,-0.0104566318948115,-0.0020298952695972,-0.0051647413447575,-0.0022450408821005,337.4425378835556,1145.8165195200759,1367398.756941676,10.0,35000,0.78,25000,387.92176751142875,1298.566528872981,3490321.183646166,15.0,0.0,0.0,120000,363.5798242128425,1186.6511272946684,2282696.058760085,10.0,15000,0.55,120000,339.1322996790569,1163.5941851719901,1414503.5836029411,10.0,35000,0.78,120000
555,-0.0053989010880331,-0.0029513254227021,-0.0017411068495613,-0.0018517004644876,-0.018742831514226,-0.0017783566623192,-0.010583254004797,-0.0021027386970871,-0.00523918913055,-0.0022793434499336,337.5706602731559,1146.8375824542284,1367239.8655629954,10.0,35000,0.78,25000,387.9543865353503,1301.213349374441,3491852.153542591,15.0,0.0,0.0,120000,363.55923943933834,1184.3729243712748,2282657.2228232697,10.0,15000,0.55,120000,339.10901104839456,1163.469474224293,1412844.5713611245,10.0,35000,0.78,120000
556,-0.0049696918300005,-0.0027629400752468,-0.0015938708111061,-0.0016816623223753,-0.0169426901237484,-0.0016947772083588,-0.0096991350170776,-0.00193003061118,-0.0048457315469048,-0.0020887481984874,337.3033208094592,1143.333178958354,1368483.0688940464,10.0,35000,0.78,25000,387.81928467827515,1296.7451107248964,3495434.171263854,15.0,0.0,0.0,120000,363.3372850931492,1181.9364599198002,2285942.9089757465,10.0,15000,0.55,120000,339.03749770144935,1161.6038169732897,1416935.281679736,10.0,35000,0.78,120000
557,-0.0052300465743286,-0.0028335650903647,-0.0016079398033128,-0.001705670028303,-0.0180617576719455,-0.0017131171702604,-0.0102287190982053,-0.0019827082735579,-0.0051009654152882,-0.002131834488044,337.4416755572178,1144.986949878624,1367512.7538671838,10.0,35000,0.78,25000,387.87306718392523,1297.3894843539667,3492725.9899375946,15.0,0.0,0.0,120000,363.54435570814,1184.1759378769625,2285972.1379120275,10.0,15000,0.55,120000,339.08147187616663,1162.4081375170988,1414346.2209746903,10.0,35000,0.78,120000
558,-0.0053071366190934,-0.0028801974412542,-0.0016116241203774,-0.0017389255386766,-0.0185993090754629,-0.0017475770585899,-0.0104775391801786,-0.0020134273479117,-0.0051915316421937,-0.0021867729763197,337.4746060146813,1145.714819270247,1366631.5168080048,10.0,35000,0.78,25000,387.8668043718268,1300.2699735044805,3490590.219404547,15.0,0.0,0.0,120000,363.54983554657304,1183.6474521205187,2284417.8035290507,10.0,15000,0.55,120000,339.1717348686085,1162.7423293452364,1412693.457503873,10.0,35000,0.78,120000
559,-0.0054141508360959,-0.0029105358053017,-0.001638141602987,-0.0017483205912797,-0.0189307762643464,-0.0017532760804789,-0.010684203773993,-0.0020230627664236,-0.0052618289978434,-0.0022277619618978,337.47538504693324,1145.2051389854435,1366905.789325874,10.0,35000,0.78,25000,388.04409145560334,1299.7031786665696,3487504.510989074,15.0,0.0,0.0,120000,363.5948523013865,1185.5653404963778,2282382.3244922785,10.0,15000,0.55,120000,339.12069750154626,1163.5693836688438,1413492.5213047592,10.0,35000,0.78,120000
560,-0.0054641007358602,-0.0029476134152241,-0.0016835441658914,-0.0017716093481502,-0.0191779044281399,-0.0017744222038315,-0.0108125800930516,-0.0020445890493913,-0.0053527473270086,-0.0022519664217752,337.4499745359235,1147.5144982901097,1366444.874532958,10.0,35000,0.78,25000,387.8987203307436,1301.7792814686259,3488864.300229698,15.0,0.0,0.0,120000,363.56396622636146,1186.3779129946952,2284294.392939778,10.0,15000,0.55,120000,339.19209541301285,1163.9157064214278,1413377.908958178,10.0,35000,0.78,120000
561,-0.0055086617175335,-0.002986022798217,-0.0017253231961403,-0.001805571734537,-0.0193981823332784,-0.0017957800701646,-0.0109315251244166,-0.0021089469373291,-0.0054298405472222,-0.0022632003732582,337.44561124988667,1147.4086891090162,1366572.461300999,10.0,35000,0.78,25000,387.9185268648964,1302.6295302354752,3487201.8214776064,15.0,0.0,0.0,120000,363.65689279741355,1187.2070799058674,2283887.4118893356,10.0,15000,0.55,120000,339.24052597034137,1164.207801322895,1413521.673892095,10.0,35000,0.78,120000
562,-0.0055793049210388,-0.0030094203405203,-0.0017620943834233,-0.0018330779642489,-0.0196467435159881,-0.0018025478019939,-0.0110497651509563,-0.0021188078701425,-0.0054945583618656,-0.0022931012430226,337.56442613173846,1147.438685801627,1365629.9782807825,10.0,35000,0.78,25000,387.92167737742056,1301.361949543325,3487751.8270413773,15.0,0.0,0.0,120000,363.5529521086031,1187.5164894520385,2281694.479772983,10.0,15000,0.55,120000,339.1796503914806,1164.3810731835988,1413212.024112485,10.0,35000,0.78,120000
563,-0.0056249960461173,-0.0030670634361884,-0.0018275692626558,-0.0018810122180916,-0.019857691644555,-0.0018288259265437,-0.0111798158434669,-0.0021614167801576,-0.0055712377427636,-0.0023574038449877,337.56982410055576,1147.951897078979,1366130.304882855,10.0,35000,0.78,25000,388.0271808461998,1303.0136857736213,3487550.0480900924,15.0,0.0,0.0,120000,363.7038738616189,1187.3562062159572,2281094.616386168,10.0,15000,0.55,120000,339.18564469562926,1164.5772803503062,1412576.9891094398,10.0,35000,0.78,120000
564,-0.0057387619825763,-0.0030966792484837,-0.001860406745376,-0.0018914595941131,-0.0200620359379058,-0.0018793426232971,-0.0112748915856308,-0.0021763099790684,-0.0056373966967324,-0.0023870141470318,337.56992753158636,1148.861329209257,1365801.7315274347,10.0,35000,0.78,25000,387.99003384398907,1302.9962318298813,3486414.99525832,15.0,0.0,0.0,120000,363.62142218761346,1187.5276373203524,2281613.895921025,10.0,15000,0.55,120000,339.1265285411887,1165.5873603242428,1413305.4300650482,10.0,35000,0.78,120000
565,-0.0057993455447094,-0.0031389440537723,-0.0018938051928003,-0.0019294884439635,-0.0202892146316856,-0.0019090533487169,-0.0114159863103138,-0.0022077866507952,-0.0056828424890905,-0.0024062098987075,337.58460957283665,1148.3151604341585,1365982.875020413,10.0,35000,0.78,25000,388.0329915264814,1302.4227559473004,3485004.3109888085,15.0,0.0,0.0,120000,363.75189002477595,1188.5207001109995,2280228.9002442476,10.0,15000,0.55,120000,339.28645218473235,1166.9501878591468,1412056.0001002818,10.0,35000,0.78,120000
566,-0.0058799804310497,-0.0031549963744131,-0.0019486858703416,-0.0019539126764344,-0.020493847442484,-0.0019302291412309,-0.0115437775155911,-0.0022432926768804,-0.0057562000948807,-0.0024558018649086,337.60833956991905,1148.5945237570918,1365057.6118731517,10.0,35000,0.78,25000,388.03346232067014,1303.9341928067695,3486907.4803529005,15.0,0.0,0.0,120000,363.7057486118097,1188.1766150598298,2280671.627252361,10.0,15000,0.55,120000,339.2782095207652,1166.1378465930475,1412293.3554811538,10.0,35000,0.78,120000
567,-0.0059358408497171,-0.0031800033103988,-0.0019654489421174,-0.0020018804165173,-0.0206979365698884,-0.0019632125444641,-0.0116687489799868,-0.0022715401485539,-0.0057970927303261,-0.0024711908400308,337.68800897431987,1149.0057976257224,1365451.123483342,10.0,35000,0.78,25000,388.0577249730002,1303.907935338209,3486823.936527868,15.0,0.0,0.0,120000,363.7051830521385,1189.8240920938645,2279484.548772291,10.0,15000,0.55,120000,339.31715946129367,1167.5835941795067,1411486.8543307208,10.0,35000,0.78,120000
568,-0.0059888383728293,-0.0032003605646518,-0.0019707598713685,-0.0020086530413151,-0.0209742455327178,-0.0019792407403697,-0.0117644045948665,-0.0022818693063284,-0.0059205713946856,-0.0024942968237827,337.6124913297972,1151.148258721114,1364775.184283287,10.0,35000,0.78,25000,388.00677318545036,1303.9825269037992,3485771.19641129,15.0,0.0,0.0,120000,363.7003263717453,1189.868319059001,2279278.3468902484,10.0,15000,0.55,120000,339.2982849016216,1166.3371101387374,1409722.5494181572,10.0,35000,0.78,120000
569,-0.006035215729748,-0.0032576287450257,-0.0019838074946348,-0.0020549165480661,-0.0212240251502057,-0.0019959821409375,-0.0119035127713214,-0.0023306057249583,-0.0059852594638877,-0.0025455465765395,337.7791024880181,1150.073879920149,1364596.0986211943,10.0,35000,0.78,25000,388.1136059476384,1305.766488254708,3485728.9632586394,15.0,0.0,0.0,120000,363.8479851566998,1190.3252377168883,2278507.1279868763,10.0,15000,0.55,120000,339.3388581890516,1167.0802643017623,1411046.3017807032,10.0,35000,0.78,120000
570,-0.0060848775151359,-0.0032864218998721,-0.0020126804770318,-0.0020896579631152,-0.0214261875836254,-0.0020205401328416,-0.0120015221597203,-0.0023459261200875,-0.006050259188026,-0.0025555106219709,337.66940017978555,1150.8055148723042,1364448.262096877,10.0,35000,0.78,25000,388.1544766218109,1305.925833351092,3484807.288973507,15.0,0.0,0.0,120000,363.789210474986,1189.8719593045453,2279311.29247629,10.0,15000,0.55,120000,339.4076323381681,1167.2697774727098,1410257.0244083435,10.0,35000,0.78,120000
571,-0.0061527511278159,-0.0033341676541305,-0.0020347117146412,-0.0021100586404117,-0.0216330054822806,-0.0020523685384284,-0.0121003967418466,-0.0023761032000487,-0.006100229535996,-0.0025845186261868,337.6836958278257,1151.0414732625043,1364672.3445312236,10.0,35000,0.78,25000,388.14042590167037,1306.0190640500198,3484883.01945649,15.0,0.0,0.0,120000,363.79228472426365,1190.8745938157733,2277086.0805462613,10.0,15000,0.55,120000,339.3483274010645,1167.7730742680794,1409354.480866059,10.0,35000,0.78,120000
572,-0.006207540193691,-0.0033505890317178,-0.0020405591310075,-0.002127054251875,-0.0218465139138465,-0.0020947301233184,-0.0122163761161906,-0.0024276443333153,-0.0061894035629878,-0.0026185699297212,337.7611617631781,1151.7190208330608,1364118.0813987418,10.0,35000,0.78,25000,388.25366748598384,1306.3144498110187,3482048.234798423,15.0,0.0,0.0,120000,363.74792242373724,1191.5604324193826,2277879.7046710453,10.0,15000,0.55,120000,339.4444403211138,1167.8619320497935,1409424.3954078725,10.0,35000,0.78,120000
573,-0.0062909535874106,-0.0033978190077387,-0.0020535660817152,-0.0021984813994168,-0.0220570607257767,-0.0021227303774544,-0.0123233109482188,-0.002479363360911,-0.006236325927421,-0.0026472389488392,337.8069991099756,1152.3848006489463,1364603.0958447456,10.0,35000,0.78,25000,388.09591774676574,1307.4852405339084,3482849.485698125,15.0,0.0,0.0,120000,363.7613523467071,1191.359508391363,2275607.247337746,10.0,15000,0.55,120000,339.456798647995,1168.749002841125,1411618.5611497469,10.0,35000,0.78,120000
574,-0.0063862207766558,-0.0034444591995398,-0.0020557625664861,-0.0022064843697528,-0.0222686600205567,-0.0021432007338218,-0.0124417021950598,-0.0025021844136085,-0.0062792100216573,-0.0026824643258146,337.81097878975896,1152.1513517660487,1363719.9683320692,10.0,35000,0.78,25000,388.1814586429154,1307.9148311315687,3480150.5330650965,15.0,0.0,0.0,120000,363.77477835359645,1193.1531153943486,2276041.94243922,10.0,15000,0.55,120000,339.43323235573104,1167.925438780536,1409611.3048241346,10.0,35000,0.78,120000
575,-0.0064300839264087,-0.0035103023952346,-0.0020891920012318,-0.0022176219899792,-0.0224933492782755,-0.0021527373696431,-0.0125533991174379,-0.0025385293742754,-0.0063476542191203,-0.0026985095340184,337.8779736685025,1153.537115782709,1363290.8237984702,10.0,35000,0.78,25000,388.17759937370766,1308.157376132892,3479135.743773445,15.0,0.0,0.0,120000,363.82643956318765,1192.8312151426364,2276336.4554069797,10.0,15000,0.55,120000,339.47416929494386,1169.003188474748,1409923.3259242035,10.0,35000,0.78,120000
576,-0.0064776778034198,-0.0035600519791294,-0.0021435039131275,-0.0022321323146457,-0.0227157028084217,-0.0021818609418897,-0.0126505495411719,-0.0025745447931384,-0.0064035706314668,-0.002753819717204,337.79244594347745,1153.5406928512455,1364144.5103381316,10.0,35000,0.78,25000,388.16630643920024,1308.6339075507021,3481041.9464680385,15.0,0.0,0.0,120000,363.9493606490663,1192.6926502220726,2276294.7952638427,10.0,15000,0.55,120000,339.46130356612787,1169.2538448149687,1410699.3884250815,10.0,35000,0.78,120000
577,-0.0065371315504137,-0.003617424196592,-0.0021649589338838,-0.0022443568527207,-0.0229225597107808,-0.0022205834062897,-0.0127610797181266,-0.0026071143877107,-0.0064956482500047,-0.0027977549682905,337.77755982034313,1153.2619770766912,1363713.2684900279,10.0,35000,0.78,25000,388.2093827246276,1309.0766766630832,3480510.091198249,15.0,0.0,0.0,120000,363.8249129771989,1193.3643305700145,2275445.21451623,10.0,15000,0.55,120000,339.49553269870717,1170.065595450304,1409567.638526062,10.0,35000,0.78,120000
578,-0.0066374246152357,-0.0036785107924158,-0.0021849281415167,-0.0023026021660167,-0.0231417522895769,-0.0022886818317576,-0.0128869648840884,-0.0026369503208698,-0.0065519300911571,-0.002817295480399,337.78543247122195,1155.4160921886892,1363458.5126880028,10.0,35000,0.78,25000,388.2533833916069,1309.6521394874035,3479108.0446805605,15.0,0.0,0.0,120000,363.89452350143426,1194.2635460677914,2275191.7450308655,10.0,15000,0.55,120000,339.5198633933146,1170.524644832025,1409033.4845470833,10.0,35000,0.78,120000
579,-0.0067145113345916,-0.0037049008799491,-0.002202144829418,-0.0023354447557857,-0.0233507703306043,-0.0023201584871975,-0.0130074685010001,-0.0026521753517398,-0.0066073405625582,-0.0028654122677083,337.9485538555362,1154.6318987930892,1362953.0670621058,10.0,35000,0.78,25000,388.3141257439586,1310.4817097168122,3477898.7100038105,15.0,0.0,0.0,120000,363.8934584999116,1194.13875019802,2273562.3015732192,10.0,15000,0.55,120000,339.58236332685647,1170.8818238113565,1409791.667631078,10.0,35000,0.78,120000
580,-0.0068208286281523,-0.0037452121404323,-0.0022374733125628,-0.0023447694503771,-0.0235931396820518,-0.0023291310200357,-0.0131227395244226,-0.0026942461847671,-0.0066504454247284,-0.0029261818137887,337.9871011520287,1154.4754451452065,1363062.9220541846,10.0,35000,0.78,25000,388.3141019478497,1311.222462365197,3476977.3950127363,15.0,0.0,0.0,120000,363.90558626377054,1195.193967141818,2272243.823828519,10.0,15000,0.55,120000,339.5630418517039,1171.233555202183,1409289.553072188,10.0,35000,0.78,120000
581,-0.0068738955646329,-0.0038026415661803,-0.0022814325474466,-0.0023744431269704,-0.0238364494923489,-0.002346849328583,-0.0132464546491016,-0.0027142515140145,-0.0066930790791938,-0.0029371337827373,337.9656462556211,1155.459283479927,1361482.6545421854,10.0,35000,0.78,25000,388.3539516762897,1310.9591846269334,3478621.453351983,15.0,0.0,0.0,120000,363.95483930492065,1195.3505782657999,2273293.0404436556,10.0,15000,0.55,120000,339.54909939510446,1171.6035827685118,1408558.4201426217,10.0,35000,0.78,120000
582,-0.0069337658285249,-0.0038443597746314,-0.0022991709662629,-0.0023905871776009,-0.0240376959990953,-0.0023571465231283,-0.0133647930993788,-0.0027398449815357,-0.0067417120235404,-0.0029547881766286,338.06690661702913,1155.3353836749943,1362630.5105943342,10.0,35000,0.78,25000,388.4135962463984,1311.304409303447,3476116.8491403405,15.0,0.0,0.0,120000,364.0014045702614,1195.2633731928856,2271852.838412943,10.0,15000,0.55,120000,339.6157825856444,1170.7624269925886,1407988.2161463592,10.0,35000,0.78,120000
583,-0.0070047869184377,-0.0038669914859978,-0.0023100729340509,-0.0024060886596402,-0.0242712085611418,-0.0024129609898819,-0.0134666274799678,-0.002762109109397,-0.0067969154705245,-0.0029724807883179,338.07430850926346,1156.1502717403644,1362239.6673317533,10.0,35000,0.78,25000,388.33075160395623,1312.1088560550618,3475625.11285751,15.0,0.0,0.0,120000,364.0507964001374,1195.9331133253202,2271761.5640510027,10.0,15000,0.55,120000,339.6884573567034,1172.2031404530017,1407480.6337675184,10.0,35000,0.78,120000
584,-0.0070760174271587,-0.0039100178953359,-0.0023655110551389,-0.0024568683930873,-0.0244755400277716,-0.0024632442238453,-0.013563209640062,-0.0027698582813385,-0.0068610616925828,-0.0030209158204749,338.03814379299627,1156.6427076948696,1362053.3010501377,10.0,35000,0.78,25000,388.4167621241514,1312.9298057336796,3474115.4491692716,15.0,0.0,0.0,120000,364.0049159501116,1196.2200596769785,2271864.7424671496,10.0,15000,0.55,120000,339.6495942229272,1172.977068560263,1405769.4015113604,10.0,35000,0.78,120000
585,-0.0071526573250537,-0.0039678040895919,-0.0023918247221637,-0.0024735594580866,-0.0246823622242187,-0.0024782702943131,-0.0136610158778258,-0.0027820585000846,-0.006917629622369,-0.003038932647329,338.0500174769157,1156.8959688647524,1361104.6332964737,10.0,35000,0.78,25000,388.3466420099131,1312.5705235248838,3475006.942987048,15.0,0.0,0.0,120000,364.05625126054815,1196.600709519031,2271103.876052067,10.0,15000,0.55,120000,339.70760986393304,1172.4656146659968,1406394.3181711037,10.0,35000,0.78,120000
586,-0.0072165938482251,-0.004028915836079,-0.0024102661070479,-0.0024995036231514,-0.0249119935667824,-0.0025115200344551,-0.0137719134823053,-0.0028051682803323,-0.0070088671814987,-0.0030842007547167,338.12994491884416,1157.102660551215,1362135.641122568,10.0,35000,0.78,25000,388.4463448779394,1312.3739327606254,3473706.0531003065,15.0,0.0,0.0,120000,364.0043373291358,1196.7901270000184,2271055.3992478717,10.0,15000,0.55,120000,339.6150619266709,1172.5249904283417,1405999.837015203,10.0,35000,0.78,120000
587,-0.0072692312623322,-0.0040774481757791,-0.0024399870790372,-0.0025118279383212,-0.0251227990090225,-0.0025290616108435,-0.0138750404730191,-0.0028121756507581,-0.007104391765786,-0.0031118617799371,338.0142867760299,1157.0032950378998,1361206.762332964,10.0,35000,0.78,25000,388.5310248007149,1312.8138026011325,3473802.257075988,15.0,0.0,0.0,120000,364.08207352402536,1197.402727532267,2270084.4148046672,10.0,15000,0.55,120000,339.6685793788286,1173.3966332800087,1405629.551050987,10.0,35000,0.78,120000
588,-0.0073566100795124,-0.0041042751254588,-0.0024844079727527,-0.0025218397102063,-0.0253495284189177,-0.0025323591563352,-0.0139992047694652,-0.0028659925595408,-0.007186397326995,-0.0031895699700425,338.1100076291256,1157.2999107052449,1361261.8390042163,10.0,35000,0.78,25000,388.4016245541623,1313.9309442642123,3473075.6045846683,15.0,0.0,0.0,120000,364.0094304136573,1199.0466997796154,2268585.0813711765,10.0,15000,0.55,120000,339.7756660015662,1175.2413586147597,1405358.6341437246,10.0,35000,0.78,120000
589,-0.0074540506303068,-0.0041449206533437,-0.0025525248229346,-0.0025400407934399,-0.0255522396265018,-0.0025572947446887,-0.0141392179106044,-0.0029152188724337,-0.0072471436750954,-0.0032306428249102,338.2147752755649,1158.2420367594982,1360453.9892762403,10.0,35000,0.78,25000,388.4500332557626,1314.7469570270866,3472648.2647690177,15.0,0.0,0.0,120000,364.1178313571836,1199.746289591747,2269440.159946538,10.0,15000,0.55,120000,339.75002035591757,1174.3389079811498,1405069.5197484086,10.0,35000,0.78,120000
590,-0.0075161003577207,-0.0041693276518706,-0.0025848272652388,-0.002583498689502,-0.0257740999857264,-0.0025714103798882,-0.0142518467948429,-0.002930045993837,-0.0072873239989901,-0.0032736437508845,338.10418070696915,1159.172313958868,1360943.4454190386,10.0,35000,0.78,25000,388.47682275955594,1315.3669085999961,3471919.1908066496,15.0,0.0,0.0,120000,364.07566436877113,1198.141500289244,2269688.798413373,10.0,15000,0.55,120000,339.82048886663387,1175.5209151697816,1405142.6648782182,10.0,35000,0.78,120000
591,-0.0075819940738848,-0.0041867376915549,-0.0026811929631956,-0.0025895983995644,-0.0259759931254372,-0.0025895964512969,-0.014370888832314,-0.0029944839283825,-0.0073716673276202,-0.0032992090077723,338.13382590836216,1158.7256060555505,1361476.953698053,10.0,35000,0.78,25000,388.50660875656354,1316.5654321343072,3471826.8129100045,15.0,0.0,0.0,120000,364.17059108551615,1200.4899100768575,2269264.0195261785,10.0,15000,0.55,120000,339.8024566252646,1176.266866855972,1406446.3090647417,10.0,35000,0.78,120000
592,-0.0076479067634752,-0.0042241917548362,-0.002685965538304,-0.0026757267413577,-0.026176874630732,-0.0026046963590189,-0.0144868364363856,-0.0030174854291146,-0.007435604698731,-0.0033313667843091,338.1429963373622,1159.0015558128011,1360883.23382707,10.0,35000,0.78,25000,388.593767958115,1316.444144250109,3469453.498668522,15.0,0.0,0.0,120000,364.12887626866296,1200.1276793388022,2269412.726919094,10.0,15000,0.55,120000,339.7863132874414,1176.1236138898091,1405017.8863136726,10.0,35000,0.78,120000
593,-0.0077608776644249,-0.004299272263447,-0.0027357116219244,-0.0027077199008967,-0.026393621638144,-0.002627765410869,-0.014599676173534,-0.0030849609147946,-0.0075309695739462,-0.0033462008887876,338.21991952544244,1159.2595200428414,1360433.2529237468,10.0,35000,0.78,25000,388.55837210320897,1317.3757554123313,3469414.2011388345,15.0,0.0,0.0,120000,364.2552049369395,1201.2208712647923,2267638.3524727207,10.0,15000,0.55,120000,339.847795471608,1176.1019471072657,1404896.7439990137,10.0,35000,0.78,120000
594,-0.007804595488045,-0.0043309440098278,-0.0027623544828458,-0.0027373811140847,-0.0265999191871154,-0.0026439810607857,-0.0147030147857163,-0.0031314303055036,-0.0076185995816243,-0.0033912291441669,338.27219081002005,1159.4036991730165,1360139.1411174345,10.0,35000,0.78,25000,388.5263169908069,1316.8439878312195,3470312.1740808776,15.0,0.0,0.0,120000,364.16461739811933,1202.7355355276727,2267473.5020272452,10.0,15000,0.55,120000,339.9654432388889,1176.266119690832,1406626.0815145283,10.0,35000,0.78,120000
595,-0.0078556750484754,-0.0043624825535564,-0.0027918256605423,-0.0027416561467057,-0.0268083064358984,-0.002653669690208,-0.014820757302278,-0.003147198232089,-0.0076739396367002,-0.0034743160850331,338.26806823598923,1159.5833031835896,1359755.361313714,10.0,35000,0.78,25000,388.5926766980781,1318.2242201593092,3470861.739297187,15.0,0.0,0.0,120000,364.25351763621444,1201.984735539657,2267332.721992058,10.0,15000,0.55,120000,339.9389454958246,1177.2798623118592,1404420.8188756425,10.0,35000,0.78,120000
596,-0.0079171382935149,-0.0043897151662745,-0.0028268629998276,-0.002820434740274,-0.0270089826556061,-0.0026901392869204,-0.0149327812587711,-0.0031672489229537,-0.0077457732242469,-0.0035154364202331,338.3278676128732,1161.49522565459,1360534.3293004788,10.0,35000,0.78,25000,388.6292369325407,1318.8238632790083,3469939.675467002,15.0,0.0,0.0,120000,364.3341789042838,1201.4586424165143,2265809.6552526774,10.0,15000,0.55,120000,339.91331497721205,1177.4615508258814,1403535.19773067,10.0,35000,0.78,120000
597,-0.0079562979544494,-0.004429968941521,-0.0028376729461837,-0.0028466984856333,-0.0272791923897572,-0.0027075128255453,-0.0150477766642743,-0.0031818085342427,-0.0078135784063462,-0.003529761232888,338.4359160642702,1162.4837100627485,1359708.3080167058,10.0,35000,0.78,25000,388.63313240657175,1319.1014966861444,3467989.820494956,15.0,0.0,0.0,120000,364.19758198022964,1202.58627917857,2265955.0321116396,10.0,15000,0.55,120000,339.8653271843275,1176.608025085578,1404276.3395670678,10.0,35000,0.78,120000
598,-0.008014179741607,-0.0044675818092214,-0.0028453212864285,-0.0028814703737328,-0.0275065923043708,-0.0027178449825228,-0.0151717966873112,-0.0031981885560407,-0.0078700780242018,-0.0035447617652747,338.3678060088021,1161.6794483818232,1359355.8939064553,10.0,35000,0.78,25000,388.68283518777497,1318.721715404709,3466728.1944372565,15.0,0.0,0.0,120000,364.2014291402192,1202.5290001718156,2265946.2063900493,10.0,15000,0.55,120000,340.0140749100591,1179.0416990472347,1404392.5904405273,10.0,35000,0.78,120000
599,-0.0080763776194117,-0.0045219283255459,-0.0028891278277867,-0.0029215101124726,-0.0276627770584483,-0.0027339931594945,-0.0153125428684482,-0.003239224267692,-0.0079155081306454,-0.0035950545617679,338.41952611555473,1162.7333836811529,1359388.887309167,10.0,35000,0.78,25000,388.69949696947134,1320.0832522340136,3465011.9742546035,15.0,0.0,0.0,120000,364.34161436453496,1204.0306306383034,2265440.729351134,10.0,15000,0.55,120000,340.0019754893864,1177.8837642726478,1402258.7274733896,10.0,35000,0.78,120000
600,-0.0081401833514753,-0.0045375528534303,-0.0029070536550221,-0.0029473641665426,-0.0278101521680476,-0.0027518617919171,-0.0154680114284777,-0.0032505763353754,-0.0080224554708039,-0.0036024631027318,338.40573930380043,1162.158534998803,1358846.4480012446,10.0,35000,0.78,25000,388.72273822847313,1320.481366899319,3464242.7926384364,15.0,0.0,0.0,120000,364.25827614858036,1204.808410146279,2265326.9703136096,10.0,15000,0.55,120000,339.96523706605586,1177.6442118335383,1402717.2694754838,10.0,35000,0.78,120000
601,-0.0082009452314833,-0.0045818879530982,-0.0029324734152135,-0.0029908095819775,-0.028020335949668,-0.0027901956573814,-0.0155876412123555,-0.0032639818685628,-0.0080836543452592,-0.0036376031903178,338.49527976468016,1163.6523947152928,1359403.2552399533,10.0,35000,0.78,25000,388.7198398631782,1321.7657217054489,3466264.2556532426,15.0,0.0,0.0,120000,364.20798989892415,1204.4502980045454,2263007.221192496,10.0,15000,0.55,120000,340.06150494428425,1179.1016489046563,1402397.485615409,10.0,35000,0.78,120000
602,-0.0082658682122742,-0.0046054212030005,-0.0029459486855965,-0.0030454802306255,-0.0281670899744616,-0.0028060037533151,-0.0157267195079446,-0.0032790019096174,-0.0081475238479786,-0.0036463907391449,338.45908810678765,1163.4333878823936,1359532.272060789,10.0,35000,0.78,25000,388.70620813616085,1320.3261879358186,3464362.8161823405,15.0,0.0,0.0,120000,364.3333915766889,1203.5809655324588,2263957.7776415586,10.0,15000,0.55,120000,340.0840247189393,1179.0904118033332,1402143.8271709413,10.0,35000,0.78,120000
603,-0.0083208569825315,-0.0046664049464925,-0.0029600938422975,-0.0030653761562683,-0.0283303375866634,-0.0028264082252373,-0.015857606465588,-0.003316984231049,-0.008224945776655,-0.0036663862089369,338.4694452507901,1163.6971245303348,1358443.6255963603,10.0,35000,0.78,25000,388.675519738175,1321.2501002814472,3462656.970732873,15.0,0.0,0.0,120000,364.35044588357414,1205.8009785560307,2264934.7174935243,10.0,15000,0.55,120000,340.04827915646945,1179.5783310204756,1402989.7101685673,10.0,35000,0.78,120000
604,-0.008420728817899,-0.004686454836195,-0.0029874555763643,-0.0031146943011349,-0.0285106648179719,-0.0028661941973846,-0.0159791282435153,-0.0033247129593479,-0.00830233890287,-0.0036740015037169,338.41213412892944,1164.8308522726138,1358999.6868844996,10.0,35000,0.78,25000,388.8709854633552,1321.0413258594435,3462629.525054107,15.0,0.0,0.0,120000,364.3522563178363,1206.2463068005784,2261340.8982992102,10.0,15000,0.55,120000,340.07400780968754,1180.1577758498279,1400121.0409109765,10.0,35000,0.78,120000
605,-0.008501742188215,-0.0047368314691685,-0.0029957383242297,-0.0031900192099552,-0.0286812832906636,-0.0028919318959912,-0.016090666659171,-0.0033621633323898,-0.0083610795499113,-0.0037028529696727,338.607423711597,1164.331512183083,1358422.906576786,10.0,35000,0.78,25000,388.73142071817074,1322.8190326981453,3463176.758140399,15.0,0.0,0.0,120000,364.43768033836767,1205.776557662806,2262582.607721643,10.0,15000,0.55,120000,340.1427032657983,1179.343373445963,1402293.3503407883,10.0,35000,0.78,120000
606,-0.008558315083163,-0.0047937752344248,-0.0030567895972567,-0.0032310906239634,-0.0288429930234259,-0.0029166986958092,-0.0162148537081741,-0.0033871002640543,-0.0084377536615,-0.003745478210673,338.5062106624343,1164.7561305314855,1358685.5170793268,10.0,35000,0.78,25000,388.81781079938236,1323.3354439722789,3462289.917978742,15.0,0.0,0.0,120000,364.4491294613933,1206.6743918569825,2260386.7499402645,10.0,15000,0.55,120000,340.05034785921214,1180.1646587349035,1401793.0890090445,10.0,35000,0.78,120000
607,-0.0086242318933554,-0.0048465438671782,-0.0030964772643906,-0.0032562904049234,-0.0290131865070179,-0.0029264563598216,-0.0163202481412302,-0.0034232280157293,-0.0085280288239072,-0.0037998836031282,338.62574390817986,1164.8415431476592,1357987.241753745,10.0,35000,0.78,25000,388.86082503856363,1322.5794247541935,3461118.4804612254,15.0,0.0,0.0,120000,364.41702445825734,1206.739084794985,2261271.4240303435,10.0,15000,0.55,120000,340.2009217083252,1179.7544576900368,1399589.3461744844,10.0,35000,0.78,120000
608,-0.0086802458388289,-0.0049277106790895,-0.0031228302397483,-0.0032819507779064,-0.0291571642982643,-0.0029621914247737,-0.0164582837520788,-0.0034524920752545,-0.0085945656182047,-0.0038164356453492,338.58655061733475,1165.487132759777,1358106.7197097652,10.0,35000,0.78,25000,388.8585010244636,1322.7843739369785,3462433.407761573,15.0,0.0,0.0,120000,364.37614946324805,1207.0317985143997,2261420.48204504,10.0,15000,0.55,120000,340.2719980390099,1180.760713445061,1400907.7179155834,10.0,35000,0.78,120000
609,-0.0087503452164676,-0.0049786338325472,-0.0031422451259598,-0.0032957349112083,-0.0293278809838038,-0.0030108915612216,-0.0165668803548514,-0.0034679970586264,-0.0086713140523507,-0.0038459492624516,338.71240122146895,1165.6840539735692,1357660.5848256522,10.0,35000,0.78,25000,388.80146925026446,1323.7053737269496,3459995.143220175,15.0,0.0,0.0,120000,364.4722529085583,1207.4829443993433,2259957.1043209047,10.0,15000,0.55,120000,340.1753791213557,1182.0778410275075,1398605.944446586,10.0,35000,0.78,120000
610,-0.0087966228417363,-0.0050313898933403,-0.0031941098934678,-0.0033524416254424,-0.029468303605801,-0.0030791098915546,-0.0166954812443447,-0.0034727150681597,-0.0087244596310103,-0.0039257823238313,338.6251503222238,1166.5021143998795,1357450.220282865,10.0,35000,0.78,25000,388.84165859994715,1325.19581828599,3461496.287863167,15.0,0.0,0.0,120000,364.548061327493,1208.633643445531,2259720.761451769,10.0,15000,0.55,120000,340.21352033641546,1181.9129400299473,1399625.4379615386,10.0,35000,0.78,120000
611,-0.0088445613286615,-0.0050740638589633,-0.0032433225181764,-0.0033635570562512,-0.029622665909022,-0.0030879054943843,-0.0168163588885181,-0.0034770764318761,-0.0087855672825159,-0.0040097989519511,338.60323242888717,1167.3112801531515,1357548.2744070855,10.0,35000,0.78,25000,388.8603619900381,1324.6679673848926,3460027.9103688244,15.0,0.0,0.0,120000,364.5188222376532,1208.141948373227,2260370.4560241555,10.0,15000,0.55,120000,340.1495037480103,1181.5560495458424,1397744.2973633197,10.0,35000,0.78,120000
612,-0.0089527810528336,-0.0051302966548593,-0.0032695328223711,-0.0033766383343024,-0.0297998783838187,-0.0031564792664519,-0.016923948607787,-0.0034815067827087,-0.0088383375393373,-0.0040521863072294,338.7900549336815,1168.0242169756018,1357389.5154811915,10.0,35000,0.78,25000,388.7898213203673,1325.4533940943495,3457193.312846198,15.0,0.0,0.0,120000,364.5081796623147,1209.415943496645,2259840.258031804,10.0,15000,0.55,120000,340.23219651434516,1182.280113112745,1398399.9323223731,10.0,35000,0.78,120000
613,-0.0089974696436289,-0.0051540429908817,-0.0033018496700811,-0.0033948488373219,-0.0299609357928057,-0.0032052901119048,-0.0170920955925952,-0.0034937862840599,-0.0088978813247032,-0.0040847416789199,338.6312499477978,1168.1572448118743,1356895.6092788684,10.0,35000,0.78,25000,388.9738539771994,1325.5169213935865,3457939.0833405573,15.0,0.0,0.0,120000,364.5065690481098,1209.4675053811607,2258797.1733147604,10.0,15000,0.55,120000,340.28515478154355,1182.7846764320695,1397862.8241283263,10.0,35000,0.78,120000
614,-0.0091050436131955,-0.0052278267817959,-0.003351188981595,-0.0034271299297891,-0.0301041516623706,-0.0032119781976087,-0.0172057883442622,-0.0035206271386156,-0.0089625571355651,-0.0041354465369405,338.6828833248227,1168.4062146368278,1357104.4705190926,10.0,35000,0.78,25000,388.9209000362853,1326.9487966700185,3456958.6643939,15.0,0.0,0.0,120000,364.45827226933187,1209.8226536843163,2258424.725208139,10.0,15000,0.55,120000,340.25794863604614,1182.8984300352017,1397163.2771891097,10.0,35000,0.78,120000
615,-0.0092395672422725,-0.005252764833992,-0.003377168419897,-0.0034357759552289,-0.0302551030013652,-0.0032692507281409,-0.0173156442229864,-0.003523357090632,-0.0090395892918104,-0.0042234859602325,338.7643338747764,1168.6948946785187,1357065.3202657367,10.0,35000,0.78,25000,388.98910243297036,1326.1969925174053,3458391.9474723805,15.0,0.0,0.0,120000,364.5464724847536,1210.864212530366,2257454.6517532794,10.0,15000,0.55,120000,340.25315186949564,1182.2994846305094,1399165.506313036,10.0,35000,0.78,120000
616,-0.0092962095489064,-0.0053269116206735,-0.0033980743703171,-0.0034655681900407,-0.0304066614113854,-0.0032969500301366,-0.0174374757333979,-0.0035243412429481,-0.0091390371328022,-0.0042704967216531,338.82529248381786,1168.927071322698,1356921.1414563167,10.0,35000,0.78,25000,388.92798194193944,1327.3663034066947,3457875.2750879917,15.0,0.0,0.0,120000,364.5287974845981,1211.7219553488885,2257092.4608009695,10.0,15000,0.55,120000,340.2765436371953,1183.8647030180307,1398615.1535803839,10.0,35000,0.78,120000
617,-0.0093900156072147,-0.0053933271740186,-0.0034149310911942,-0.003497709373402,-0.0305467477957075,-0.0033595800826429,-0.0175580406426328,-0.0035332595975887,-0.0092100811014689,-0.0042787179633596,338.8420980843526,1170.3031974726216,1357100.7794870595,10.0,35000,0.78,25000,389.03044273647697,1327.3104876087564,3456037.1467316397,15.0,0.0,0.0,120000,364.6221984463996,1210.9899775721983,2257850.5056640133,10.0,15000,0.55,120000,340.30263379527406,1184.5417942902543,1397701.360532852,10.0,35000,0.78,120000
618,-0.0094424426025614,-0.0054302531821956,-0.0034761569327153,-0.0035243020309012,-0.0306900378925572,-0.0033711422951069,-0.0176798785256244,-0.0035408274862156,-0.009283801611515,-0.0042890440457212,338.76854692488337,1169.9223228393748,1356556.063554142,10.0,35000,0.78,25000,388.95858327866875,1327.7990104547869,3454127.829051338,15.0,0.0,0.0,120000,364.6372533755421,1211.0237344908428,2255979.4724246287,10.0,15000,0.55,120000,340.3673953702755,1184.5971695392411,1399396.0850779582,10.0,35000,0.78,120000
619,-0.009503534556724,-0.0055000551556709,-0.003484987076347,-0.0035495524478099,-0.0308428694563253,-0.0033762779162672,-0.0177881692678603,-0.0035462380283751,-0.0094068323847036,-0.0043071288178214,338.84143785390495,1170.2598418534305,1356041.536971971,10.0,35000,0.78,25000,389.02432718288713,1328.860626253692,3454238.8466284242,15.0,0.0,0.0,120000,364.6653006427803,1211.516522598114,2255119.880839125,10.0,15000,0.55,120000,340.377147028089,1186.6898164567049,1397804.3384555117,10.0,35000,0.78,120000
620,-0.0095549834805108,-0.0055350246972894,-0.0035241081659376,-0.0035743211376361,-0.0310057160117598,-0.0034092868571092,-0.0178937225522245,-0.003578756105607,-0.0094672196620425,-0.0043434766760212,338.92714695804847,1170.4103539877794,1356804.6512352864,10.0,35000,0.78,25000,389.05283352352575,1329.375655493498,3455315.2589591043,15.0,0.0,0.0,120000,364.64266669139204,1212.602758868015,2254529.9647146524,10.0,15000,0.55,120000,340.37196078106297,1185.6882819940745,1397509.4524554217,10.0,35000,0.78,120000
621,-0.009602324881322,-0.0055499499283023,-0.0035493433743895,-0.0035849509981151,-0.0311796190576492,-0.0034333142888975,-0.0180411869659765,-0.0036121409594279,-0.0095359069976813,-0.0043733359615762,338.9242931062007,1170.910422218193,1356317.0425508812,10.0,35000,0.78,25000,389.0558226022831,1330.0192560169091,3453941.8886078643,15.0,0.0,0.0,120000,364.57716141057995,1212.754547985828,2256025.1799208545,10.0,15000,0.55,120000,340.44085709550956,1186.1090362681318,1397166.4764133692,10.0,35000,0.78,120000
622,-0.0097078397336507,-0.0056169470059385,-0.0035850798232057,-0.0036425741577762,-0.0313382224500966,-0.0034758963218273,-0.0181668138637532,-0.0036302716432638,-0.0096048539320094,-0.0044168672736226,338.905683244178,1172.154871698808,1355618.8692312026,10.0,35000,0.78,25000,389.0921562893029,1329.939047761285,3452040.547312312,15.0,0.0,0.0,120000,364.66125421184324,1213.81164363205,2254772.511570894,10.0,15000,0.55,120000,340.4536846648249,1186.429281570434,1397220.5267819287,10.0,35000,0.78,120000
623,-0.0097856396801428,-0.0056940789046037,-0.0036407241635792,-0.0036726817772483,-0.0314954934010744,-0.0035298600051362,-0.0182945226760717,-0.0036648213423607,-0.0096526728454166,-0.0044242774202936,338.9311734505302,1171.8298519281245,1356062.711376003,10.0,35000,0.78,25000,389.1303551428916,1331.6606734537236,3451745.2924374323,15.0,0.0,0.0,120000,364.66513866578305,1213.4271783413642,2256519.5449945484,10.0,15000,0.55,120000,340.36757110981654,1185.665704822024,1394454.320013896,10.0,35000,0.78,120000
624,-0.0098361382186286,-0.0057795546118443,-0.0036590579126589,-0.0037488701648581,-0.0316451051702377,-0.003569681071034,-0.0184418243697587,-0.0036661016117051,-0.0097228336855339,-0.0044450056025421,338.98157515638525,1171.8776718596707,1355713.398325979,10.0,35000,0.78,25000,388.98481997295653,1330.2794445327593,3449751.0563388946,15.0,0.0,0.0,120000,364.6633345832901,1214.9940284569768,2253699.8325210493,10.0,15000,0.55,120000,340.50550395480116,1188.2705623999746,1394264.8445539845,10.0,35000,0.78,120000
625,-0.0098853826693579,-0.0057958129482746,-0.0037034761226045,-0.0037795670371671,-0.0318095170647813,-0.0035871774439074,-0.0185690094928895,-0.0037062441417773,-0.0098284699162681,-0.0044852505218223,338.9718156510209,1171.9329177218542,1355752.1556703956,10.0,35000,0.78,25000,389.1099843031547,1332.052570624873,3450712.299056079,15.0,0.0,0.0,120000,364.6355525284873,1214.1061975018963,2256170.5655639325,10.0,15000,0.55,120000,340.5043407182297,1186.920339631432,1393159.4589065947,10.0,35000,0.78,120000
626,-0.0099305665171747,-0.0058508291299517,-0.003733009807638,-0.0038164889959829,-0.0319592227900532,-0.0036159050766459,-0.0187152993931234,-0.0037283014727817,-0.0098948900899285,-0.0045070053554796,339.0240237831914,1172.4266747824754,1355011.2405287346,10.0,35000,0.78,25000,389.13709319976044,1330.882752437138,3450922.4446035973,15.0,0.0,0.0,120000,364.64527755128836,1214.612809117078,2254441.06793126,10.0,15000,0.55,120000,340.4780108531185,1187.1766427264308,1396687.5962816891,10.0,35000,0.78,120000
627,-0.0099750163767284,-0.0058997049633741,-0.0037575737668331,-0.0038431214625014,-0.0321149776698368,-0.0036313577518516,-0.0188633750249633,-0.0037366412429505,-0.0099547783755085,-0.0045157913356038,339.0214057572163,1173.0112134725146,1354828.3986192355,10.0,35000,0.78,25000,389.1304294095669,1331.441064921403,3448125.335023301,15.0,0.0,0.0,120000,364.6505773828226,1214.895816324206,2253838.656891087,10.0,15000,0.55,120000,340.4860688767614,1187.9610612711415,1394265.8527327746,10.0,35000,0.78,120000
628,-0.0100369692563034,-0.0059214051652411,-0.0037881848303661,-0.0038583333143226,-0.0322891279653083,-0.0036734986687477,-0.0189714293783378,-0.0037614493103439,-0.0100504499082895,-0.0045427034968141,339.02164662810435,1173.5231398243097,1354709.627053434,10.0,35000,0.78,25000,389.20954772454087,1332.820143539217,3448813.175823108,15.0,0.0,0.0,120000,364.7137842677727,1215.9708624076488,2253576.3093189597,10.0,15000,0.55,120000,340.5733322629661,1187.4408520723255,1395715.3090484582,10.0,35000,0.78,120000
629,-0.0101489430383691,-0.0059560809528049,-0.0038212840575307,-0.0038992135006425,-0.0324379765297971,-0.0037049638669714,-0.0191195788599443,-0.0037795597507233,-0.0101219948963678,-0.0045489642071836,339.03749407955706,1174.1885615050396,1354739.4415353283,10.0,35000,0.78,25000,389.1785545832336,1331.86618682511,3448447.9249367085,15.0,0.0,0.0,120000,364.6401013340918,1215.955955171783,2254311.8362283325,10.0,15000,0.55,120000,340.5574578805891,1189.2546883677098,1394415.9042706056,10.0,35000,0.78,120000
630,-0.010196441160465,-0.0059822863807584,-0.0038316477651154,-0.0039339805732385,-0.0325998903804501,-0.0037316676590984,-0.0192378667221429,-0.0038219883169268,-0.0101708398841748,-0.0045838737231384,339.11098781209125,1174.3823224173098,1354172.631601441,10.0,35000,0.78,25000,389.1373406984296,1333.5851271925274,3448204.0980986473,15.0,0.0,0.0,120000,364.7195352458622,1216.215223968637,2251549.8038700055,10.0,15000,0.55,120000,340.5993542277735,1188.4499297117868,1395027.7068833848,10.0,35000,0.78,120000
631,-0.0102536827237671,-0.006005623247252,-0.0038694211393785,-0.0039847263783157,-0.0327986979307132,-0.0037655830095465,-0.0193839029860842,-0.0038254018693376,-0.0102957451448677,-0.0046135026731575,339.0898761598625,1175.5749753378493,1354528.2505448898,10.0,35000,0.78,25000,389.16616328400136,1334.6853343918226,3446501.723859387,15.0,0.0,0.0,120000,364.78789441421026,1215.8990696252893,2250087.6191580463,10.0,15000,0.55,120000,340.5495412765461,1189.434774750678,1392437.1224343595,10.0,35000,0.78,120000
632,-0.010302867267041,-0.006036653967713,-0.0039407181756485,-0.0040402504572919,-0.0329790568429583,-0.0037776403034376,-0.0195043308196157,-0.0038730235192675,-0.010356477671708,-0.0046749836903968,339.25258030823915,1174.8754415819487,1354517.987414121,10.0,35000,0.78,25000,389.2288627284957,1335.1239800306605,3446221.8282156927,15.0,0.0,0.0,120000,364.70366522859103,1216.1487953120866,2248670.263021332,10.0,15000,0.55,120000,340.626320326561,1189.004581108493,1394676.310648663,10.0,35000,0.78,120000
633,-0.0103488171100955,-0.006108522276569,-0.0039811374490158,-0.0040570155035612,-0.0331340317903646,-0.0037848664310762,-0.0196429376339697,-0.0039519087188654,-0.0104105741303482,-0.0047218291202506,339.1327415345432,1176.477073777762,1354370.890081754,10.0,35000,0.78,25000,389.2315916136354,1334.4394199822884,3446737.9289504276,15.0,0.0,0.0,120000,364.7390997869973,1217.8603675264997,2249891.6520009297,10.0,15000,0.55,120000,340.65343709165705,1189.3377099597951,1393801.3718515218,10.0,35000,0.78,120000
634,-0.0103998603124617,-0.0061335863678557,-0.0040011419675643,-0.004085597227372,-0.0332918013756396,-0.0038090492965196,-0.0197523902249673,-0.0039799374475451,-0.0104887507196529,-0.004729837457531,339.22446749624544,1175.4784159953565,1354796.804557711,10.0,35000,0.78,25000,389.2525326710302,1335.4465699169912,3446931.2430354413,15.0,0.0,0.0,120000,364.80776000435304,1217.3840837679923,2250988.367670036,10.0,15000,0.55,120000,340.62656725274906,1190.6471289507065,1392286.1501857855,10.0,35000,0.78,120000
635,-0.0104703039023328,-0.0061687501323265,-0.0040750617694574,-0.0041090621643756,-0.0334390662282892,-0.0038224444098198,-0.0198984593100303,-0.0040102313267285,-0.010548228034127,-0.004765798313213,339.19267267621564,1176.1881242627207,1353964.438534779,10.0,35000,0.78,25000,389.1474299498967,1336.481067390058,3445495.8807078092,15.0,0.0,0.0,120000,364.83503348174315,1218.5342905245127,2248164.8342086747,10.0,15000,0.55,120000,340.6108858767273,1191.1743380839891,1394575.8111145417,10.0,35000,0.78,120000
636,-0.0105217334422372,-0.0062072269458303,-0.0041026023385455,-0.0041771993077883,-0.0335888246624921,-0.0038574545624815,-0.0200266614295974,-0.0040362603611636,-0.0106270613633885,-0.0047853112051842,339.2366092875397,1176.9218009052956,1353947.2111263832,10.0,35000,0.78,25000,389.25947157315943,1336.6925491557881,3444784.7013440602,15.0,0.0,0.0,120000,364.7689412652468,1218.0340946053873,2248976.1514020488,10.0,15000,0.55,120000,340.76656744443153,1192.969030376118,1392281.7260909425,10.0,35000,0.78,120000
637,-0.0105704398462856,-0.0062227747247796,-0.0041261771383794,-0.0042100582744626,-0.0337674538662058,-0.0039288164082374,-0.0202204069840889,-0.0041080126870028,-0.0107152152667417,-0.0048560569841104,339.28982779453895,1176.7217908256903,1354606.507138262,10.0,35000,0.78,25000,389.3277714471199,1337.8427933050302,3444968.995471362,15.0,0.0,0.0,120000,364.8190977980083,1219.7320074683475,2247836.7165476405,10.0,15000,0.55,120000,340.7092428970641,1191.6031194373143,1392906.1190476543,10.0,35000,0.78,120000
638,-0.0106712332659105,-0.0062906088791684,-0.0041933836464863,-0.0042512652806282,-0.0339657479876831,-0.0039399779934122,-0.0203675433900794,-0.0041083495645529,-0.0107790222018539,-0.0049321820792508,339.31145776435363,1177.4730665531013,1354476.097343159,10.0,35000,0.78,25000,389.3571839733229,1337.1470012048192,3444524.195332892,15.0,0.0,0.0,120000,364.83513555314215,1220.2714799114756,2247228.9332109103,10.0,15000,0.55,120000,340.75766649783407,1192.7350781445953,1393268.6224170965,10.0,35000,0.78,120000
639,-0.0107401356702115,-0.0063478345063368,-0.0042027301063588,-0.0043035407890923,-0.0341324404233819,-0.0039539786644704,-0.0204815923474697,-0.0041492886450555,-0.0108243757447239,-0.0050009782627365,339.37334991808166,1179.025429427432,1353348.3419004187,10.0,35000,0.78,25000,389.38780594023416,1338.4674872396079,3441783.414886886,15.0,0.0,0.0,120000,364.93150289899944,1220.6511152042208,2244345.669682135,10.0,15000,0.55,120000,340.7382774982435,1192.1233051805955,1392585.9472124248,10.0,35000,0.78,120000
640,-0.0107982814397723,-0.0063631814005316,-0.0042145405721235,-0.0043497783512879,-0.0342748021047574,-0.0039977885785132,-0.0206022765506247,-0.0041654345535013,-0.01089376692761,-0.0050395664629833,339.3486735800319,1179.0974398516123,1353388.2202466638,10.0,35000,0.78,25000,389.39585589795786,1339.2901855044372,3441393.7512458507,15.0,0.0,0.0,120000,364.9018366477427,1221.1144503476787,2248050.769299656,10.0,15000,0.55,120000,340.7302762436797,1191.7262819568305,1392444.6148342078,10.0,35000,0.78,120000
641,-0.0109221726500907,-0.0063775673934798,-0.0042349616311068,-0.0043625574598559,-0.0345055485698848,-0.0040186098199453,-0.0207502233923589,-0.0042314846605238,-0.0109467905125299,-0.0051108514945119,339.43847252168285,1179.1677637901882,1353193.5570318731,10.0,35000,0.78,25000,389.396351742807,1339.7462176998506,3439245.147819614,15.0,0.0,0.0,120000,364.9598082440801,1221.775675842357,2243970.6212166953,10.0,15000,0.55,120000,340.8495437831433,1193.012243258754,1393090.9859033946,10.0,35000,0.78,120000
642,-0.0109792359104753,-0.0064082876416492,-0.0042522445335597,-0.0043902478472286,-0.0346534026571739,-0.0040233089306788,-0.0208649530152829,-0.004299014053622,-0.011027602116226,-0.0051429551454376,339.42470420822775,1179.352448458161,1353287.927064008,10.0,35000,0.78,25000,389.44254513947214,1340.0333143427843,3441766.4853391265,15.0,0.0,0.0,120000,365.0124907106097,1222.3401533441904,2246765.3934043613,10.0,15000,0.55,120000,340.7736888689114,1194.0487903699625,1391315.453881597,10.0,35000,0.78,120000
643,-0.0110287143119043,-0.0064463083219033,-0.004267072210509,-0.0044580360935887,-0.034808055526176,-0.0040387371403605,-0.0209840372453526,-0.0043073667557555,-0.0110853758929569,-0.0052076540248788,339.3719995393592,1178.8242117892423,1353268.1837821836,10.0,35000,0.78,25000,389.4025022925421,1339.1743689190168,3438675.8486345443,15.0,0.0,0.0,120000,365.0188582497982,1222.255418562656,2245453.598229188,10.0,15000,0.55,120000,340.8333614691569,1194.1895146279305,1390292.85985484,10.0,35000,0.78,120000
644,-0.0111160281858604,-0.0065233861859797,-0.0042787397260768,-0.0044940416425116,-0.0349836500938151,-0.0040571113455366,-0.0211203373619845,-0.0043613582522814,-0.0111521588986162,-0.0052340364875315,339.4501457530847,1179.380295499573,1353066.2075710043,10.0,35000,0.78,25000,389.3838156199075,1340.488124720423,3439024.986106118,15.0,0.0,0.0,120000,365.030104857668,1222.7905776592193,2245855.1491885334,10.0,15000,0.55,120000,340.84929371663685,1193.3456874235685,1391343.2963622157,10.0,35000,0.78,120000
645,-0.0111929843791071,-0.0065473925413745,-0.0043066323889368,-0.0045134997909323,-0.0351229287887124,-0.004089376046898,-0.0212391033055019,-0.0043803972266689,-0.0112215064525007,-0.0052976818241536,339.49799003761393,1179.963302032416,1352480.7042483545,10.0,35000,0.78,25000,389.5506915899567,1341.3557299020856,3439679.5277035832,15.0,0.0,0.0,120000,365.0709740111954,1223.5949865684513,2245377.094015835,10.0,15000,0.55,120000,340.9016405853802,1193.8108326820238,1390222.512681581,10.0,35000,0.78,120000
646,-0.0112714208282854,-0.0066143868348026,-0.0043287475634098,-0.0045674502255387,-0.0352905748639744,-0.0040939277485276,-0.0213731909131417,-0.0043956132884466,-0.0112779203051538,-0.0053348307617938,339.54605718308903,1181.4097624260905,1352601.759863655,10.0,35000,0.78,25000,389.659835885588,1341.4092333805477,3438679.941793703,15.0,0.0,0.0,120000,364.97942563168743,1224.3489581669248,2241758.725509396,10.0,15000,0.55,120000,340.891101745039,1194.4895216642547,1390529.7059709902,10.0,35000,0.78,120000
647,-0.01131877878717,-0.0066401747685831,-0.004359922835493,-0.0046165374214537,-0.035461547098455,-0.0041078981167228,-0.021483340050363,-0.0043979263595207,-0.0113322772077113,-0.0053480195042666,339.4989682875612,1180.7937485891262,1351727.4130449714,10.0,35000,0.78,25000,389.52785938426734,1341.441033743724,3438015.734411233,15.0,0.0,0.0,120000,364.9840669092247,1223.5087344849294,2243785.8570960327,10.0,15000,0.55,120000,340.9519526250992,1196.3888491417806,1388956.010288399,10.0,35000,0.78,120000
648,-0.0113843165014884,-0.0066560409020097,-0.0043939226998301,-0.0046996736322433,-0.0356033858522106,-0.0041327679131356,-0.0215883707307936,-0.0044059214985544,-0.0114068548368338,-0.0054099965550969,339.5651307718789,1181.3422986055493,1351582.2379455213,10.0,35000,0.78,25000,389.5619982227752,1342.1216675970034,3437325.4347244473,15.0,0.0,0.0,120000,365.0637685308479,1224.5905033653253,2240628.032718005,10.0,15000,0.55,120000,340.94653961064904,1194.4084514388226,1390045.1034573873,10.0,35000,0.78,120000
649,-0.0114638045982763,-0.0067088066611757,-0.0044073725842972,-0.0047451931046365,-0.0357778685218481,-0.004171200369863,-0.0216951431574086,-0.0044480067135847,-0.0114563325190854,-0.0054189806140915,339.6538449732639,1181.2294469986543,1352389.011964951,10.0,35000,0.78,25000,389.4892994420249,1343.357238491469,3437204.0605585277,15.0,0.0,0.0,120000,365.02371467925167,1224.003406432776,2242746.958731706,10.0,15000,0.55,120000,340.9719931848968,1195.5410349181775,1388199.9622196783,10.0,35000,0.78,120000
650,-0.0115132569759867,-0.0067704637667709,-0.0044593877280953,-0.0048184429278487,-0.0359475366436663,-0.0042213959156236,-0.0218042477077331,-0.0044519201444798,-0.0115347336172598,-0.0054319451929562,339.5668079196949,1181.7098012743502,1352096.154803863,10.0,35000,0.78,25000,389.51836427237805,1343.764575740411,3435571.094593643,15.0,0.0,0.0,120000,365.07956930319205,1226.1079384487139,2239783.9344841572,10.0,15000,0.55,120000,341.03433237294473,1196.398336455068,1388927.5327056074,10.0,35000,0.78,120000
651,-0.0115646429085143,-0.0068660926713752,-0.0044812404377587,-0.0048690165566804,-0.036096725568067,-0.0042631224999479,-0.0219520183485218,-0.0044931687342893,-0.011630955798771,-0.0054662115660788,339.7172046966305,1182.9764434190392,1351808.0099602905,10.0,35000,0.78,25000,389.57508043597323,1344.1016639701902,3434443.8593957433,15.0,0.0,0.0,120000,365.1342087801271,1224.8940132127598,2239368.752596334,10.0,15000,0.55,120000,341.0215730996188,1196.24139059872,1387455.0345888727,10.0,35000,0.78,120000
652,-0.0116252414460286,-0.0069027845034021,-0.0044924745149353,-0.0049150218842537,-0.0362400332878915,-0.0043184417896032,-0.0220878940104321,-0.0045084281577764,-0.0116867929647298,-0.0055054918490714,339.6352504574966,1184.279028197064,1351587.8794903941,10.0,35000,0.78,25000,389.63622098691167,1344.8260735211472,3433194.667935829,15.0,0.0,0.0,120000,365.1095836744391,1225.5173204181401,2240472.2666654903,10.0,15000,0.55,120000,341.04665211846856,1196.616391693763,1387805.72081092,10.0,35000,0.78,120000
653,-0.0116986754781021,-0.0069488612909569,-0.0045031605243878,-0.0049369299396066,-0.0364605340752291,-0.0043280575047889,-0.0221950061561807,-0.0045308006654874,-0.0117807754559,-0.0055285491952045,339.74136880394275,1183.7484237950775,1350799.0033359046,10.0,35000,0.78,25000,389.6510122772786,1343.9361865605367,3432259.951804257,15.0,0.0,0.0,120000,365.0140872426522,1226.1773101478036,2240860.355411526,10.0,15000,0.55,120000,341.07243222703937,1197.1303554341114,1387599.8317348105,10.0,35000,0.78,120000
654,-0.0117743867225008,-0.0070090233364012,-0.0045246705567738,-0.0049473611077987,-0.036633245831213,-0.0043492145729691,-0.0223032397435478,-0.0045483336193509,-0.0118318583748099,-0.0055479273235057,339.67724546685145,1183.3860234244507,1350814.788088636,10.0,35000,0.78,25000,389.7772790514094,1345.2427548117585,3434558.90103933,15.0,0.0,0.0,120000,365.16917813638076,1224.9612375563106,2239458.4816661705,10.0,15000,0.55,120000,341.0707777217142,1197.7130369556835,1389364.9818066559,10.0,35000,0.78,120000
655,-0.0118460291842137,-0.0071070310405895,-0.0045468661730488,-0.0049742798177018,-0.0368013042221299,-0.0043950149779975,-0.0224537019037308,-0.0045693533944572,-0.011944947189878,-0.0055861002586785,339.6747388200571,1185.3023135130911,1350711.8903250105,10.0,35000,0.78,25000,389.6505569273471,1345.8786566775982,3433907.9191632606,15.0,0.0,0.0,120000,365.2376278601174,1227.00354247063,2238185.699347242,10.0,15000,0.55,120000,341.09774252644246,1196.6279759363367,1388547.89479659,10.0,35000,0.78,120000
656,-0.0119567865533192,-0.0071515767713697,-0.0045776232847101,-0.0049972764969778,-0.0369716527168645,-0.0044118661187446,-0.0225697722456896,-0.0046192643131081,-0.0120061897757659,-0.0056221134089513,339.715677833586,1185.4917371744684,1350984.8134518522,10.0,35000,0.78,25000,389.8247777710254,1346.6676866137552,3431011.3207935584,15.0,0.0,0.0,120000,365.147223390764,1226.8797145507897,2240312.59481372,10.0,15000,0.55,120000,341.1402329396244,1198.456636711717,1387860.365764887,10.0,35000,0.78,120000
657,-0.0120314537517283,-0.0071745739397074,-0.0046013341707331,-0.0050255470282467,-0.0371284088339543,-0.0044374628631412,-0.0226913091505807,-0.004695701413788,-0.0120615102875034,-0.0056400887710872,339.8205349761554,1185.4676859922306,1351003.5995629863,10.0,35000,0.78,25000,389.7548681597374,1345.3457927363538,3430452.206429486,15.0,0.0,0.0,120000,365.1709013877635,1226.6162956826838,2239980.886790869,10.0,15000,0.55,120000,341.1614536546366,1199.8674882002563,1386454.2697019966,10.0,35000,0.78,120000
658,-0.0121045283574999,-0.0072170998858736,-0.004639146141454,-0.0050846431898087,-0.0372766056039329,-0.0044492420794222,-0.0228044117371485,-0.0047342219569367,-0.0121096384056135,-0.0056477023399423,339.8334624948838,1185.4333753577769,1350602.290603479,10.0,35000,0.78,25000,389.6930728891763,1347.9680746776148,3431389.8661307474,15.0,0.0,0.0,120000,365.1747806831787,1228.047889722462,2237244.224691545,10.0,15000,0.55,120000,341.18236310116845,1198.4626244933181,1388174.1215710281,10.0,35000,0.78,120000
659,-0.0121844506580567,-0.0072317926207759,-0.0046887102020598,-0.005109114736633,-0.0374208159305415,-0.0044811470286106,-0.0229325291094942,-0.0047406429708943,-0.0121655753365912,-0.0056741863134555,339.8401158013617,1185.7923112000203,1351569.3202065302,10.0,35000,0.78,25000,389.7935155136382,1347.4036662815301,3431833.472019135,15.0,0.0,0.0,120000,365.21031682356295,1228.7460527342,2237842.9093070226,10.0,15000,0.55,120000,341.1790676341656,1199.8291972185257,1386767.394226065,10.0,35000,0.78,120000
660,-0.0122544446510243,-0.0072908415715025,-0.0047080148561782,-0.0051406934386401,-0.037560244493586,-0.0044895103849445,-0.0230837579049196,-0.0047524338593246,-0.0122149805782569,-0.0057335884758542,339.88620102010225,1187.6648008133914,1350655.4655028575,10.0,35000,0.78,25000,389.74129600817633,1348.7999226324453,3430017.6486170315,15.0,0.0,0.0,120000,365.2402793883776,1229.483042403662,2239033.3204036914,10.0,15000,0.55,120000,341.13511471075896,1199.1596870718429,1386488.9694166875,10.0,35000,0.78,120000
661,-0.0122988221468279,-0.0073089092789447,-0.0047275014744318,-0.0051643699920345,-0.0377375580143308,-0.0044996019872852,-0.0231916573458584,-0.0047832889679184,-0.0123294400516858,-0.0057605235254405,339.84634545095787,1185.9406414107434,1350229.0078640003,10.0,35000,0.78,25000,389.7649316919586,1348.8426974226425,3429620.2244891487,15.0,0.0,0.0,120000,365.23654707799943,1229.178473735174,2236009.85223531,10.0,15000,0.55,120000,341.2621097372558,1199.062098206018,1385510.8436085177,10.0,35000,0.78,120000
662,-0.012347184373104,-0.0073511149487961,-0.0047965323517486,-0.0051822326556311,-0.0378822171434462,-0.0045106301845615,-0.0233314683171836,-0.0048303150832011,-0.012373984417064,-0.0057755720344734,339.95224924035324,1187.246645151139,1350686.4117391764,10.0,35000,0.78,25000,389.72472442253377,1347.8316188345987,3428974.3200137727,15.0,0.0,0.0,120000,365.2237376179486,1230.4192862004918,2236670.358367439,10.0,15000,0.55,120000,341.2402665120948,1200.0220634269688,1386880.221857658,10.0,35000,0.78,120000
663,-0.0123984470369936,-0.0074257661446797,-0.0048082537258258,-0.0052115265593127,-0.0380259000389688,-0.0045201724771629,-0.023466883044409,-0.0048729146502432,-0.0124263511510471,-0.0057842591151649,339.8902481397855,1187.1833433267457,1350204.3321550698,10.0,35000,0.78,25000,389.8778378818506,1349.237010998623,3427324.6253283774,15.0,0.0,0.0,120000,365.2395174179304,1230.5178240546275,2236154.0603432865,10.0,15000,0.55,120000,341.2247446874058,1200.1636730914029,1385586.4081554592,10.0,35000,0.78,120000
664,-0.012448382365852,-0.0074435838218668,-0.0048917940091006,-0.0052375485821101,-0.0382437007017692,-0.0045289250679928,-0.0235871115863201,-0.0048813085229643,-0.012519769657952,-0.005795317090507,340.0605304620585,1188.5991749465059,1349969.6843697776,10.0,35000,0.78,25000,389.76810496787556,1349.7231417827352,3426903.27863402,15.0,0.0,0.0,120000,365.3065757720243,1230.7365657786522,2236040.7175271744,10.0,15000,0.55,120000,341.27516858822435,1201.9175746378444,1384192.5270715507,10.0,35000,0.78,120000
665,-0.0125530731231288,-0.0074868863014344,-0.0049585959999261,-0.0052480482377949,-0.0383959929321069,-0.0045889001793899,-0.0237051769997375,-0.0048863580984535,-0.012578807344497,-0.0058343777188926,339.98333393445904,1188.5342274235413,1349973.3332941118,10.0,35000,0.78,25000,389.8556832165416,1350.083817640001,3426335.975083466,15.0,0.0,0.0,120000,365.18753161847553,1232.3223209269165,2236766.422868995,10.0,15000,0.55,120000,341.31922620629,1201.3669187140158,1385136.933534611,10.0,35000,0.78,120000
666,-0.0126220444990589,-0.007532355197942,-0.0049728442725193,-0.0052665589603248,-0.0385996914537864,-0.0046093448399047,-0.0238364650017885,-0.0049275234939131,-0.0126676969895474,-0.0058650182922659,339.966921911869,1188.7181068042335,1348742.2624469772,10.0,35000,0.78,25000,389.90187653443706,1350.5027804983454,3426809.4483568342,15.0,0.0,0.0,120000,365.32935861519724,1231.4602956856772,2236144.3793801097,10.0,15000,0.55,120000,341.27965046980154,1200.7535977113193,1385418.1964504754,10.0,35000,0.78,120000
667,-0.0126696399754703,-0.0075657376327083,-0.0050231170677114,-0.0052870476347523,-0.0388041299946652,-0.0046475956873449,-0.0239613177388764,-0.004932030166252,-0.0127172824042698,-0.0059208388396841,340.0878384484176,1189.2081725453336,1348988.1707003438,10.0,35000,0.78,25000,389.88104480718386,1351.3497810629822,3426895.219633714,15.0,0.0,0.0,120000,365.3029094185817,1231.8518990366626,2233279.0435521184,10.0,15000,0.55,120000,341.2249623655912,1202.6557369072843,1385138.7374713772,10.0,35000,0.78,120000
668,-0.0127365105614818,-0.0075962240348918,-0.0050343388955917,-0.0053108383772378,-0.0389438555698304,-0.0046717729165727,-0.0240987149926383,-0.0049458007577088,-0.0128001402426637,-0.0059551927672999,340.05033256038996,1190.495966916108,1349492.044611766,10.0,35000,0.78,25000,389.97016085360076,1351.7729511492842,3425230.4276272496,15.0,0.0,0.0,120000,365.4090499726214,1231.2846524090303,2233050.0661415556,10.0,15000,0.55,120000,341.400739039397,1201.8266507722174,1385753.3573501443,10.0,35000,0.78,120000
669,-0.0127858185420669,-0.0076161045111496,-0.0050611024321667,-0.0053602527278042,-0.0390983386964006,-0.0047137432653548,-0.0242119430262841,-0.004994435849816,-0.0128933287208721,-0.0059909864659949,340.01049035890503,1190.442550914586,1348837.9278217976,10.0,35000,0.78,25000,389.93198657479866,1352.0942802423297,3426420.7859768374,15.0,0.0,0.0,120000,365.3925255705619,1233.058849252004,2232609.0785097675,10.0,15000,0.55,120000,341.3901208100148,1203.3049788714839,1384817.6292708835,10.0,35000,0.78,120000
670,-0.0128325063335381,-0.0076523489243372,-0.0051086528276888,-0.0054020517090464,-0.039240875378713,-0.0047360682031696,-0.0243380061609546,-0.0049975364408431,-0.0129450086489198,-0.0060575093832864,340.096567775125,1191.5082089301795,1349377.4974504847,10.0,35000,0.78,25000,389.95428737754366,1352.545801960269,3425912.9114926807,15.0,0.0,0.0,120000,365.44104898074033,1233.5968374853792,2231639.3521791063,10.0,15000,0.55,120000,341.3428722891199,1203.6599892289094,1383422.8036167033,10.0,35000,0.78,120000
671,-0.012900672378973,-0.0076673027933566,-0.0051265809813161,-0.0054284556982122,-0.0394405224167684,-0.0048080824487674,-0.0244481207903208,-0.0050266811066191,-0.0129981622603244,-0.0060661757605888,340.0769572295115,1191.2474765106347,1348873.1137034525,10.0,35000,0.78,25000,390.0240055917098,1352.7479978619247,3423306.2956684334,15.0,0.0,0.0,120000,365.4591639385131,1233.6776851695768,2233482.896108239,10.0,15000,0.55,120000,341.49136966393837,1204.7582328752462,1384041.427016785,10.0,35000,0.78,120000
672,-0.0129526923988573,-0.0076860995062489,-0.005205902823399,-0.0054549308770819,-0.0396001433191483,-0.0048388671703807,-0.0245606646529905,-0.0050426325191928,-0.0130986643587235,-0.0060806770852959,340.017559994405,1190.595788863758,1348022.040331147,10.0,35000,0.78,25000,389.8686487023524,1353.5308153602195,3422219.6408550367,15.0,0.0,0.0,120000,365.4467707987355,1233.9845742552313,2233451.6961505245,10.0,15000,0.55,120000,341.39171112155026,1204.7563176694896,1383801.942885494,10.0,35000,0.78,120000
673,-0.0130426868464313,-0.0077187428123618,-0.005226889153826,-0.0054857611116686,-0.0397425565591705,-0.0048831420692162,-0.0246856041483042,-0.0050655696597893,-0.0131697735721932,-0.0060899010731658,340.1479969909557,1191.9220001787987,1348293.685038622,10.0,35000,0.78,25000,390.0228863355943,1353.2978830782272,3422468.679670847,15.0,0.0,0.0,120000,365.3492846929632,1233.6315449957553,2231829.1394715016,10.0,15000,0.55,120000,341.5076377898851,1204.7920227680845,1383491.4239916701,10.0,35000,0.78,120000
674,-0.0131158547432684,-0.0077524054839206,-0.0052613875421591,-0.0055068482979508,-0.0398919259282877,-0.0048890334766359,-0.0248663865632766,-0.0051190121110984,-0.0132168341066104,-0.0060980441506111,340.2122366681973,1192.607682242064,1348387.8574636849,10.0,35000,0.78,25000,390.04846786798817,1355.674032980553,3421570.1068466413,15.0,0.0,0.0,120000,365.4208794050233,1234.822759134282,2231855.8308258695,10.0,15000,0.55,120000,341.43285197534,1205.0937199280986,1384206.2893890585,10.0,35000,0.78,120000
675,-0.0131981010448008,-0.007822887062939,-0.0052814941210949,-0.0055708195736776,-0.0400338559487977,-0.0049602663591324,-0.0249892003920985,-0.0051473847165115,-0.0133025026058604,-0.0061276743342472,340.1935228211407,1192.7799469254217,1347994.1774268954,10.0,35000,0.78,25000,390.06912371759,1355.8410781672421,3422854.2435798547,15.0,0.0,0.0,120000,365.4436444918573,1235.439170994874,2232012.0295339944,10.0,15000,0.55,120000,341.5925075215701,1205.1742273564519,1383303.585138397,10.0,35000,0.78,120000
676,-0.0070439608059295,-0.0039563215373957,-0.0025645933694855,-0.0026734269547522,-0.0220760962444344,-0.0025182781097965,-0.0137379207522955,-0.0026036460806318,-0.0070313344582949,-0.00309151804812,338.00346174210364,1154.346031807423,1363371.2564910122,10.0,35000,0.78,25000,388.2796746299709,1309.9432175010868,3477280.049485901,15.0,0.0,0.0,120000,363.911011864451,1193.1100110610844,2273877.4826722033,10.0,15000,0.55,120000,339.5460210875375,1169.6432732927622,1407029.100643067,10.0,35000,0.78,120000
677,-0.0072979196429871,-0.0040304203130013,-0.0026702230886225,-0.0027583764489121,-0.0228585542858374,-0.0025370999746406,-0.0143739557372826,-0.0026251662209943,-0.0073012089577333,-0.0031417256160255,338.0002266264611,1156.3369371227363,1362718.3208237572,10.0,35000,0.78,25000,388.4279519204563,1311.9278155972888,3475223.715939308,15.0,0.0,0.0,120000,363.95963014421375,1196.2590733846193,2271480.3055694145,10.0,15000,0.55,120000,339.6810193115563,1172.0038404560778,1406978.4822239035,10.0,35000,0.78,120000
678,-0.0074789079307335,-0.0040726940248533,-0.0027512974116361,-0.0028067579105413,-0.0232691357809739,-0.002557658977888,-0.0146795289330969,-0.0026509549214598,-0.0074154369236625,-0.0032081347470165,337.9942832043047,1156.9971573134992,1362002.204329337,10.0,35000,0.78,25000,388.3753811557692,1312.2572295241073,3473488.943089728,15.0,0.0,0.0,120000,364.0046522457734,1196.7685663757356,2271299.7905694307,10.0,15000,0.55,120000,339.6872528479664,1172.4743135498604,1407208.2103925652,10.0,35000,0.78,120000
679,-0.0075648859282633,-0.0041303942480353,-0.0027856962838787,-0.0028395144082533,-0.0235506852718407,-0.002631320116166,-0.0148404837129526,-0.0027004089024694,-0.0075480610937731,-0.0032493524485559,338.2055080865317,1158.1779910400933,1361657.9872314045,10.0,35000,0.78,25000,388.4474684097101,1313.2881978444343,3472913.9075583336,15.0,0.0,0.0,120000,364.12111969934483,1197.1346096129726,2270062.9621867486,10.0,15000,0.55,120000,339.74629051864997,1173.734909129299,1405272.776577906,10.0,35000,0.78,120000
680,-0.0076253837682534,-0.0041607067063651,-0.0028062034400048,-0.0028906029746206,-0.02373786904879,-0.0026542789358152,-0.0149790135455614,-0.0027480054313302,-0.0076280156667522,-0.0032613061115602,338.1271783365818,1158.0543563605395,1362049.260099181,10.0,35000,0.78,25000,388.54685730373455,1313.966783521974,3472796.376279224,15.0,0.0,0.0,120000,364.0537829877646,1197.662110731482,2270437.9470095937,10.0,15000,0.55,120000,339.70338826288446,1173.1517950448635,1404713.9425230427,10.0,35000,0.78,120000
681,-0.0076805605926528,-0.0042020997077545,-0.0028168126910833,-0.0029110964493163,-0.0238886117891518,-0.0026872768695606,-0.0151008025335885,-0.0027505637016323,-0.0077057667893383,-0.0032889464025819,338.2210966577053,1158.0812880638214,1361550.700031965,10.0,35000,0.78,25000,388.5325764326861,1316.079039134394,3472333.748960685,15.0,0.0,0.0,120000,364.0849298693943,1198.5285313382003,2269609.4768903437,10.0,15000,0.55,120000,339.79787394438097,1172.726686034488,1405321.8435107986,10.0,35000,0.78,120000
682,-0.0077509178416918,-0.0042345587587372,-0.0028581393986847,-0.0029531624950026,-0.0240557167609273,-0.0027284891921691,-0.0152399141897338,-0.0027791517531541,-0.0077640766100002,-0.0032988079917685,338.19809691980663,1158.712263600412,1361020.1974496224,10.0,35000,0.78,25000,388.42702649120423,1315.5401493589693,3471461.3942840165,15.0,0.0,0.0,120000,364.0296646536025,1199.6795397890523,2269103.6231993623,10.0,15000,0.55,120000,339.8325644590528,1174.903331915311,1405342.660108637,10.0,35000,0.78,120000
683,-0.0077956867392849,-0.0042820913148643,-0.002924662680611,-0.0029659026548686,-0.0242145203354164,-0.0027773498614083,-0.0153709616375465,-0.0028020357795083,-0.007815926500219,-0.0033066649767157,338.1961496496293,1159.0620453264955,1361553.5156373342,10.0,35000,0.78,25000,388.5697777487243,1316.5708268539947,3470413.54092918,15.0,0.0,0.0,120000,364.10297784512875,1198.7877179310485,2268244.914385119,10.0,15000,0.55,120000,339.81542928481224,1174.5365356693912,1403168.5862497394,10.0,35000,0.78,120000
684,-0.007910346003831,-0.0043125776584285,-0.0029500558360748,-0.0029798039405077,-0.0243803967706023,-0.0028377342738124,-0.015529214823411,-0.0028304780730416,-0.0078649290695598,-0.0033223920401006,338.1848422579086,1159.5749780404626,1361202.7659345733,10.0,35000,0.78,25000,388.5629054216206,1315.7284278788597,3470916.763305903,15.0,0.0,0.0,120000,364.1786627660468,1200.2060027598468,2267565.966190163,10.0,15000,0.55,120000,339.8364114340813,1174.920283159305,1405463.381112276,10.0,35000,0.78,120000
685,-0.0080016500537627,-0.0043347627540998,-0.0029758083893973,-0.0030062814852067,-0.0245532988082359,-0.0028503076430454,-0.0156381467012921,-0.0028377519156564,-0.0079276702628604,-0.0033460745199742,338.3210887720206,1160.5014829969145,1360507.5831151016,10.0,35000,0.78,25000,388.6229997515205,1315.7588824685836,3468475.4749109168,15.0,0.0,0.0,120000,364.19364338886965,1200.2712801641787,2267602.313469821,10.0,15000,0.55,120000,339.7864599862941,1175.1453110187185,1405646.2837751636,10.0,35000,0.78,120000
686,-0.0080609414296208,-0.0043510502813805,-0.0030000838660763,-0.0030164623867285,-0.024697711792346,-0.002879086061132,-0.015759907045155,-0.0029139548757178,-0.007983514639146,-0.0033730244352806,338.32251657581304,1160.3977689690994,1361237.5543669732,10.0,35000,0.78,25000,388.5660713852925,1317.5324515188515,3470174.1282141604,15.0,0.0,0.0,120000,364.21002848527075,1200.7408849858912,2267865.687476793,10.0,15000,0.55,120000,339.8792414931458,1176.4396054187023,1402654.7927886269,10.0,35000,0.78,120000
687,-0.0081098551355893,-0.0044425372229957,-0.0030160176961145,-0.0030606079031924,-0.0248488786092691,-0.0028870460237739,-0.0158786793216215,-0.0029364227679493,-0.0080603929129844,-0.0034151854068816,338.3204407784243,1160.0239208538953,1361268.3286064377,10.0,35000,0.78,25000,388.6095133252777,1316.2728711619282,3469122.1566779017,15.0,0.0,0.0,120000,364.20185550574166,1200.3333204700007,2267539.742912102,10.0,15000,0.55,120000,339.81788768687386,1177.2441892204708,1403297.3809223704,10.0,35000,0.78,120000
688,-0.008221526598832,-0.0044647818307079,-0.0030578943696114,-0.0031193519602661,-0.0250492085824698,-0.002912278222719,-0.0160189092669982,-0.0030042450660378,-0.0081480339618226,-0.0034941533426363,338.40316120924496,1161.277093865445,1360602.3897046058,10.0,35000,0.78,25000,388.57566162992043,1317.172831613482,3468824.2455366184,15.0,0.0,0.0,120000,364.24959350955925,1200.9179226867257,2266518.8795933835,10.0,15000,0.55,120000,339.8785967721203,1175.0749790804787,1403675.3912087816,10.0,35000,0.78,120000
689,-0.0083118026737726,-0.0045204260921045,-0.0030658321220416,-0.0031504646266742,-0.0251942079895171,-0.0029329940859712,-0.0161884525990716,-0.0030165623801227,-0.0082223341644971,-0.0035007531689541,338.3895645749466,1161.5030243839265,1360784.9089161484,10.0,35000,0.78,25000,388.63473373492104,1318.6778549297787,3467589.0483444086,15.0,0.0,0.0,120000,364.19550933501233,1203.1170341966192,2266030.7862084354,10.0,15000,0.55,120000,339.83963479906896,1176.4157979148526,1402478.2876706643,10.0,35000,0.78,120000
690,-0.0083930949947242,-0.0045510970209066,-0.0031025830253216,-0.0031940991267155,-0.0253451932615504,-0.0029482769956548,-0.0163211314788352,-0.0030432829444987,-0.0082664619677401,-0.0035118729424473,338.43228537167226,1161.76101423498,1360808.6167374768,10.0,35000,0.78,25000,388.6192326087624,1318.6271360795565,3467692.022835429,15.0,0.0,0.0,120000,364.26642287932077,1201.369203794026,2266087.9610278164,10.0,15000,0.55,120000,339.9410789570889,1176.464793142314,1403821.4720501907,10.0,35000,0.78,120000
691,-0.0084503229602598,-0.0046079516510852,-0.0031438417603153,-0.0032063717784051,-0.0255010605409097,-0.0029654477835812,-0.0164601267714936,-0.0031042002494599,-0.0083272190695125,-0.0035223834542199,338.2935888061751,1162.1524151164253,1359561.917805885,10.0,35000,0.78,25000,388.74054960108754,1318.8763002090927,3468112.859464486,15.0,0.0,0.0,120000,364.22364788652607,1202.1124782399863,2265130.234263349,10.0,15000,0.55,120000,339.9666648308345,1177.767671658091,1402492.6550824514,10.0,35000,0.78,120000
692,-0.0084979469150702,-0.0046627961805682,-0.0031531581638655,-0.003254483329921,-0.0256425408039933,-0.0029972644325017,-0.0166301326337872,-0.0031121687197053,-0.0084086739476638,-0.0035414762459211,338.4704073495601,1162.1385023326827,1359685.2578702485,10.0,35000,0.78,25000,388.6760145031591,1319.3295577706635,3465015.426232696,15.0,0.0,0.0,120000,364.1854648901679,1203.800846750074,2264802.9325057305,10.0,15000,0.55,120000,339.95398099389325,1177.3213544203422,1400966.6095453054,10.0,35000,0.78,120000
693,-0.0085697038319487,-0.0046830212435525,-0.0031900412418242,-0.0032789588363985,-0.0258279556044873,-0.0030265582787389,-0.0167359036540862,-0.0031174000568676,-0.0084734247678543,-0.0035502941365046,338.4665524641829,1163.4126752978498,1360052.2141711814,10.0,35000,0.78,25000,388.73043395598154,1319.471549341794,3464168.8614890287,15.0,0.0,0.0,120000,364.31580784241805,1203.504239669312,2263079.057147635,10.0,15000,0.55,120000,340.0877073679449,1178.291370262978,1401415.7825992764,10.0,35000,0.78,120000
694,-0.0086419811213141,-0.0047220074232145,-0.0032437959256242,-0.0033048784204856,-0.0260333893938544,-0.0030868388032218,-0.0168900634503104,-0.003153750647011,-0.0085463150413933,-0.0035793123886359,338.4527278534849,1163.0183240240156,1359024.6207379103,10.0,35000,0.78,25000,388.72749694030824,1320.4475896530644,3463243.8624569,15.0,0.0,0.0,120000,364.30603771598686,1204.0268945212333,2263756.6477826857,10.0,15000,0.55,120000,340.0030728436211,1177.944705072742,1402591.3190373755,10.0,35000,0.78,120000
695,-0.0086918385867748,-0.0047707739230799,-0.0032640994145904,-0.0033160916551555,-0.0261991962631757,-0.0031095706306106,-0.0170625763442226,-0.0032010754788957,-0.0086339053476775,-0.0035990333646358,338.50678758660956,1162.9430713226402,1360039.785003999,10.0,35000,0.78,25000,388.77589795040245,1319.8200857678034,3465270.51903933,15.0,0.0,0.0,120000,364.27801006586947,1203.3984541392858,2261143.998876856,10.0,15000,0.55,120000,340.0110919151436,1179.4981069283426,1401218.997960569,10.0,35000,0.78,120000
696,-0.0087680252777967,-0.0048252422256549,-0.0032894064839783,-0.0033283527522784,-0.0263602001165766,-0.0031592784255359,-0.017209708683322,-0.0032272786024662,-0.0086778330188592,-0.003642711312209,338.5926906383369,1164.6051011911081,1358946.0409698486,10.0,35000,0.78,25000,388.72819307503386,1320.0760274640177,3462790.0066697905,15.0,0.0,0.0,120000,364.315879182948,1204.9985048722967,2264441.1168623487,10.0,15000,0.55,120000,340.0601311079416,1179.5657333152067,1402480.3320635902,10.0,35000,0.78,120000
697,-0.008812719814596,-0.0048393273357257,-0.0033195254255994,-0.0033722686311997,-0.0265219928123528,-0.0031812363903677,-0.0173618041897732,-0.0032672669753358,-0.0087698373900095,-0.0036820005770949,338.55916528381346,1163.8046545224254,1359584.76474677,10.0,35000,0.78,25000,388.85335932806754,1322.9663337942716,3461280.051472799,15.0,0.0,0.0,120000,364.24061964752025,1205.3938317628565,2262902.3841490624,10.0,15000,0.55,120000,340.16643155311846,1179.8922456785724,1401107.3794483254,10.0,35000,0.78,120000
698,-0.0088590253092667,-0.0049236825400224,-0.003353492751737,-0.0033997824620671,-0.0266922632787618,-0.0031901416686493,-0.0174757330279268,-0.0032926491160947,-0.0088382198054669,-0.0037423632019413,338.5564156318585,1164.4983951855186,1358888.6568806232,10.0,35000,0.78,25000,388.87363912034243,1322.1693159888678,3462397.189088718,15.0,0.0,0.0,120000,364.4233697922176,1205.7297509909024,2261063.372833109,10.0,15000,0.55,120000,340.0715668693414,1179.9666263758147,1400443.867367111,10.0,35000,0.78,120000
699,-0.008924488980367,-0.0049836506525876,-0.003371559989814,-0.0034123191262704,-0.0268446997049634,-0.0032521886725082,-0.0176105935519057,-0.0033200438757941,-0.0089075887968412,-0.0038121381112666,338.55423217544103,1165.4724273113004,1359014.575380347,10.0,35000,0.78,25000,388.7810928418255,1323.553710900412,3463660.4892490734,15.0,0.0,0.0,120000,364.47340249106605,1204.9325776543808,2262996.871263211,10.0,15000,0.55,120000,340.11538256689505,1179.3560863206844,1400614.912937032,10.0,35000,0.78,120000
700,-0.008989326768038,-0.0050292857503445,-0.0033950047290921,-0.0034653266984807,-0.0270029481901811,-0.0032724109251874,-0.0177526752560961,-0.0033460876043113,-0.0089730490752028,-0.0038397367260254,338.6011113720141,1165.2823251985142,1358926.2773905366,10.0,35000,0.78,25000,388.8267004072546,1324.222483995537,3461203.977953127,15.0,0.0,0.0,120000,364.39360900320645,1207.7916812642366,2260243.043813723,10.0,15000,0.55,120000,340.17744110741927,1180.452882917963,1400605.0247605979,10.0,35000,0.78,120000
701,-0.0090402845820913,-0.0050801069254807,-0.0034524538589203,-0.0035061191827022,-0.0271830999175189,-0.0032946225554382,-0.0178867988322587,-0.0033596383621701,-0.009017796900822,-0.0038488872703801,338.66061786807796,1165.7661101877784,1358332.0543454168,10.0,35000,0.78,25000,388.8150918323294,1323.7386923488532,3460288.0176141826,15.0,0.0,0.0,120000,364.44437538679796,1206.5038148399587,2260388.325464901,10.0,15000,0.55,120000,340.18762996344617,1181.3865483478817,1399097.6300658812,10.0,35000,0.78,120000
702,-0.0091550410310063,-0.0051296701493948,-0.0035106054292551,-0.0035391590276045,-0.0273279443210039,-0.0033112009014685,-0.0180209838537222,-0.0034194630918756,-0.0090764740842004,-0.0038835068378761,338.67553397961194,1166.2140068431945,1357709.1436614157,10.0,35000,0.78,25000,388.87377494457763,1324.2256482158232,3459448.4646363533,15.0,0.0,0.0,120000,364.47594280177975,1207.7087060905549,2260860.9509896627,10.0,15000,0.55,120000,340.15465959001466,1180.9763417880652,1399159.0026691004,10.0,35000,0.78,120000
703,-0.0092048245043034,-0.0051444367430098,-0.0035445062864939,-0.003548714408214,-0.0274724020817997,-0.0033532103463761,-0.0181275128942795,-0.0034227576096835,-0.009160636795104,-0.0039238008856397,338.7301786485498,1166.508717024121,1357652.4063831433,10.0,35000,0.78,25000,388.9747819367135,1324.6072128659664,3459229.3846853813,15.0,0.0,0.0,120000,364.43687362012804,1207.5316824848212,2260288.0584540716,10.0,15000,0.55,120000,340.16347431604964,1181.5787705190528,1399483.019750454,10.0,35000,0.78,120000
704,-0.00927116468113,-0.0051767937867771,-0.0035889000425319,-0.003561790480886,-0.0276378829540209,-0.0034295650227109,-0.0182415052370484,-0.0034509698585541,-0.0092105056756072,-0.0039487975246292,338.5893899709877,1167.3161732886156,1358133.436566552,10.0,35000,0.78,25000,388.8597909620136,1326.5923794977734,3461032.3669928703,15.0,0.0,0.0,120000,364.47301324204295,1208.8543226904033,2258640.795913327,10.0,15000,0.55,120000,340.2083501535496,1181.6136743911502,1398437.6610854813,10.0,35000,0.78,120000
705,-0.0093581858657372,-0.005196833706638,-0.0036298500706134,-0.0035926679082855,-0.0278179972698182,-0.0034517780608567,-0.0183650764617509,-0.0034812040125504,-0.0092801481427664,-0.0039972914097635,338.59787498555494,1167.60084073824,1358084.3193711236,10.0,35000,0.78,25000,388.9477976652172,1324.2006126666072,3458901.4418209414,15.0,0.0,0.0,120000,364.56369955388874,1209.3667512117877,2258022.816438786,10.0,15000,0.55,120000,340.27984409364245,1181.9068568641812,1399498.7827606483,10.0,35000,0.78,120000
706,-0.0094313491873207,-0.0052614163120359,-0.0036417221882406,-0.0036260541225337,-0.0279682797036225,-0.0034817629782461,-0.0185324050187139,-0.0034858975152078,-0.0093256288530483,-0.0040186023371108,338.6915098282661,1167.3488985733704,1359074.2118152573,10.0,35000,0.78,25000,388.9548348884355,1326.6974481182126,3458480.027853511,15.0,0.0,0.0,120000,364.4598273756975,1207.7834237117472,2257928.1545682107,10.0,15000,0.55,120000,340.3258182561743,1182.7773555038943,1399365.892176648,10.0,35000,0.78,120000
707,-0.0095130500632064,-0.0052860615055368,-0.0036771769704486,-0.0036389393572139,-0.0281366307361154,-0.0035058299539522,-0.0186560699377441,-0.0034876851024869,-0.0093734576066553,-0.0040409473943661,338.83438775807997,1168.2871096055721,1356937.7905802364,10.0,35000,0.78,25000,388.9147583654907,1326.3540242024865,3456584.574223389,15.0,0.0,0.0,120000,364.60836276083415,1209.767853748959,2258100.930059471,10.0,15000,0.55,120000,340.3423683688143,1183.3854995923584,1399829.7431511094,10.0,35000,0.78,120000
708,-0.0096133567045822,-0.0053436803576225,-0.0036933827567729,-0.0036956596493998,-0.0283554171671304,-0.003515275102577,-0.0187671631930609,-0.0035229808268864,-0.0094516821683476,-0.004048294712395,338.77228917067316,1168.3145958977666,1357235.9619710401,10.0,35000,0.78,25000,388.97423305343307,1326.5052960049077,3457274.70069263,15.0,0.0,0.0,120000,364.5416565389367,1209.467296447768,2257802.2045072922,10.0,15000,0.55,120000,340.36404735545636,1184.5846033070804,1399206.4538502817,10.0,35000,0.78,120000
709,-0.0097195929368378,-0.0054176296186051,-0.0037169715655557,-0.0037443961170255,-0.0285515449937717,-0.0035500145570052,-0.018879311334486,-0.0035469368710059,-0.009533548258743,-0.0040788249423639,338.81904022688,1169.21614065071,1357170.9324411685,10.0,35000,0.78,25000,388.9108930286333,1327.3966031861194,3457432.335339526,15.0,0.0,0.0,120000,364.6020058925971,1209.7607129931173,2256967.74089719,10.0,15000,0.55,120000,340.3806631415601,1183.8842804494798,1399506.460453971,10.0,35000,0.78,120000
710,-0.0097769096974648,-0.0054702022098034,-0.0037447337924054,-0.0037537072053047,-0.0287523966517041,-0.0035580193815096,-0.0190066077304938,-0.0035577076706223,-0.0096103616390997,-0.0041021313814287,338.87874644535015,1170.3133871794023,1356264.5635424077,10.0,35000,0.78,25000,388.97301039819587,1327.0686888001012,3453932.0189062227,15.0,0.0,0.0,120000,364.5756863502007,1211.5607720239605,2256464.9472488393,10.0,15000,0.55,120000,340.4213764196429,1183.5477083849746,1396876.2123604738,10.0,35000,0.78,120000
711,-0.009822521706896,-0.0055013168112627,-0.0037960518323875,-0.0037732305898874,-0.0289264542897907,-0.0036053856545403,-0.0191345737038052,-0.0035992482809782,-0.0096569729073227,-0.0041365056948663,338.85911158563215,1170.4595514966757,1356443.648515704,10.0,35000,0.78,25000,388.9907783696861,1328.8813810703055,3456003.9389203317,15.0,0.0,0.0,120000,364.6449095823291,1211.3330628332606,2255956.4821872404,10.0,15000,0.55,120000,340.3974681752824,1186.0572559852985,1396394.6581393953,10.0,35000,0.78,120000
712,-0.0098782990428265,-0.0055316189834661,-0.0038067800242891,-0.0037907476229552,-0.0290780516062036,-0.0036168988737944,-0.0192653361545045,-0.0036553515088341,-0.009716671847146,-0.0041662874268414,338.8031343059303,1170.2451284075914,1356684.9641282966,10.0,35000,0.78,25000,389.0432709082,1329.2998716586744,3453826.747532215,15.0,0.0,0.0,120000,364.62954433934306,1211.4615493899255,2254836.1499778223,10.0,15000,0.55,120000,340.4206048352551,1184.848955041854,1398416.0246325305,10.0,35000,0.78,120000
713,-0.0099622755991615,-0.0055663936021892,-0.0038574471252305,-0.0038074989895207,-0.029244206122799,-0.0036400839897708,-0.0193850217161057,-0.003669127504539,-0.0097722282623492,-0.0042062845479116,338.85831130394536,1171.6847029303515,1356586.4311079625,10.0,35000,0.78,25000,389.08122477951105,1329.703952624963,3452331.5789740733,15.0,0.0,0.0,120000,364.7045948844252,1212.6505328055598,2256493.553278996,10.0,15000,0.55,120000,340.41407479809493,1184.8604666725596,1396847.8808730948,10.0,35000,0.78,120000
714,-0.0100536533596893,-0.0055847380395167,-0.0038750938440094,-0.0038220873402023,-0.0293857624604972,-0.0036571529297126,-0.0195397321483587,-0.0036950978077374,-0.009821170172607,-0.0042290747049647,339.0172930394072,1171.8109644117083,1356711.7915055617,10.0,35000,0.78,25000,389.0152489599416,1330.3930013141853,3453869.089951619,15.0,0.0,0.0,120000,364.6457713576477,1211.7495097652702,2253708.324227892,10.0,15000,0.55,120000,340.430889937249,1185.0775565204426,1398466.9180618096,10.0,35000,0.78,120000
715,-0.0101356640981863,-0.0056416354837326,-0.0038859959274338,-0.0038433332269643,-0.0295621672294221,-0.0036712622289502,-0.0197233830038427,-0.0037090718361448,-0.0098891776204125,-0.0042646379377834,338.9113345930377,1171.3842944188584,1356524.4181480466,10.0,35000,0.78,25000,389.14875353556806,1331.3027671140503,3454147.1333934353,15.0,0.0,0.0,120000,364.6480283845254,1212.7840542586007,2253751.2604547315,10.0,15000,0.55,120000,340.43382044231686,1186.0125302380145,1393973.429948442,10.0,35000,0.78,120000
716,-0.0101832718832817,-0.0057225355094268,-0.0039362130801516,-0.003852577946087,-0.029737132970325,-0.0037157443832019,-0.0198437381347122,-0.0037118337447054,-0.0099721904821879,-0.0042790435958191,338.98501079908993,1172.6934650061871,1356523.4838757347,10.0,35000,0.78,25000,389.17303818856186,1330.759319369933,3452779.7284871857,15.0,0.0,0.0,120000,364.78063297978724,1214.272712635731,2253684.1113844845,10.0,15000,0.55,120000,340.44664398277064,1186.6158555173247,1397392.2737945484,10.0,35000,0.78,120000
717,-0.0102715122891003,-0.0057653924562137,-0.0039697424150349,-0.0038608056191444,-0.0298884092338761,-0.0037291059561885,-0.0199699782407674,-0.0037258757702819,-0.0100171271866315,-0.0042864303140559,338.9726434537156,1172.563056016171,1355783.635727115,10.0,35000,0.78,25000,389.1334529048858,1330.8188268318204,3451416.845930389,15.0,0.0,0.0,120000,364.68697679380887,1214.4745438896005,2253785.5227650767,10.0,15000,0.55,120000,340.5772795688005,1187.2281595937775,1396761.534858756,10.0,35000,0.78,120000
718,-0.0103210392245844,-0.0057922580029329,-0.0040151383452923,-0.0038905265784519,-0.0300398083391322,-0.003754663979451,-0.0200798427495811,-0.0037694709190495,-0.0100805222748768,-0.0043038002086899,339.0654147814121,1173.0235745545083,1355548.3423493917,10.0,35000,0.78,25000,389.1660134552398,1331.248428189459,3451420.550971606,15.0,0.0,0.0,120000,364.67473160005017,1214.3486520005686,2253442.6959103174,10.0,15000,0.55,120000,340.421562718383,1187.61391681098,1395642.622406231,10.0,35000,0.78,120000
719,-0.0103936064489496,-0.0058223283358645,-0.0040437876836751,-0.0039086384149238,-0.0302014850690142,-0.0037923270652852,-0.0202160284461136,-0.0037948325075869,-0.0101450938978719,-0.0043331347818153,339.0048732213281,1173.4548576074155,1355651.0895227753,10.0,35000,0.78,25000,389.1264923573619,1332.4448357248818,3451533.8284918023,15.0,0.0,0.0,120000,364.65382132465805,1215.2143933950151,2253263.9517668216,10.0,15000,0.55,120000,340.5247660997614,1187.974740296496,1397618.550620164,10.0,35000,0.78,120000
720,-0.0104691114562578,-0.0058525095766994,-0.0040719783956429,-0.0039619523630078,-0.0303450278575808,-0.0038113823337976,-0.0203678388479576,-0.0037979671986426,-0.0102255259686524,-0.0043629445923778,339.0825698038732,1173.8630589742702,1354993.2194456472,10.0,35000,0.78,25000,389.13029405092595,1333.3407472841386,3450064.1295743133,15.0,0.0,0.0,120000,364.76114909283103,1215.8452182583324,2253147.5747140464,10.0,15000,0.55,120000,340.53974037690034,1187.6734088154271,1393504.5181492332,10.0,35000,0.78,120000
721,-0.0105148877984736,-0.0058886058821655,-0.0040897286580856,-0.0039813557828859,-0.0304909566394229,-0.0038414216675387,-0.0204930854045917,-0.0038116071419876,-0.0102888625947643,-0.0044428448462712,339.09392903956024,1173.050531565258,1354684.9142331136,10.0,35000,0.78,25000,389.1963839639832,1332.879424940432,3447736.817537645,15.0,0.0,0.0,120000,364.8106489150007,1216.3345025780168,2252332.6216632887,10.0,15000,0.55,120000,340.5710627609445,1188.2328388380397,1394812.3156364106,10.0,35000,0.78,120000
722,-0.0105857001314756,-0.0059114560936264,-0.0041135771866921,-0.00402680248769,-0.0306315456740697,-0.0038971107574422,-0.0206030541817564,-0.0038356730473148,-0.0104107831739095,-0.0044755943092923,339.0994868527207,1174.5590192747081,1355623.9465966118,10.0,35000,0.78,25000,389.2750848375438,1333.4973624172135,3449573.5770477233,15.0,0.0,0.0,120000,364.69452830667467,1214.792533112353,2251370.0886142384,10.0,15000,0.55,120000,340.6197983714559,1188.1204668393875,1396324.103324929,10.0,35000,0.78,120000
723,-0.0106542589923211,-0.0059269650973286,-0.0041255496771069,-0.0040914411541407,-0.0307703468264343,-0.0039269148066158,-0.0207359848781334,-0.0038389128869013,-0.0105043679035121,-0.0044864581657505,339.05207603006494,1174.5403178813256,1354601.4720989768,10.0,35000,0.78,25000,389.28923466846413,1334.5726112722584,3449408.8057940863,15.0,0.0,0.0,120000,364.7599518533515,1216.7537016239805,2251771.0174593367,10.0,15000,0.55,120000,340.6421762655903,1188.4790926031085,1395634.347906318,10.0,35000,0.78,120000
724,-0.0107082789257948,-0.0059456605356029,-0.0041651678335345,-0.004132098737381,-0.0309196315547502,-0.0039905030878708,-0.0208430544493561,-0.0038619327437623,-0.0106040033904003,-0.0045182907471444,339.0660419823866,1175.3545775648777,1354793.8764248444,10.0,35000,0.78,25000,389.2412040085211,1334.2951710701007,3448220.361778533,15.0,0.0,0.0,120000,364.81764704576756,1216.2812006281638,2249396.434186584,10.0,15000,0.55,120000,340.6690932058503,1188.3322726140022,1395725.5244137673,10.0,35000,0.78,120000
725,-0.0107949144365743,-0.0059724604781539,-0.0042138805157265,-0.0041676763508274,-0.0310830707494689,-0.0040143880273832,-0.0209969119505445,-0.0039198232297722,-0.010695294060048,-0.0045249856996008,339.1893791465364,1175.6777420389476,1354927.6521078302,10.0,35000,0.78,25000,389.21649955215605,1335.1413182761544,3446579.886096394,15.0,0.0,0.0,120000,364.81357895885884,1216.1577842736126,2249793.3181896424,10.0,15000,0.55,120000,340.6351205649183,1188.911306707482,1393538.0636420685,10.0,35000,0.78,120000
726,-0.0108702397847441,-0.0060425792172073,-0.0042407330057846,-0.0041856349212202,-0.03123209577905,-0.0040422562082825,-0.021174247221101,-0.0039715567649184,-0.0107625816616071,-0.0045446939995741,339.27490952377457,1175.7240550129575,1354632.7141774807,10.0,35000,0.78,25000,389.1815008377555,1335.4379222531581,3446100.080292926,15.0,0.0,0.0,120000,364.77489345462504,1217.249445873547,2248961.9720107983,10.0,15000,0.55,120000,340.663737336849,1190.2821653939811,1393180.5046151099,10.0,35000,0.78,120000
727,-0.0109359524239254,-0.0060929519564923,-0.0042935749503772,-0.0041960131947138,-0.0314009418073624,-0.0040541424737962,-0.021287738494786,-0.003999533243871,-0.0108730403801605,-0.0045654045269208,339.1582811366578,1177.3037239944133,1354438.4344864723,10.0,35000,0.78,25000,389.3197405660004,1335.6595751909492,3447228.9432712146,15.0,0.0,0.0,120000,364.95149147839015,1218.0257959199114,2250769.5527184745,10.0,15000,0.55,120000,340.70106229201406,1190.6451682719487,1395016.6948769523,10.0,35000,0.78,120000
728,-0.0110027610243912,-0.0061387458303474,-0.0043276431791682,-0.0042404662727401,-0.03154809365354,-0.0040845102231024,-0.0214334193150678,-0.0040070628312559,-0.0109471932789603,-0.0045862530619307,339.3159280813855,1177.2738458904696,1354172.8541319612,10.0,35000,0.78,25000,389.1790213301541,1336.7257642392085,3444606.171268785,15.0,0.0,0.0,120000,364.8860042423673,1218.41027129071,2250551.346473261,10.0,15000,0.55,120000,340.7737362202068,1189.875771702233,1393639.5215564326,10.0,35000,0.78,120000
729,-0.0110565456429644,-0.006172162686491,-0.0043650989397184,-0.0042917172237215,-0.0317041053176035,-0.0041115962081787,-0.0215898675730065,-0.0040238846223679,-0.0110434657233298,-0.0046098656029506,339.2439535456775,1176.8608204792092,1353734.9824914513,10.0,35000,0.78,25000,389.32214426340244,1336.34669914358,3445785.6005695756,15.0,0.0,0.0,120000,364.9524720764841,1219.1505597711205,2249308.4750622143,10.0,15000,0.55,120000,340.716808755253,1190.5506533278715,1392922.0820288227,10.0,35000,0.78,120000
730,-0.0111303075648659,-0.0061875853894672,-0.0043968560051881,-0.0043005895248686,-0.03187265543892,-0.0041240441512603,-0.0217168853468723,-0.0040531388022964,-0.0111050865546293,-0.0046241215542077,339.23412838150284,1177.020827955473,1354072.4671969938,10.0,35000,0.78,25000,389.418425955695,1336.9587642802962,3444584.917408213,15.0,0.0,0.0,120000,364.89624479796936,1220.0704744793777,2248754.9647794967,10.0,15000,0.55,120000,340.697463282792,1190.7565587041668,1393957.1491953146,10.0,35000,0.78,120000
731,-0.0111949907465211,-0.0062700953013407,-0.0044093961974564,-0.0043236522248713,-0.0320305491935588,-0.004179933473075,-0.0218381957266207,-0.0040804811741459,-0.0111569843824342,-0.004660677558078,339.22866504327567,1178.4606584597525,1354126.5988461485,10.0,35000,0.78,25000,389.4340164926968,1338.4913800704126,3444409.7259052405,15.0,0.0,0.0,120000,364.8339169251054,1220.4384097378597,2248690.962419247,10.0,15000,0.55,120000,340.6612226206004,1192.064870767875,1392164.1721510044,10.0,35000,0.78,120000
732,-0.0112846059836565,-0.0062926243711193,-0.004422058806783,-0.0043899597113436,-0.0321990961666635,-0.0041932304843813,-0.0219795680491483,-0.0041016478293519,-0.0112448322512922,-0.0046870287865174,339.36524273617914,1178.7963062331116,1354149.9396251298,10.0,35000,0.78,25000,389.4151348240396,1338.1463108536218,3443204.168528991,15.0,0.0,0.0,120000,364.9630451008428,1220.937945439841,2248093.078154819,10.0,15000,0.55,120000,340.7525211484859,1192.3922776594031,1394797.5300176004,10.0,35000,0.78,120000
733,-0.0113606072197987,-0.0063279288024308,-0.0044299137894367,-0.004432590356921,-0.0323741530371325,-0.0042069724199748,-0.0221000310634937,-0.0041194117883939,-0.0113092029071425,-0.0047261880218715,339.41824935961034,1178.304211259677,1353182.3330910164,10.0,35000,0.78,25000,389.3982147490002,1339.2440142484913,3443352.3715297626,15.0,0.0,0.0,120000,364.91441709859834,1220.5128517777637,2246721.8942091665,10.0,15000,0.55,120000,340.78350579850417,1193.4496668311237,1394415.202421467,10.0,35000,0.78,120000
734,-0.0114542549422498,-0.0063749072317405,-0.0045052332660509,-0.0044626816148039,-0.032524917735662,-0.0042297472170431,-0.0222333231275358,-0.004167985150072,-0.0114080324211348,-0.0047667135940493,339.33265689949127,1179.2812181777133,1353583.6065677772,10.0,35000,0.78,25000,389.5014926502319,1338.4963022727836,3441735.2638244103,15.0,0.0,0.0,120000,364.92124551347905,1221.1087394418096,2246755.019522714,10.0,15000,0.55,120000,340.7649420529951,1193.7946582043385,1392885.578651228,10.0,35000,0.78,120000
735,-0.0114986419326203,-0.0064441404767661,-0.004517641681568,-0.0044766647300606,-0.0327038761072695,-0.0042947179694295,-0.0223499612282747,-0.0042033101488398,-0.0114869609350117,-0.0047829116403685,339.3800365547749,1179.790554239879,1353291.962833493,10.0,35000,0.78,25000,389.4887759939972,1339.7911092095615,3442051.6577739646,15.0,0.0,0.0,120000,364.95115421015987,1221.8185029369943,2244211.6121049826,10.0,15000,0.55,120000,340.83235213992856,1192.3079322157741,1391252.5804317396,10.0,35000,0.78,120000
736,-0.011581626158162,-0.0064752600192234,-0.0045906070008126,-0.0044920171907768,-0.0328518991596807,-0.0043069942328562,-0.0224559525812426,-0.0042177352379498,-0.0115378311183129,-0.0047943885108789,339.4431210447385,1179.434241483941,1353672.0076781085,10.0,35000,0.78,25000,389.45506495621964,1340.4353251036428,3442587.153713444,15.0,0.0,0.0,120000,365.0081591935264,1222.3181784769229,2246269.600079493,10.0,15000,0.55,120000,340.857167029991,1194.7122945070055,1392920.9062403457,10.0,35000,0.78,120000
737,-0.0116359774828818,-0.0064995082476804,-0.0046237381145241,-0.0045163211237291,-0.0330887938432894,-0.0043414408614782,-0.0226088230959746,-0.0042199524527046,-0.0116331286415767,-0.004811471490915,339.423083070495,1180.2988595186873,1352389.4877856916,10.0,35000,0.78,25000,389.3872530456761,1340.5420250236086,3440066.1053986438,15.0,0.0,0.0,120000,364.9973344830121,1222.3747336424578,2244851.1289667934,10.0,15000,0.55,120000,340.86511984175183,1193.481721109962,1393777.627677224,10.0,35000,0.78,120000
738,-0.011693509632881,-0.0065234227369728,-0.004660761936541,-0.0045763379393359,-0.0332564286213981,-0.0043917604816036,-0.022752986285844,-0.0042253141138674,-0.0117394145738571,-0.0048347599560822,339.46821588304584,1181.5480652500125,1352879.013000343,10.0,35000,0.78,25000,389.4759401250212,1340.933797288615,3439803.265896829,15.0,0.0,0.0,120000,365.0668526085149,1223.3591760939328,2245844.270667946,10.0,15000,0.55,120000,340.9225907613783,1195.234298981993,1391439.4951486813,10.0,35000,0.78,120000
739,-0.0117428733943826,-0.006544933354997,-0.0046730371517066,-0.0045871524623711,-0.033403149696817,-0.0044375522035725,-0.0229311640950489,-0.0042593278901607,-0.0118472672588915,-0.0048668359817555,339.45079840653233,1180.8800774966592,1352860.8166394662,10.0,35000,0.78,25000,389.49100592137734,1341.2259416987195,3440556.390560359,15.0,0.0,0.0,120000,365.07206816560233,1223.0043713579382,2245534.3120291047,10.0,15000,0.55,120000,340.85275945835093,1195.5924094035715,1390160.8233079354,10.0,35000,0.78,120000
740,-0.0117876376925879,-0.0065717148250006,-0.0047348271009862,-0.0046196525325944,-0.0335614748945082,-0.0044607211624282,-0.0230932303607513,-0.004292725554815,-0.0119398516558916,-0.0048760313217469,339.4287100301678,1182.646388570954,1352347.4513694483,10.0,35000,0.78,25000,389.48776280536856,1343.0673576577208,3439198.895992411,15.0,0.0,0.0,120000,365.0603124474058,1224.4416592791151,2245387.8852131143,10.0,15000,0.55,120000,340.9107252336804,1193.5875610746352,1390988.485149098,10.0,35000,0.78,120000
741,-0.0118625735968897,-0.0066212913661553,-0.0047545302440583,-0.0046463925864123,-0.0337065964578219,-0.0045217489227498,-0.0232163433049726,-0.0043027962472459,-0.0120064321246559,-0.0048874178266123,339.4925806999254,1181.5101204074465,1352420.125839774,10.0,35000,0.78,25000,389.6175534609706,1343.074427338498,3439393.644023936,15.0,0.0,0.0,120000,365.0874975253365,1224.748203558864,2243219.614715988,10.0,15000,0.55,120000,340.96368443079444,1196.0827874863942,1391483.1498779643,10.0,35000,0.78,120000
742,-0.0119171483331776,-0.0066494051788562,-0.0047816787280911,-0.0046815608617214,-0.0338501447429955,-0.0046262728676182,-0.0233361812883539,-0.0043603318287521,-0.0120796773822565,-0.0049817027354066,339.6499956864085,1182.768477588675,1352345.2433406531,10.0,35000,0.78,25000,389.5631263184227,1343.0570330646967,3438930.5911572967,15.0,0.0,0.0,120000,365.1570038692995,1224.4952521482498,2243899.3946112744,10.0,15000,0.55,120000,341.0020176657452,1196.4387962075375,1389773.751455904,10.0,35000,0.78,120000
743,-0.0119807044302094,-0.0066753275088944,-0.0048406829616178,-0.0047073402989287,-0.0340349998663782,-0.0046357186326403,-0.0234411606097762,-0.0044061548789098,-0.0121506207793557,-0.0050220966469637,339.55769331212224,1183.3938508881486,1352092.832000378,10.0,35000,0.78,25000,389.6316540151249,1344.2596263659786,3438909.49700813,15.0,0.0,0.0,120000,365.158484895739,1225.3944203912195,2243386.240930839,10.0,15000,0.55,120000,340.98670483147106,1197.0476745501721,1391244.5071455394,10.0,35000,0.78,120000
744,-0.0120381798062845,-0.0066949396296484,-0.0048628377172692,-0.0047165196969702,-0.0341737641466344,-0.0046811926479286,-0.0235727214984091,-0.0044343658356413,-0.0121999520674479,-0.0050563688300412,339.61883104262074,1183.0168170427346,1352265.4977419414,10.0,35000,0.78,25000,389.5515261232456,1343.9371537111688,3438305.101687396,15.0,0.0,0.0,120000,365.08124899477747,1225.1998304056792,2244795.5195112936,10.0,15000,0.55,120000,341.00621580695736,1197.341070396118,1389362.874259458,10.0,35000,0.78,120000
745,-0.0120929818083556,-0.0067344301627295,-0.0048793802085501,-0.0047274328169307,-0.0343549590696379,-0.0047707143159772,-0.0237207370837602,-0.0044522134877666,-0.0122498855176298,-0.0050927906175815,339.66473128683606,1183.6020338591914,1351659.1078260199,10.0,35000,0.78,25000,389.5766687017066,1345.4832025303403,3436196.560989459,15.0,0.0,0.0,120000,365.079842831734,1225.8502832139875,2243279.746449044,10.0,15000,0.55,120000,340.9737830059893,1197.1782161390036,1388797.167066128,10.0,35000,0.78,120000
746,-0.0121636026546836,-0.0067598712490993,-0.0049149756103721,-0.0047402327750273,-0.0345485867406715,-0.0047942705678601,-0.0238402272138956,-0.0044823340496916,-0.0122947936408783,-0.0051777475398412,339.6916831821992,1183.8029363552332,1351909.9521460491,10.0,35000,0.78,25000,389.69407251332433,1344.7577451255102,3435963.915634927,15.0,0.0,0.0,120000,365.1323794972192,1226.4739903296913,2243552.027570579,10.0,15000,0.55,120000,341.0041110120614,1198.4423348830894,1389593.250093712,10.0,35000,0.78,120000
747,-0.0122560265513044,-0.0068113583318822,-0.0049446011883539,-0.0047718234904867,-0.0347031955274676,-0.0048390763191482,-0.0239782573038119,-0.0044989680269783,-0.0123441495096007,-0.0051909704744952,339.7027435758158,1184.8414267542191,1351072.8071715618,10.0,35000,0.78,25000,389.6908823575206,1345.2006694317904,3435265.0680712466,15.0,0.0,0.0,120000,365.16341612115804,1227.0593114594271,2241859.685239811,10.0,15000,0.55,120000,341.06642959298676,1199.2614897624621,1388031.4103552455,10.0,35000,0.78,120000
748,-0.0123448009891377,-0.0068254373971406,-0.0049819800143543,-0.0047813007038283,-0.0348565914379298,-0.0049206909097335,-0.024102807491282,-0.004505998391119,-0.01242626604454,-0.0052335520141476,339.70075266186075,1185.1356267304222,1350708.611699428,10.0,35000,0.78,25000,389.6919275127707,1344.6294816039835,3435362.7811349514,15.0,0.0,0.0,120000,365.2207280467474,1229.0535820383448,2244183.81221824,10.0,15000,0.55,120000,341.1285879488943,1198.5314163079775,1390322.1007477,10.0,35000,0.78,120000
749,-0.0123950007567644,-0.0068734343583949,-0.0050321814715612,-0.0047896068129539,-0.0350003439595788,-0.004933630747866,-0.0242432624833819,-0.0045615808991047,-0.0124835723513752,-0.0052519064947404,339.7660399867618,1184.97436519686,1351674.6535695433,10.0,35000,0.78,25000,389.701173045774,1347.6065272069418,3435968.640690043,15.0,0.0,0.0,120000,365.1218450540965,1228.2181149328444,2240746.191946757,10.0,15000,0.55,120000,341.0840542227985,1199.6954307402198,1388813.0963968802,10.0,35000,0.78,120000
750,-0.0124735156083019,-0.0069076877373352,-0.0050547503091366,-0.0048487827490898,-0.0351625964406464,-0.0049561914663458,-0.0243615479985878,-0.0046252661492078,-0.0125506546229669,-0.0053136886631979,339.6842690941352,1185.941131444106,1351812.2288221829,10.0,35000,0.78,25000,389.7024319108811,1346.5083772650153,3435049.242146737,15.0,0.0,0.0,120000,365.1719550574996,1227.5435671746686,2241270.41215307,10.0,15000,0.55,120000,341.24313969650336,1199.9994260248159,1388372.3619056197,10.0,35000,0.78,120000
751,-0.0125764904537451,-0.0069356670961598,-0.0051302023245569,-0.0048735819194509,-0.0353507368170109,-0.0049835856550325,-0.0244724354616397,-0.0046375831299324,-0.0126389251105217,-0.0053246190702333,339.71634914858384,1187.7812090457471,1350406.5443609047,10.0,35000,0.78,25000,389.8120913927239,1347.1650988478227,3435098.2635791698,15.0,0.0,0.0,120000,365.1940663184179,1228.8748547818786,2239994.956870244,10.0,15000,0.55,120000,341.2407454818944,1200.1850205836906,1386813.9411650852,10.0,35000,0.78,120000
752,-0.0126575262678668,-0.0070032472474897,-0.0051518023094969,-0.0048877373821509,-0.0355171059327491,-0.0049940188341579,-0.0245954983644171,-0.004639744296347,-0.0126830233038986,-0.0053439082777854,339.8147002549138,1186.6697040865138,1350213.0396220288,10.0,35000,0.78,25000,389.7898784902168,1348.9388578806986,3431928.200536955,15.0,0.0,0.0,120000,365.20392609361255,1230.1601880186613,2240611.081469111,10.0,15000,0.55,120000,341.1243785411389,1201.4013689564642,1387902.2327903227,10.0,35000,0.78,120000
753,-0.0127442251144031,-0.0070435234943815,-0.0051920118948973,-0.0049007687018244,-0.0356703841928477,-0.0050177630789842,-0.0247154507144989,-0.0046650703446593,-0.0127424351445437,-0.0053562217989587,339.8690298091674,1187.6670016433086,1350980.2101248552,10.0,35000,0.78,25000,389.8061931832686,1348.799195918954,3433405.793742442,15.0,0.0,0.0,120000,365.27818342119946,1229.453713311433,2238126.2066233386,10.0,15000,0.55,120000,341.24732405760875,1200.589753946666,1389212.7606081073,10.0,35000,0.78,120000
754,-0.0128141141597082,-0.0070643406678821,-0.0052386417062573,-0.0049535655392645,-0.0358190797143273,-0.0050382504490847,-0.0248315752834479,-0.0046835414647885,-0.0128371098148078,-0.0053642949626589,339.76912461239556,1186.9622964289454,1349965.4885244966,10.0,35000,0.78,25000,389.74810587762505,1350.1871745365954,3432750.715263817,15.0,0.0,0.0,120000,365.36101181728645,1230.111391515478,2238312.721596229,10.0,15000,0.55,120000,341.195291721847,1201.3011838003133,1388137.3911048868,10.0,35000,0.78,120000
755,-0.012910450825705,-0.007100589600511,-0.0052707170273698,-0.0049871196516719,-0.0359849611818539,-0.0050855939154303,-0.0249640710518389,-0.0046904369492696,-0.0128954412168067,-0.0054552020849921,339.884462846812,1188.1607475720032,1350328.8791896305,10.0,35000,0.78,25000,389.832935025137,1348.7544590560137,3431691.7296474944,15.0,0.0,0.0,120000,365.36039579589686,1230.9106060322165,2238861.762066479,10.0,15000,0.55,120000,341.33696890202503,1201.686325150039,1388470.8531347,10.0,35000,0.78,120000
756,-0.0129894875252984,-0.0071641208573526,-0.0053089921357102,-0.0050410580842322,-0.036150621028769,-0.0051111701574334,-0.0251012778302687,-0.0047006996945139,-0.0129584764005462,-0.0055033730127735,339.8393440477914,1188.1671145656687,1349746.4905408204,10.0,35000,0.78,25000,389.8154001742134,1349.866926147739,3431217.418236326,15.0,0.0,0.0,120000,365.2765898219838,1231.2846127553837,2237763.0143208457,10.0,15000,0.55,120000,341.2035167781211,1201.6418363544265,1387605.3737417618,10.0,35000,0.78,120000
757,-0.0130451265620927,-0.0071862900002936,-0.0053633644549298,-0.0051195077649389,-0.0363765914438026,-0.0051186473265631,-0.0252261157095824,-0.0047266828949003,-0.0130041996749171,-0.0055859284118715,340.03450359383527,1188.87853454999,1349074.5908209565,10.0,35000,0.78,25000,389.7918379971677,1350.7350281099082,3430067.6429576236,15.0,0.0,0.0,120000,365.2956776491173,1231.207726327103,2238176.262229371,10.0,15000,0.55,120000,341.3840203663575,1200.9823894118495,1387227.4744007338,10.0,35000,0.78,120000
758,-0.013092253464851,-0.0072354961731923,-0.0053848319809669,-0.0051489313532348,-0.0365253937122069,-0.0051534304410755,-0.0253534504532169,-0.004749719851013,-0.0130745639963283,-0.0056215980554344,339.98210870288165,1189.9867771165564,1349298.4292681091,10.0,35000,0.78,25000,389.84949219561565,1351.795831061613,3428072.850416374,15.0,0.0,0.0,120000,365.39039655231755,1230.8776987641304,2238151.9868591744,10.0,15000,0.55,120000,341.33127509495984,1201.5710154096246,1385826.945190441,10.0,35000,0.78,120000
759,-0.0131734130107366,-0.0072591057450055,-0.0054094571109903,-0.0051665432164263,-0.0367044949174476,-0.0052137418058197,-0.0254657869531079,-0.0047697173275737,-0.0131571443932432,-0.0056679528964017,339.93748980873806,1190.2496088821283,1349552.866462769,10.0,35000,0.78,25000,389.8556734501723,1351.3203351140376,3429350.9427123615,15.0,0.0,0.0,120000,365.28343406546463,1231.6212846325068,2238520.354081028,10.0,15000,0.55,120000,341.428007110861,1203.1075645692592,1385711.3181744085,10.0,35000,0.78,120000
760,-0.0132181197287575,-0.0073065851405125,-0.0054209986808944,-0.0051809918753457,-0.0368632950715509,-0.0052481669330359,-0.0256005567270528,-0.0048015444054496,-0.0132075485198096,-0.005700223272901,339.934358102713,1190.3548724126342,1349577.2643301014,10.0,35000,0.78,25000,389.83951664663977,1351.6757612144395,3428775.155290569,15.0,0.0,0.0,120000,365.39028115827824,1232.9602780083542,2235939.694194741,10.0,15000,0.55,120000,341.38382563964404,1202.707606714561,1384870.4211412931,10.0,35000,0.78,120000
761,-0.0132709967922214,-0.0073301242148162,-0.005435934572979,-0.0052039910278354,-0.0370113084194489,-0.0052666054903244,-0.0257089002257416,-0.0048060754276838,-0.013259052116804,-0.0057087124933604,340.1005561266089,1190.245399349712,1349611.2671355954,10.0,35000,0.78,25000,389.8729341225465,1351.1718576456512,3426683.625448263,15.0,0.0,0.0,120000,365.34747394175173,1232.750484789927,2235039.177598078,10.0,15000,0.55,120000,341.35433175973657,1203.0264931255233,1385801.97406452,10.0,35000,0.78,120000
762,-0.0133199501068305,-0.0073550851491714,-0.005468232040432,-0.0052270331831915,-0.0371924110047,-0.0052785699381104,-0.0258464375545693,-0.0048086985241945,-0.0133147612696985,-0.0057282093767239,340.0355392745771,1190.5374589864637,1348710.859773252,10.0,35000,0.78,25000,389.8229492820612,1353.8136395235354,3425850.5957991555,15.0,0.0,0.0,120000,365.3524495768474,1233.4126545012532,2233983.9752607485,10.0,15000,0.55,120000,341.4884788742272,1203.660965251441,1386621.729634032,10.0,35000,0.78,120000
763,-0.0134094671438446,-0.0073802949581668,-0.0054929161732699,-0.0052448766679383,-0.0373739345415681,-0.0053514410305027,-0.0259690564374048,-0.004859809145748,-0.013421895508612,-0.0057716498077477,340.1159096424494,1192.2610044443168,1349065.374876275,10.0,35000,0.78,25000,389.9167131038115,1353.9236583945437,3426833.898032602,15.0,0.0,0.0,120000,365.411568156441,1234.1968360889562,2236258.6682809456,10.0,15000,0.55,120000,341.52035991967887,1203.8597253720238,1384800.4115130329,10.0,35000,0.78,120000
764,-0.0134927970594617,-0.0074366796200342,-0.0055190245932,-0.0052579696911904,-0.0375416856254566,-0.0053723332315454,-0.0260994208313044,-0.004881903280643,-0.0135544465939819,-0.005802608118311,340.1580591403544,1191.9050918702815,1349061.7693729554,10.0,35000,0.78,25000,389.9998554518869,1352.6428509378866,3426720.754505116,15.0,0.0,0.0,120000,365.4578863019617,1233.6475856683705,2234986.2155650207,10.0,15000,0.55,120000,341.57846633459303,1206.0286929198362,1384710.500216389,10.0,35000,0.78,120000
765,-0.0135625503321327,-0.0074529503831865,-0.0055791756670086,-0.0053027201599079,-0.0376937407854042,-0.0053829965166956,-0.0262391134167028,-0.0048832856101523,-0.0136581618664325,-0.0058090872261966,340.09768419884466,1192.899862847443,1348369.0642284702,10.0,35000,0.78,25000,390.0233201780953,1354.2269753541143,3424912.357361192,15.0,0.0,0.0,120000,365.4543498888483,1234.5106964806446,2233120.4085390195,10.0,15000,0.55,120000,341.5677831208496,1205.9528449928698,1387831.6256569626,10.0,35000,0.78,120000
766,-0.0136408641592139,-0.0074896501223406,-0.0056239793853644,-0.0053601337138472,-0.0378470371527386,-0.0053894695313597,-0.0263674690622745,-0.0049029837939578,-0.0137142824148762,-0.0058307166232949,340.09060546156593,1193.249354832763,1348582.7926463266,10.0,35000,0.78,25000,390.0024940436458,1354.431749917323,3424849.416545629,15.0,0.0,0.0,120000,365.50716140311584,1234.5954365307648,2235283.016569074,10.0,15000,0.55,120000,341.5267426708538,1204.7230016482079,1383336.7239430998,10.0,35000,0.78,120000
767,-0.0137440678097979,-0.0075038877744416,-0.0056504374925712,-0.0054435493005415,-0.0379961636078934,-0.0054232855064204,-0.0264886840322805,-0.0049055061827231,-0.0137606511931003,-0.0058507739616203,340.22936623452955,1192.9921076242788,1347992.922559434,10.0,35000,0.78,25000,390.03301784648363,1356.797351810954,3422960.2026857794,15.0,0.0,0.0,120000,365.55579984073194,1235.6476170842968,2233764.617699779,10.0,15000,0.55,120000,341.5760940934496,1205.2219236006445,1383955.990392742,10.0,35000,0.78,120000
768,-0.0138494422952518,-0.0075733262458995,-0.0056684350090861,-0.0054754494437047,-0.0381646139263347,-0.0054318844538969,-0.026593815940879,-0.0049157549880128,-0.0138167927771631,-0.0058737145634,340.2210560546992,1192.9332639651227,1348724.1382265694,10.0,35000,0.78,25000,390.0742429680873,1356.2007789672386,3422608.7750069136,15.0,0.0,0.0,120000,365.48274589565733,1236.6472405549084,2231415.1867389465,10.0,15000,0.55,120000,341.62531468718987,1206.3810307489462,1383227.8634282432,10.0,35000,0.78,120000
769,-0.0139184708406561,-0.007611969697136,-0.0056878608032977,-0.0055111809538315,-0.0383208043465421,-0.0054507946544496,-0.026775588963664,-0.0049429834652905,-0.013905463958,-0.0059688946099541,340.1897228585742,1194.7382758733877,1347611.989847208,10.0,35000,0.78,25000,390.11659403398494,1356.4539693504908,3424231.1353487186,15.0,0.0,0.0,120000,365.56276703507143,1236.5866673923267,2231492.812177564,10.0,15000,0.55,120000,341.6012720462022,1205.5107598847496,1383540.6945919748,10.0,35000,0.78,120000
770,-0.0139843716280618,-0.0076728837735671,-0.0057060330585354,-0.0056000271000125,-0.0384750556710033,-0.0055275252114671,-0.0268970054179169,-0.0049567171980765,-0.0139665870613906,-0.0059836528668328,340.317143812988,1194.5550093683828,1348659.2617315047,10.0,35000,0.78,25000,390.14743436381974,1356.8130193760414,3421650.5253111306,15.0,0.0,0.0,120000,365.6037107857165,1236.4477544195324,2230769.242310766,10.0,15000,0.55,120000,341.60579393954305,1206.4672920325736,1383592.3722844413,10.0,35000,0.78,120000
771,-0.0140484225534126,-0.0077061121879251,-0.0057423770643749,-0.0056198922809569,-0.0386364906017457,-0.0055334523551354,-0.0270042885420359,-0.0049802270775606,-0.0140143634438699,-0.0059931413799052,340.3511485131642,1194.9322602379873,1348527.1721469904,10.0,35000,0.78,25000,390.07916361819997,1358.7879162443135,3420684.845611648,15.0,0.0,0.0,120000,365.5180102618577,1238.1130302219274,2232182.987577205,10.0,15000,0.55,120000,341.7253560924597,1207.8756738471666,1382653.9111029143,10.0,35000,0.78,120000
772,-0.0141015564819999,-0.0077408069705584,-0.0057898361248566,-0.0057168958825625,-0.0388047700713327,-0.0055429675019886,-0.0271170111742117,-0.0049860991398417,-0.0141121833615019,-0.0060020004231804,340.30451018947514,1195.081981390744,1347264.799973957,10.0,35000,0.78,25000,390.1711007237986,1357.0210572959768,3419956.717684742,15.0,0.0,0.0,120000,365.5586831612028,1238.6091787190787,2229491.7053648406,10.0,15000,0.55,120000,341.6071622017206,1207.5651424841858,1381924.4895576623,10.0,35000,0.78,120000
773,-0.0141806252627617,-0.0077604729254874,-0.0058156301496248,-0.0057400720054987,-0.038948575886565,-0.0055480192228401,-0.0272367747920357,-0.0050299657917598,-0.0141801377337869,-0.0060136577410249,340.34183918228837,1196.273917024967,1347327.840916379,10.0,35000,0.78,25000,390.09601270017254,1357.3439812431016,3419872.1010098583,15.0,0.0,0.0,120000,365.58730343871156,1238.4413116142136,2231075.0195443775,10.0,15000,0.55,120000,341.6632176008136,1207.3363538760084,1383715.0208542934,10.0,35000,0.78,120000
774,-0.0142306595217579,-0.0077758654400184,-0.0058558750816756,-0.0057592451716325,-0.0390995139623933,-0.0055749898509219,-0.0273878358394798,-0.0050841841533095,-0.0142360439509162,-0.0060792128181577,340.3477046239386,1196.264827169487,1347244.1248087778,10.0,35000,0.78,25000,390.2532396304648,1359.3697914324814,3419845.189759695,15.0,0.0,0.0,120000,365.6100212043809,1238.636901839141,2229413.3574407967,10.0,15000,0.55,120000,341.7770035696636,1209.5439887200096,1383459.078405814,10.0,35000,0.78,120000
775,-0.0143324326657753,-0.0078402815347371,-0.005881094356737,-0.0057709605271329,-0.0392716641632116,-0.0055833890375524,-0.0275449162748014,-0.0051015493913316,-0.0143123104632968,-0.006098769921062,340.3775256989645,1196.1034076693356,1346944.1457239815,10.0,35000,0.78,25000,390.2683274154721,1359.2784303975218,3418973.0734153735,15.0,0.0,0.0,120000,365.6313546541,1238.9045748423357,2229423.2762581888,10.0,15000,0.55,120000,341.77377346287005,1209.7462975826013,1379666.6644936944,10.0,35000,0.78,120000
776,-0.0143910170915981,-0.0078774523166939,-0.0059045440519501,-0.0058118900228039,-0.0394279900124058,-0.0055983590428453,-0.0276869779280186,-0.0051038721345725,-0.0143729141397616,-0.0061112385592835,340.456666594311,1196.8183552030334,1346883.9287229157,10.0,35000,0.78,25000,390.19335739410036,1358.9099707614428,3417559.3931566477,15.0,0.0,0.0,120000,365.69789408189104,1240.2027583431382,2227523.6134881233,10.0,15000,0.55,120000,341.7688280546757,1209.0847837370509,1380690.115339307,10.0,35000,0.78,120000
777,-0.0144606248146079,-0.0078945946443644,-0.0059291337652011,-0.0058251444316552,-0.039601634968364,-0.0056106417718533,-0.027803575545549,-0.0051441108412593,-0.0144425745614813,-0.0061407602387679,340.4725697185027,1197.209766444579,1345621.1722080207,10.0,35000,0.78,25000,390.21058987932383,1360.1308215012805,3416886.023337007,15.0,0.0,0.0,120000,365.64209969458983,1240.2394567898173,2228060.848610533,10.0,15000,0.55,120000,341.808011074625,1209.5991774347137,1380547.6304435758,10.0,35000,0.78,120000
778,-0.014511055692715,-0.007922855425612,-0.0059971272912603,-0.0058444367407912,-0.0397600760437059,-0.0056726648254855,-0.0279293220540846,-0.0051798617668928,-0.0145265294943494,-0.0061912187396847,340.45396359527956,1197.9659900102645,1346788.2144282619,10.0,35000,0.78,25000,390.2529210054129,1361.668915385306,3416501.7556041414,15.0,0.0,0.0,120000,365.72244199919396,1241.1687386058838,2228209.0707064997,10.0,15000,0.55,120000,341.89771376466604,1210.071075031339,1383327.7902057408,10.0,35000,0.78,120000
779,-0.0145829764947208,-0.0079485515072177,-0.0060084019236239,-0.0058701592077843,-0.0399185985974429,-0.0056942529347425,-0.0280647230275842,-0.00518122749095,-0.014613519086205,-0.0062272303181011,340.48826824346673,1197.8328440632313,1346398.7093718944,10.0,35000,0.78,25000,390.2858014088407,1361.317642086625,3416109.141280468,15.0,0.0,0.0,120000,365.7693742395952,1241.3768775390054,2225742.152219831,10.0,15000,0.55,120000,341.8328824306048,1210.1262029191241,1380532.492000201,10.0,35000,0.78,120000
780,-0.0146763838735603,-0.0079851502105929,-0.0060571091939455,-0.0058920435329444,-0.040106869531571,-0.0057204649239194,-0.0281701541847035,-0.0051944649405548,-0.0146776763988467,-0.0062629380170062,340.45043031363826,1198.4683213368687,1346727.5327010038,10.0,35000,0.78,25000,390.39726351561757,1362.3650920007333,3416669.032514608,15.0,0.0,0.0,120000,365.74865129164135,1241.5795072499077,2228110.551383466,10.0,15000,0.55,120000,341.8523921395348,1210.9827493693085,1379496.7181855694,10.0,35000,0.78,120000
781,-0.0147257757719955,-0.0080126995117911,-0.0060754828164208,-0.0059265796812217,-0.0402829437398562,-0.0057348949856223,-0.0282943132555299,-0.0052277516357914,-0.0147508886392652,-0.0062811563199232,340.5935932896415,1199.396882437829,1345280.7069834396,10.0,35000,0.78,25000,390.2665857961089,1363.3326062528934,3416654.0771079184,15.0,0.0,0.0,120000,365.71873070961846,1240.785578137646,2225579.2241171114,10.0,15000,0.55,120000,341.8059105472629,1211.7466286545591,1379922.4167684754,10.0,35000,0.78,120000
782,-0.014778048338354,-0.008040547471593,-0.0060927497553832,-0.0059649771830554,-0.0404298035549846,-0.0057654882959504,-0.0284380477818468,-0.0052551970230218,-0.0147949839735933,-0.0063001737438636,340.606101565087,1199.3633323011422,1346519.2043685701,10.0,35000,0.78,25000,390.38410748306086,1362.1188687518857,3414133.653766903,15.0,0.0,0.0,120000,365.7448190991276,1242.5101969997074,2226142.901895585,10.0,15000,0.55,120000,341.9541159904359,1211.185568031068,1380954.3429268093,10.0,35000,0.78,120000
783,-0.0148300569464369,-0.0080854692702084,-0.0061666852047571,-0.0060203888731473,-0.0406033212951857,-0.0058124759756918,-0.0285542082108345,-0.0052574781894178,-0.0148928738967294,-0.0063112709144675,340.51324271966075,1200.3257627884448,1345356.21343054,10.0,35000,0.78,25000,390.2407778091406,1364.3544961381174,3413897.992464397,15.0,0.0,0.0,120000,365.8813713639463,1243.3052999420563,2227919.516248624,10.0,15000,0.55,120000,341.9073821569743,1211.5645102032029,1379123.8549349678,10.0,35000,0.78,120000
784,-0.0149182798538298,-0.0081263778390638,-0.0061921748731103,-0.0060300465669012,-0.0408045266995419,-0.0058274608683192,-0.0286674007178307,-0.0053224954435411,-0.0149752761899206,-0.0063867373089811,340.63464776825117,1200.3869375452466,1345509.3003219564,10.0,35000,0.78,25000,390.3470338678321,1364.203545435426,3413446.237987432,15.0,0.0,0.0,120000,365.7403690631677,1243.737078519334,2225535.320833627,10.0,15000,0.55,120000,341.90909276457967,1212.3006951887191,1380845.4831196128,10.0,35000,0.78,120000
785,-0.0149948128089237,-0.0081587209758804,-0.0062287069796405,-0.0060550914453505,-0.0409487503364043,-0.0058516861743349,-0.0288036795459561,-0.00532985447211,-0.0150462475802139,-0.0064705830677802,340.64633067922495,1201.4570288692864,1344575.2506702496,10.0,35000,0.78,25000,390.399871485605,1365.6479799102383,3413952.785541174,15.0,0.0,0.0,120000,365.81828431672074,1243.7173812302262,2224621.6373995817,10.0,15000,0.55,120000,341.9748729909934,1213.0586228636191,1380662.204418162,10.0,35000,0.78,120000
786,-0.0150545311792953,-0.0081834427068685,-0.0062420129211105,-0.0060705391619413,-0.0411237588544048,-0.0058608659873735,-0.0289118241480486,-0.0053861963161246,-0.0151164541018179,-0.0065342243851831,340.7945221205778,1202.191921310377,1345278.459723255,10.0,35000,0.78,25000,390.37156848057447,1366.0719093639116,3413863.676101537,15.0,0.0,0.0,120000,365.74349596588644,1244.0647422594855,2224375.8989289883,10.0,15000,0.55,120000,342.015804707784,1213.2989584683507,1380688.0040450904,10.0,35000,0.78,120000
787,-0.0151075113630479,-0.0082192347948603,-0.006252366840062,-0.0060866919319703,-0.0412635682403069,-0.0058953124450272,-0.0290408755562316,-0.0054072521335564,-0.0151678582798573,-0.006559094734711,340.67443015387846,1201.7713377200516,1346180.7599714894,10.0,35000,0.78,25000,390.4913978616219,1365.6467947395206,3412096.3614435745,15.0,0.0,0.0,120000,365.86319429686324,1244.443839837621,2222466.968547905,10.0,15000,0.55,120000,342.02908039028887,1214.6878501122883,1379058.1157752704,10.0,35000,0.78,120000
788,-0.0151760888410526,-0.0082599108694076,-0.0062757645031344,-0.0061378482515101,-0.041415770829792,-0.0059077671347465,-0.0292362650443475,-0.0054253913889824,-0.0152210222881291,-0.0065731546513573,340.7541216149984,1202.4660594757388,1345150.8503886582,10.0,35000,0.78,25000,390.47541238251347,1365.649378001499,3412573.543308545,15.0,0.0,0.0,120000,365.90994008761913,1244.7042588617464,2222731.229282856,10.0,15000,0.55,120000,341.99239651391696,1214.60681099632,1377965.2617298206,10.0,35000,0.78,120000
789,-0.0152245819764035,-0.008300837012611,-0.0062898154952626,-0.006183213575265,-0.041602775490742,-0.0059315560714968,-0.0293633952585002,-0.0054681248104837,-0.0152796289102261,-0.0065979307438486,340.72293558966487,1202.3824018072398,1345036.6800395667,10.0,35000,0.78,25000,390.35129770704856,1365.3534189572467,3408827.9142294317,15.0,0.0,0.0,120000,365.8258380224049,1245.167494342019,2222811.1982025485,10.0,15000,0.55,120000,342.04651560788386,1213.8904564626741,1377434.9537198,10.0,35000,0.78,120000
790,-0.0152826584996455,-0.0083410264878285,-0.0063088715915924,-0.0061927155621695,-0.0418083254976163,-0.0059893883637037,-0.0294712645088522,-0.0054751729496419,-0.0153469081703611,-0.0066278567724535,340.746541241591,1203.0590671725738,1343634.0400247683,10.0,35000,0.78,25000,390.472900479038,1366.6119954342432,3409259.5322638634,15.0,0.0,0.0,120000,365.9133160592561,1246.4859877775432,2221116.867636044,10.0,15000,0.55,120000,342.04957805283203,1213.6884871548655,1377634.2985790262,10.0,35000,0.78,120000
791,-0.0153824678423048,-0.0083581492644921,-0.0063249531810654,-0.0062476474507011,-0.0420057531341918,-0.0060212790803595,-0.0296133967089834,-0.0055141835260111,-0.0154092609124172,-0.0066579062297677,340.87654935728114,1204.0621457208272,1344566.8608689655,10.0,35000,0.78,25000,390.4978047967646,1367.0004442561042,3409172.0193495573,15.0,0.0,0.0,120000,365.89774483602855,1247.855844972314,2223444.609015552,10.0,15000,0.55,120000,342.08360554881614,1216.2549885125154,1375579.2769114464,10.0,35000,0.78,120000
792,-0.0154774593156729,-0.0083875372553096,-0.0063456477943833,-0.0062665940970501,-0.0421762712302642,-0.00605918536832,-0.0297239927108838,-0.0055351998058438,-0.0154769186666421,-0.0067163728761357,340.81317964559673,1203.4941026084289,1344242.0518926105,10.0,35000,0.78,25000,390.5311363871895,1367.5242789879708,3408974.614215629,15.0,0.0,0.0,120000,365.89608308216197,1246.1454218860745,2220610.587052135,10.0,15000,0.55,120000,342.07732766957923,1216.615111476657,1377828.1276576247,10.0,35000,0.78,120000
793,-0.0155680660241154,-0.0084245409617407,-0.0064198639531893,-0.0063461728900796,-0.0423262767033029,-0.0060826898900758,-0.0298619797355641,-0.0056021523789966,-0.0155460865754533,-0.006728464663741,340.78419489655175,1204.489743643667,1344243.633190983,10.0,35000,0.78,25000,390.55975831796223,1368.0380928850527,3407401.5867708526,15.0,0.0,0.0,120000,365.925106677764,1247.5106172764733,2221624.051452498,10.0,15000,0.55,120000,342.1072176150808,1216.070047728173,1378170.209282382,10.0,35000,0.78,120000
794,-0.0156215016137844,-0.0084460939945797,-0.0064694077597918,-0.0063959153523937,-0.0424900271720632,-0.0061050995414867,-0.0299999508678844,-0.0056213589124862,-0.0156680114457252,-0.0067694380136029,340.9316000898701,1204.436246799296,1344263.1908380925,10.0,35000,0.78,25000,390.69302398252415,1369.8012345116151,3405626.719776674,15.0,0.0,0.0,120000,365.96819525244183,1247.6240428589372,2219464.287109124,10.0,15000,0.55,120000,342.2017222258464,1216.952872824856,1377036.9517604737,10.0,35000,0.78,120000
795,-0.015717572190377,-0.0084809511502507,-0.0064910251535498,-0.0064501433635489,-0.0426607287396395,-0.0061099829425261,-0.0301420952172585,-0.0056504302747923,-0.0157223457535746,-0.0068167572610799,340.9348987616466,1205.4117842332048,1343288.9306511339,10.0,35000,0.78,25000,390.722052373607,1370.0697288598462,3405219.466605239,15.0,0.0,0.0,120000,366.0195326398172,1248.6667403432452,2219627.824995056,10.0,15000,0.55,120000,342.1466208603249,1216.1910503255547,1375896.9332116,10.0,35000,0.78,120000
796,-0.0157775809344861,-0.0085671400564936,-0.0065055995536338,-0.0064794560135206,-0.0428508499359569,-0.0061378764132564,-0.0302575659524021,-0.0056829101948529,-0.0158036298295215,-0.006856702303001,340.98233473329174,1205.3994012987669,1343007.1599792333,10.0,35000,0.78,25000,390.5367583430961,1369.7819225306853,3405544.917717198,15.0,0.0,0.0,120000,365.9568181509371,1248.2811720038776,2218514.4599565333,10.0,15000,0.55,120000,342.27702070408156,1216.3900275796536,1376491.000463607,10.0,35000,0.78,120000
797,-0.0158619991320756,-0.008587373620076,-0.0065323431348702,-0.0064918367708483,-0.0430281434212524,-0.0061588552078411,-0.0303999473048182,-0.0056886345126023,-0.0158517010466121,-0.0068757818018895,340.96528614955486,1206.4477133018308,1343474.851388509,10.0,35000,0.78,25000,390.6095267460826,1370.0497086065004,3407125.2869713167,15.0,0.0,0.0,120000,366.0206575799598,1248.9839594712428,2219302.8116958607,10.0,15000,0.55,120000,342.2449486749332,1218.293856582575,1377669.9230045683,10.0,35000,0.78,120000
798,-0.0159095804260954,-0.0086204373643499,-0.0065448424494408,-0.0065508728906984,-0.0431999510383706,-0.0062001403482703,-0.0305131842867405,-0.0057157058717798,-0.0159257496453834,-0.0069161295521326,341.01059173045115,1206.177412176908,1343005.9737479654,10.0,35000,0.78,25000,390.65378203187765,1370.3231378500689,3403296.090072194,15.0,0.0,0.0,120000,366.10210573295643,1249.6451421371173,2216766.39014456,10.0,15000,0.55,120000,342.23751089969727,1218.5149627448034,1375924.4354501625,10.0,35000,0.78,120000
799,-0.0088442813085981,-0.0048705626834542,-0.0033611891972706,-0.0034919404509707,-0.0265009609269447,-0.0031901606570744,-0.0172163732860958,-0.0032208273585823,-0.0088629739696791,-0.0037710502868731,338.6647817334841,1164.2421472246574,1359105.6034741476,10.0,35000,0.78,25000,388.7739750092996,1322.061832886605,3463180.7089633388,15.0,0.0,0.0,120000,364.3687968914607,1205.9094908515515,2261738.9761097017,10.0,15000,0.55,120000,340.12564607422655,1178.4411470593304,1401723.946631338,10.0,35000,0.78,120000
800,-0.0091308873849186,-0.0049562350691301,-0.0034058561580241,-0.0035193869754468,-0.0272703515285485,-0.0032227443486323,-0.0178573260505675,-0.0032422395070944,-0.0091094610180177,-0.0038155334044222,338.71370100142724,1166.1712972164114,1357426.716833524,10.0,35000,0.78,25000,388.83178892530924,1322.9099700895601,3460764.5928325686,15.0,0.0,0.0,120000,364.47896030968474,1207.4058387790344,2262160.483375219,10.0,15000,0.55,120000,340.19441579129665,1181.403540333737,1399759.7946245708,10.0,35000,0.78,120000
801,-0.0092239164417192,-0.0049985339995448,-0.0034143809352876,-0.0035453214915759,-0.0276225954996333,-0.0032408451090886,-0.0181469840846097,-0.0033376912045327,-0.0092065880117628,-0.0038287996629733,338.72535694766606,1166.3428015428237,1357650.555779534,10.0,35000,0.78,25000,388.8589717907765,1324.817556774691,3459528.255799254,15.0,0.0,0.0,120000,364.5195419817194,1208.4563045797456,2260865.9349227273,10.0,15000,0.55,120000,340.2608715010562,1181.5242005078514,1399540.250369616,10.0,35000,0.78,120000
802,-0.0092875945639757,-0.0050816146218117,-0.0034320316314146,-0.0035832076147761,-0.0278379458473936,-0.0032597757856269,-0.0183288112279075,-0.0033605213162989,-0.0092884026907675,-0.0038516455931851,338.6825807840787,1167.0782512459414,1358163.8844253377,10.0,35000,0.78,25000,388.89700511515707,1325.7419180593106,3458956.600359036,15.0,0.0,0.0,120000,364.44901319711863,1208.240691361323,2258988.164614546,10.0,15000,0.55,120000,340.28250568887324,1182.8981585048255,1396141.7387828818,10.0,35000,0.78,120000
803,-0.0093398829137479,-0.0051165281054703,-0.0034457858026663,-0.0036346231832382,-0.0280120195966835,-0.0033443032306197,-0.0184851552004316,-0.003378942967461,-0.0093917180143587,-0.0038810812090394,338.7712074652326,1167.934206706387,1357640.6759111506,10.0,35000,0.78,25000,388.9801989467421,1325.4841349232831,3458890.6766183265,15.0,0.0,0.0,120000,364.4135690463301,1208.5634134963261,2258407.111175044,10.0,15000,0.55,120000,340.237752922819,1182.2573392136355,1397994.3521482612,10.0,35000,0.78,120000
804,-0.0094344638191658,-0.0051794338397282,-0.0034585367617573,-0.0036675126268889,-0.0281672243225887,-0.0034134252210052,-0.0186171986869077,-0.0033849300279083,-0.0094411829455795,-0.0039119893214352,338.7431481585987,1167.6459690927231,1357697.2698113215,10.0,35000,0.78,25000,388.95155944572184,1327.1944238859132,3454618.5878785513,15.0,0.0,0.0,120000,364.5259300746686,1209.3542407367115,2257431.8906859336,10.0,15000,0.55,120000,340.2227649369301,1184.5500012123684,1398914.8433368413,10.0,35000,0.78,120000
805,-0.0095070671928718,-0.0052396717783566,-0.0035065373932852,-0.0036799035185529,-0.0283241706232374,-0.0034226496468899,-0.0187474567089042,-0.0033914670655266,-0.0094875028578801,-0.0039478334752422,338.83921175723975,1168.1000350403917,1357547.1091043015,10.0,35000,0.78,25000,388.9187272100825,1327.3437861839861,3456101.9644814786,15.0,0.0,0.0,120000,364.5596855862488,1209.965572124642,2259391.0279454226,10.0,15000,0.55,120000,340.29900039831466,1183.0316610107116,1398619.1842764134,10.0,35000,0.78,120000
806,-0.0095876929552221,-0.0052841287221589,-0.0036121635372943,-0.0037068401305644,-0.0284673466528686,-0.003480022630485,-0.0188592485162383,-0.0034082839971012,-0.0095629443178521,-0.0039968558680713,338.8205378649454,1168.6801205628622,1357622.6039176933,10.0,35000,0.78,25000,389.0320951826478,1326.5318302527626,3456312.194827862,15.0,0.0,0.0,120000,364.56123480183174,1210.560149668695,2256797.4801530633,10.0,15000,0.55,120000,340.3241943322716,1183.5511524909164,1398912.6874194215,10.0,35000,0.78,120000
807,-0.0096714595813787,-0.0052983224903226,-0.0036260503748251,-0.0037385436153282,-0.0286301704093626,-0.0034923175016881,-0.0189981851106619,-0.0034103446078613,-0.0096576738187831,-0.0040376589501642,338.86286813626555,1169.9446151732689,1356606.875603501,10.0,35000,0.78,25000,388.97423088424574,1326.9690289878752,3456670.9173532156,15.0,0.0,0.0,120000,364.6115109969974,1210.333174053643,2255887.17786741,10.0,15000,0.55,120000,340.26252618149834,1185.2086383626013,1397706.650728484,10.0,35000,0.78,120000
808,-0.0097554183609266,-0.0053137892847538,-0.0036593114350588,-0.0038061717138707,-0.028823087107027,-0.0034990515087813,-0.0191257205947479,-0.0034149280768799,-0.0097081302121666,-0.0040927584460605,338.88140600873515,1170.1251374007682,1355807.5485258834,10.0,35000,0.78,25000,389.07135748365124,1328.2162637031786,3454253.3060634164,15.0,0.0,0.0,120000,364.6333746603901,1211.231575014551,2253381.025272862,10.0,15000,0.55,120000,340.42298242579125,1184.4116421617232,1396590.8924180274,10.0,35000,0.78,120000
809,-0.0098281833460588,-0.0053482989415687,-0.0037026131254724,-0.0038760538868099,-0.0290040024001774,-0.0035208455196197,-0.019262296172224,-0.0034360139619181,-0.0097797485816261,-0.0041159208377637,338.93414762613145,1170.0283948341826,1355677.2786031598,10.0,35000,0.78,25000,389.0353427832233,1328.7576076615433,3452701.0209339745,15.0,0.0,0.0,120000,364.59392757151045,1211.8483683493046,2254816.4338937392,10.0,15000,0.55,120000,340.46000800882666,1184.258288240095,1396778.0921682157,10.0,35000,0.78,120000
810,-0.0098736114924568,-0.0053641977330778,-0.0037421644166738,-0.0038945477210951,-0.0291905258911773,-0.0035288599358678,-0.0193707254390068,-0.003458440801081,-0.0098503107005283,-0.004160372877786,338.94768789565677,1169.465186242908,1356330.4178041702,10.0,35000,0.78,25000,389.0233098942814,1329.543429220582,3453070.388198038,15.0,0.0,0.0,120000,364.63413209116914,1212.7420768014076,2255133.114322309,10.0,15000,0.55,120000,340.45189696516434,1184.7280929816638,1396613.821409501,10.0,35000,0.78,120000
811,-0.0099255792348409,-0.0054060961177146,-0.0037618057393287,-0.0040162623758203,-0.0293482219905489,-0.0035341271198042,-0.0194840922834544,-0.0034643860198066,-0.0099035290819483,-0.0042216675694781,338.90342345077516,1170.6806504097108,1356801.8574159758,10.0,35000,0.78,25000,389.02100226172064,1329.1070933493297,3452355.0805930197,15.0,0.0,0.0,120000,364.6668980125303,1211.7825272644504,2252320.269743434,10.0,15000,0.55,120000,340.4246851454884,1185.9006960769186,1395960.8898600307,10.0,35000,0.78,120000
812,-0.009994218192725,-0.0054296951884436,-0.003784684594944,-0.0040302074934053,-0.0295336390425925,-0.0035448950295582,-0.0195898061703297,-0.0034973022144428,-0.0099952120401842,-0.0042531480199373,338.95265640088127,1171.6643752540963,1356109.291411118,10.0,35000,0.78,25000,389.1537998962092,1329.912955768117,3451059.167947667,15.0,0.0,0.0,120000,364.6625883844666,1213.551521759259,2253591.082799088,10.0,15000,0.55,120000,340.4169876564634,1186.2867186068977,1396897.4259901415,10.0,35000,0.78,120000
813,-0.010052575249266,-0.0054853515300027,-0.0038089369773649,-0.0040828990694507,-0.0297121402890573,-0.003589972049632,-0.0197081148014771,-0.0035715054133604,-0.0100469536501939,-0.0042640690995849,338.9958320480259,1171.3229598949702,1355308.4968778866,10.0,35000,0.78,25000,389.03337089066906,1330.2880797776947,3450777.256748255,15.0,0.0,0.0,120000,364.7661494081642,1212.7988492925174,2252565.406980865,10.0,15000,0.55,120000,340.58851863482334,1187.0253606749309,1397083.4613799956,10.0,35000,0.78,120000
814,-0.0101200491784182,-0.0055239001921355,-0.0038399978852103,-0.0040932730062742,-0.0298614524111275,-0.0035947066769836,-0.0198874211713821,-0.0035957837638452,-0.0101452789726372,-0.0042751123594393,338.95645864222047,1172.0663895231942,1355684.1362046096,10.0,35000,0.78,25000,389.16638802904833,1331.0285704326714,3451717.356681072,15.0,0.0,0.0,120000,364.788987918588,1212.5997293757553,2252429.2897477476,10.0,15000,0.55,120000,340.57120017782717,1186.1540719361801,1397058.1092218545,10.0,35000,0.78,120000
815,-0.0102049714935375,-0.0055762733565544,-0.0038685403436951,-0.0041273783288023,-0.030055145292869,-0.0036372456680611,-0.020003009270302,-0.0036089737495428,-0.0102020530856174,-0.0043056789814998,339.0085123723052,1173.2623057174342,1355563.371006392,10.0,35000,0.78,25000,389.16929809804947,1331.2721225647028,3450516.992683822,15.0,0.0,0.0,120000,364.63280832313933,1215.0931391775712,2252035.647021521,10.0,15000,0.55,120000,340.559502130083,1186.333467650527,1396350.2356570563,10.0,35000,0.78,120000
816,-0.0102738606342919,-0.0056089220824418,-0.0038827962543779,-0.0041515094013395,-0.0302189791020849,-0.0036708609916029,-0.0201661655958953,-0.003637471228111,-0.0102534946768205,-0.0043434968314722,339.1211616472363,1172.7721303917085,1355084.393273627,10.0,35000,0.78,25000,389.31105327576347,1331.1950863522318,3448013.663404325,15.0,0.0,0.0,120000,364.70719931765865,1213.6319582865465,2251208.6505029406,10.0,15000,0.55,120000,340.5452309759029,1187.3470375784452,1393516.1690032145,10.0,35000,0.78,120000
817,-0.010344346378813,-0.0056386495297614,-0.0039174293702307,-0.0041827456704979,-0.0303801033706318,-0.0037690215163333,-0.0202832576498172,-0.003672992694467,-0.0103049066169044,-0.0043592371622637,339.1866731950187,1172.7044482222611,1355175.1452898595,10.0,35000,0.78,25000,389.0517951589049,1332.3478851238353,3450190.42017339,15.0,0.0,0.0,120000,364.7577568853766,1215.1065063910373,2250851.267743321,10.0,15000,0.55,120000,340.6537970710817,1186.7047242116394,1394475.4890770223,10.0,35000,0.78,120000
818,-0.0104265592887246,-0.0056907276134374,-0.003940583503991,-0.0042230986708907,-0.030596327986342,-0.0038210946050347,-0.0204116052706137,-0.0036735712314542,-0.0103775407410285,-0.0043837733239941,339.1362951191877,1173.3214675006757,1355156.3116870204,10.0,35000,0.78,25000,389.2367226183693,1333.3028198732457,3449328.2299976973,15.0,0.0,0.0,120000,364.74060286267354,1215.7990950157478,2249674.1947950465,10.0,15000,0.55,120000,340.70452628228765,1188.1498848532406,1392557.3665646345,10.0,35000,0.78,120000
819,-0.0104861879165723,-0.0057791719618774,-0.0039794612688839,-0.0042520385331744,-0.0307643492776127,-0.0038536434351752,-0.0205335792522825,-0.0036962915387499,-0.0104254267307211,-0.0044304036048766,339.18589240702744,1174.0048731825402,1355673.2508105973,10.0,35000,0.78,25000,389.2292884135836,1333.2833943986377,3449092.8773624822,15.0,0.0,0.0,120000,364.82485312404884,1216.1770232790743,2248513.768121419,10.0,15000,0.55,120000,340.6245464648963,1187.8278273507872,1393189.1888709166,10.0,35000,0.78,120000
820,-0.010564515904326,-0.005800605439105,-0.0040100092179422,-0.0043049340952695,-0.0309360106328338,-0.003858610150636,-0.0206771082416705,-0.0037000228083389,-0.0104933717547562,-0.0044516231807879,339.1330777922698,1173.6898896731493,1354705.2256903055,10.0,35000,0.78,25000,389.2688699306791,1333.9867599190309,3443792.6946607954,15.0,0.0,0.0,120000,364.780916881915,1216.041429341854,2251525.219242782,10.0,15000,0.55,120000,340.64462376109975,1187.9013548388566,1393067.864248025,10.0,35000,0.78,120000
821,-0.0106431629438371,-0.0058330182392253,-0.0040262824128996,-0.0043362672150147,-0.0310898574027446,-0.0039097066078012,-0.0208195873508647,-0.0037457529309365,-0.0105630077014942,-0.0045000098696525,339.28925380754197,1175.1397158352022,1353835.21869385,10.0,35000,0.78,25000,389.242423995988,1333.9393007969156,3445750.4314173255,15.0,0.0,0.0,120000,364.8155115632635,1217.1496524808385,2249996.4093019953,10.0,15000,0.55,120000,340.6926106818934,1189.0919759982671,1391641.4390196058,10.0,35000,0.78,120000
822,-0.0107123352107631,-0.005855870760551,-0.0040953379365091,-0.0043831521177534,-0.0312454981264835,-0.0039413313018253,-0.0209254005549678,-0.0037892764746716,-0.0106325977608412,-0.0045104701274755,339.32858222958953,1174.7681933231102,1354304.1430127614,10.0,35000,0.78,25000,389.3075316808134,1334.5719080906445,3444885.2617460326,15.0,0.0,0.0,120000,364.8555720854671,1217.5371955343203,2247577.553444272,10.0,15000,0.55,120000,340.74109071469354,1189.859661086998,1392267.8880705775,10.0,35000,0.78,120000
823,-0.0107725296089826,-0.0059304219088402,-0.004138950167529,-0.0044237167544256,-0.03141730981809,-0.0040099177294299,-0.0210886453514377,-0.0038058232416517,-0.0106853131005634,-0.0045249911242744,339.2530354284512,1176.0065826338976,1354367.0175251784,10.0,35000,0.78,25000,389.3710045796294,1335.113336302933,3444037.2405137345,15.0,0.0,0.0,120000,364.8766250026749,1217.8113301362628,2247654.963465692,10.0,15000,0.55,120000,340.67115704906195,1189.2326111363523,1393720.4373086025,10.0,35000,0.78,120000
824,-0.0108516653637363,-0.0059533181449406,-0.0041631524561449,-0.0044522639261915,-0.0315889890603121,-0.0040237262147465,-0.0212277822823595,-0.0038657694709787,-0.0107433005639482,-0.0045505583690172,339.3788432406769,1175.6739249247207,1353839.6981697343,10.0,35000,0.78,25000,389.301126172503,1335.5163775648164,3444764.670848565,15.0,0.0,0.0,120000,364.832985447428,1216.961348668563,2246480.1224072273,10.0,15000,0.55,120000,340.73419959950627,1189.4416939973164,1391694.974009596,10.0,35000,0.78,120000
825,-0.0109042943759144,-0.0059988367193796,-0.0042000111079753,-0.0044846895990333,-0.0317358800943111,-0.0040305655694316,-0.0213768078706993,-0.0039141521116542,-0.0108069946633781,-0.0045763983919868,339.32667150836687,1176.138530016395,1354156.722862831,10.0,35000,0.78,25000,389.3408894849475,1335.11208713878,3443576.796567618,15.0,0.0,0.0,120000,364.89104132591797,1217.8316435569704,2246485.3709518914,10.0,15000,0.55,120000,340.76600393109067,1190.9634839304158,1394299.6782967257,10.0,35000,0.78,120000
826,-0.0109677037758593,-0.006030282077134,-0.0042218543563173,-0.004493584094844,-0.0318791962405137,-0.0040628349791984,-0.0215147662804569,-0.0039327830884605,-0.0109035381359716,-0.0045964732201683,339.3229048806845,1176.0251520378122,1354392.5248424422,10.0,35000,0.78,25000,389.3709419506343,1336.0127547373552,3444976.782181221,15.0,0.0,0.0,120000,364.8629402989859,1219.0491165353596,2248174.2954586335,10.0,15000,0.55,120000,340.666286164328,1190.634635266276,1392185.8084899925,10.0,35000,0.78,120000
827,-0.0110428376940555,-0.0060913572323043,-0.004257304084834,-0.0045046417993456,-0.0320350510248221,-0.0040979442758416,-0.0216375847208469,-0.003961621270759,-0.0109631452354146,-0.0046049041621677,339.331840412624,1178.123289659069,1354084.7247440408,10.0,35000,0.78,25000,389.39410953500294,1337.4466166041477,3441569.128627457,15.0,0.0,0.0,120000,364.9578345630285,1219.5607416508283,2246814.9767919965,10.0,15000,0.55,120000,340.7450680187998,1190.672292726578,1390467.0938422363,10.0,35000,0.78,120000
828,-0.0111112854308192,-0.0061135622276206,-0.004282708335888,-0.0045266976001359,-0.0321833488515018,-0.004116952585943,-0.0217304098348132,-0.0039758065653636,-0.0110524785978494,-0.0046274772035138,339.4087289469877,1177.8224947624196,1353943.4963388434,10.0,35000,0.78,25000,389.4162733356208,1337.5598835741018,3442696.741807509,15.0,0.0,0.0,120000,364.9693787457461,1219.4933042164546,2247059.774452044,10.0,15000,0.55,120000,340.8779527096692,1192.7119828433238,1391069.3788912492,10.0,35000,0.78,120000
829,-0.0111607674465363,-0.0061430579635687,-0.0043051809834837,-0.0045365586695972,-0.032382219610717,-0.0041395020145924,-0.0218249011423315,-0.0039997730678555,-0.0111476218544385,-0.0046583378292134,339.3854322351408,1177.6920677851072,1353353.136342819,10.0,35000,0.78,25000,389.3968924863676,1338.5940972727617,3440779.9126912155,15.0,0.0,0.0,120000,364.95963994342446,1219.8505860209218,2245107.34857494,10.0,15000,0.55,120000,340.95258840751495,1193.089927911787,1390820.6716811615,10.0,35000,0.78,120000
830,-0.0112113442724379,-0.006184844626257,-0.0043304089239731,-0.0045691555235778,-0.0325539024773443,-0.0041877524510008,-0.0219528889950262,-0.0040150419323045,-0.0112044564450755,-0.0046821763864585,339.2941325158562,1178.7614409643522,1353196.433352733,10.0,35000,0.78,25000,389.3570346548059,1338.8622859952036,3441229.281516565,15.0,0.0,0.0,120000,365.02603411027127,1221.2532424819242,2246217.09084041,10.0,15000,0.55,120000,340.8356437273041,1191.833485900378,1391443.3429286326,10.0,35000,0.78,120000
831,-0.0112797485740672,-0.0062602169022562,-0.0043444807524248,-0.0046305058148947,-0.0327238924904507,-0.0041942950735474,-0.0220779085779435,-0.0040227715119831,-0.0112634071195646,-0.0047090398227301,339.46389486454666,1178.8366257828968,1353394.1049007932,10.0,35000,0.78,25000,389.3917898436279,1339.0064357076963,3439237.883920052,15.0,0.0,0.0,120000,364.9770545766959,1220.9277406399272,2245620.269820306,10.0,15000,0.55,120000,340.82535869577526,1193.820909487756,1393223.890171221,10.0,35000,0.78,120000
832,-0.0113383170099988,-0.0062957008501381,-0.0043781665883097,-0.0046383299168529,-0.0328870338107097,-0.0042082959153488,-0.0221685079399577,-0.0040415005038032,-0.0113006828005895,-0.0047152944119677,339.36619999168335,1179.3526414967557,1353980.4133607799,10.0,35000,0.78,25000,389.4602180809725,1340.4812803742543,3440645.5683804136,15.0,0.0,0.0,120000,364.9433400798574,1220.6992637285637,2244640.099074026,10.0,15000,0.55,120000,340.9255688314976,1192.1906904068614,1391126.7697947386,10.0,35000,0.78,120000
833,-0.0113864719352034,-0.0063772070555739,-0.0044124196694371,-0.0046443979545378,-0.0330421620580613,-0.0042252360932545,-0.0222597572201006,-0.0040619397333468,-0.0113432520149216,-0.0047442566407293,339.45741144845175,1179.989229298406,1353108.241159099,10.0,35000,0.78,25000,389.47446919466455,1340.4032860884033,3440925.710862492,15.0,0.0,0.0,120000,364.9997221287932,1222.4706269899145,2242784.275465142,10.0,15000,0.55,120000,340.86766022324116,1193.0351144160081,1390099.828477484,10.0,35000,0.78,120000
834,-0.0114633856520054,-0.0063900068995871,-0.0044427620337237,-0.0046532827392431,-0.0332198132122472,-0.0042774601253095,-0.0224053137046646,-0.0040981722546875,-0.0114206809840325,-0.0047912834390011,339.48576527202766,1179.7428270064343,1352048.156948012,10.0,35000,0.78,25000,389.3948506117087,1339.4396197438223,3439517.8704402507,15.0,0.0,0.0,120000,364.96244753579447,1220.9784192105135,2243902.9289019043,10.0,15000,0.55,120000,340.87515139487334,1193.8646435802793,1391822.6778064733,10.0,35000,0.78,120000
835,-0.0115129760930061,-0.006422545444586,-0.0044901401360651,-0.0046631895425742,-0.0333854674674747,-0.0042878347670669,-0.0224983494170758,-0.0041127735821624,-0.0115006957284778,-0.0048288828974614,339.4658426641757,1180.722066452056,1352935.5334020555,10.0,35000,0.78,25000,389.4945146127013,1340.6975960823477,3439828.8526824173,15.0,0.0,0.0,120000,365.1048405523319,1222.7277494960138,2241859.425526525,10.0,15000,0.55,120000,340.96742513271545,1195.111117927292,1389017.7163051232,10.0,35000,0.78,120000
836,-0.0115602249314082,-0.006474987162459,-0.0045514282881561,-0.004688291243472,-0.0335560682963046,-0.0043055443179408,-0.0225946594518729,-0.0041193060668893,-0.0115433405034589,-0.0048545685515649,339.6317997718805,1179.991551031333,1353095.6319565137,10.0,35000,0.78,25000,389.53823084627624,1340.7860025826571,3438624.997169621,15.0,0.0,0.0,120000,365.0465829116374,1222.9898500929578,2242822.775939059,10.0,15000,0.55,120000,340.93885435856816,1193.972973234672,1391333.0337015216,10.0,35000,0.78,120000
837,-0.0116658458196817,-0.0065149932105469,-0.0045703365522424,-0.004715473097882,-0.0337498537200781,-0.0043191873975737,-0.0226860504168758,-0.0041635540022317,-0.0116486487536989,-0.0049112385015822,339.54415382659977,1180.9205138777788,1352535.7268011817,10.0,35000,0.78,25000,389.53499633907984,1341.660506509256,3438640.971567911,15.0,0.0,0.0,120000,365.075206198758,1223.1227155182157,2243893.023135499,10.0,15000,0.55,120000,340.9112629432167,1194.2477953509144,1390612.7062605245,10.0,35000,0.78,120000
838,-0.0117327734441946,-0.0065584149088487,-0.0046072248433944,-0.0047583610180478,-0.0338908186893653,-0.0043352190291041,-0.0227732970747263,-0.004167874831906,-0.0117133472028317,-0.0049521028424138,339.5947520302008,1181.1813988991048,1352855.5675196175,10.0,35000,0.78,25000,389.48359723817236,1343.0981250387763,3437488.752422549,15.0,0.0,0.0,120000,365.05667576704724,1223.0236038691485,2243280.791427167,10.0,15000,0.55,120000,340.9060614570283,1196.4451888473684,1388949.2946083692,10.0,35000,0.78,120000
839,-0.0117826993822745,-0.0066044724560807,-0.004636462644479,-0.0048166363836692,-0.0340283785535942,-0.0043800397424101,-0.0228761018633631,-0.004238954812624,-0.0117883518258531,-0.0049925019664466,339.6542608548099,1182.2287349167884,1353127.1036905905,10.0,35000,0.78,25000,389.52165525716066,1342.9737381473494,3436578.007954051,15.0,0.0,0.0,120000,365.01510261846585,1224.3322279934268,2243475.8482599854,10.0,15000,0.55,120000,340.9606517730999,1194.6217363923147,1388566.6267404512,10.0,35000,0.78,120000
840,-0.0118582811674148,-0.0066411044871828,-0.0046468242341969,-0.0048443774443881,-0.0341727857625561,-0.0044001167269165,-0.0230144375936407,-0.0042596695016413,-0.0118685834810138,-0.0050065366549363,339.5417397138163,1182.68318373035,1352357.2912977429,10.0,35000,0.78,25000,389.66046742976584,1343.3605917699008,3436129.597884437,15.0,0.0,0.0,120000,365.15081481220176,1224.4491591761487,2242566.9342263318,10.0,15000,0.55,120000,341.01556455331803,1195.0362434785943,1390110.602914861,10.0,35000,0.78,120000
841,-0.0119091391895722,-0.0066857552429245,-0.0046599078867537,-0.004879658756251,-0.034338922852356,-0.0044222480753893,-0.0231306049143459,-0.0042710310269299,-0.0119243365047764,-0.0050704420329129,339.67874362104294,1183.7648533452414,1351866.091684692,10.0,35000,0.78,25000,389.6620786524164,1342.8330493553667,3435873.7519272533,15.0,0.0,0.0,120000,365.1139530112959,1223.8985523340618,2242350.301085918,10.0,15000,0.55,120000,341.0378901525184,1197.1846188954094,1388750.407747985,10.0,35000,0.78,120000
842,-0.0119715376550943,-0.0067384373518133,-0.0046836304260401,-0.0048964915908501,-0.0344787948050302,-0.0044411877255979,-0.0232347070812965,-0.0042875921610178,-0.0120166819800577,-0.0051389194923228,339.7505744302648,1182.7675094643075,1352675.8144289486,10.0,35000,0.78,25000,389.54007892720807,1343.7757696706642,3435863.7609087285,15.0,0.0,0.0,120000,365.1195423100497,1225.1636092623032,2240258.6000001333,10.0,15000,0.55,120000,340.9770707891333,1196.6608396682007,1389854.4539003586,10.0,35000,0.78,120000
843,-0.0120194517123684,-0.0067775721611335,-0.0046944990713589,-0.0049104706038064,-0.0346600616096581,-0.004472019383002,-0.0233644438962019,-0.0043253021473484,-0.0120826841801183,-0.0052056910381795,339.69613435413584,1184.0507962238808,1351404.8695413761,10.0,35000,0.78,25000,389.6158812673296,1344.4115710249891,3434661.3684422565,15.0,0.0,0.0,120000,365.11213916997303,1225.675752005553,2240493.2583310953,10.0,15000,0.55,120000,341.13995625275334,1196.4176757239366,1389927.6670382097,10.0,35000,0.78,120000
844,-0.0120910040801976,-0.0067921765563015,-0.0047339572924579,-0.0049503236303814,-0.0348015236865078,-0.0045225290679035,-0.0234559234411949,-0.0043595607018154,-0.0121223753095476,-0.005222925610641,339.6955451894672,1183.2911580598025,1351485.194681298,10.0,35000,0.78,25000,389.5802966763455,1345.1902503535339,3433745.1823804327,15.0,0.0,0.0,120000,365.08428196105615,1226.2561502688468,2241894.0373449507,10.0,15000,0.55,120000,341.13908549286276,1197.362336561864,1387730.8300714928,10.0,35000,0.78,120000
845,-0.012187332294793,-0.0068331520595582,-0.0047554075540346,-0.0049580333444931,-0.0349511025957322,-0.0045378407355652,-0.0235438590842351,-0.0043879466711532,-0.0121841738559236,-0.0052415417687694,339.7374819701907,1183.6740051829431,1351869.060862531,10.0,35000,0.78,25000,389.6692026926498,1345.0226649609383,3432877.3770339317,15.0,0.0,0.0,120000,365.11722286408906,1226.1562680792306,2240187.399387188,10.0,15000,0.55,120000,341.0536735662911,1196.7995603422717,1388951.9440460694,10.0,35000,0.78,120000
846,-0.0122397294917194,-0.0068850755414207,-0.0048251394853122,-0.0050022724759459,-0.035092480365042,-0.0045510081662225,-0.0237117359017618,-0.0044589877223393,-0.0122243421376624,-0.0052517857159337,339.67019791354505,1184.6693766541323,1351502.2514804034,10.0,35000,0.78,25000,389.6290968235566,1346.1505266182241,3433555.2199522676,15.0,0.0,0.0,120000,365.2182804308503,1226.6311274968627,2238912.6337456363,10.0,15000,0.55,120000,341.1625725855431,1197.5587461027926,1386385.0085946575,10.0,35000,0.78,120000
847,-0.0123144119342573,-0.0068987898755612,-0.0048421425324984,-0.005033228244052,-0.0352536962287216,-0.0045977496780294,-0.023799746279202,-0.0044940868214202,-0.012272781357845,-0.0052761479672996,339.725695560019,1184.7377857152253,1350647.718379128,10.0,35000,0.78,25000,389.7131805357513,1346.0482705935865,3432539.2750509703,15.0,0.0,0.0,120000,365.1894390867633,1228.4853682412627,2238858.2510590507,10.0,15000,0.55,120000,341.20309087146484,1196.6735249057235,1387156.0908344297,10.0,35000,0.78,120000
848,-0.0124158722614115,-0.0069374950091108,-0.0048819588354743,-0.0050483185475141,-0.0353928671088455,-0.0046771994263882,-0.0239131971307825,-0.0045004532769412,-0.0123099620746234,-0.0053054678155382,339.8948976857877,1184.7245318013252,1350935.700143582,10.0,35000,0.78,25000,389.6953968670944,1345.6774739999548,3431594.4782161443,15.0,0.0,0.0,120000,365.2032656619994,1227.7504827237437,2238255.666873291,10.0,15000,0.55,120000,341.1360831934161,1198.6694487821374,1385232.7808919267,10.0,35000,0.78,120000
849,-0.0124949997193066,-0.0069625702452455,-0.0049273038291243,-0.0050914668843579,-0.0355348815866992,-0.0047019672035639,-0.0240445534674985,-0.0045722428529319,-0.0123592697483625,-0.0053194285809449,339.7851707451536,1186.1040576368669,1351025.738859363,10.0,35000,0.78,25000,389.7678511533244,1346.6089237703018,3431121.3269273927,15.0,0.0,0.0,120000,365.2843906231442,1227.6928644337752,2239146.388037994,10.0,15000,0.55,120000,341.20184893606756,1198.7747947684634,1386573.2789998015,10.0,35000,0.78,120000
850,-0.0125645694863928,-0.0069770144391152,-0.0049411309441772,-0.0051170968744132,-0.0356896388466228,-0.0047232342231381,-0.0241557681679858,-0.0045806982186995,-0.0124174817577411,-0.0053697896933107,339.8776247348774,1186.8248184500408,1350625.7968877794,10.0,35000,0.78,25000,389.764993189779,1347.8802486568788,3429647.974479033,15.0,0.0,0.0,120000,365.2505293367439,1228.0109583659894,2239615.0803940594,10.0,15000,0.55,120000,341.2452897350344,1198.5816985275928,1387242.6088625279,10.0,35000,0.78,120000
851,-0.0126235317514868,-0.0069946734374185,-0.0049515908081031,-0.0051559786986938,-0.0358939597597505,-0.004740097178188,-0.0242624400721967,-0.004627122575376,-0.0125328971802781,-0.0054118856092419,339.8424474553193,1186.1322831129658,1350085.9331646054,10.0,35000,0.78,25000,389.83463455563503,1347.3820064964373,3430509.816146111,15.0,0.0,0.0,120000,365.24799649399574,1229.7548038890554,2237530.2623888752,10.0,15000,0.55,120000,341.26301864207005,1199.1650577496482,1388349.4841202614,10.0,35000,0.78,120000
852,-0.0126839782946349,-0.0070724643059643,-0.0049775334529384,-0.0051783567902972,-0.0361010673063589,-0.0047503741512201,-0.0243677192524871,-0.004668408279198,-0.0125712054770568,-0.0054488548622429,339.84840261248854,1187.3993550766336,1350069.97946337,10.0,35000,0.78,25000,389.7607961807742,1348.534367477625,3429264.1754686926,15.0,0.0,0.0,120000,365.2390457823304,1230.3979836361232,2237138.6910873745,10.0,15000,0.55,120000,341.19867141341587,1199.9922093491598,1386680.394476731,10.0,35000,0.78,120000
853,-0.012779359146197,-0.00710656233232,-0.0050264732841837,-0.0052061308747935,-0.0362876991004424,-0.0047609957651149,-0.0244654496433842,-0.00470226087108,-0.012628655528599,-0.0054713092178981,339.91049902995155,1186.3550192089301,1350323.7806100473,10.0,35000,0.78,25000,389.8633975301569,1348.498103794017,3430051.355379858,15.0,0.0,0.0,120000,365.3110097712821,1229.5419590139404,2235928.549357658,10.0,15000,0.55,120000,341.38734907545734,1200.6345675535508,1386005.5204452912,10.0,35000,0.78,120000
854,-0.0128321324624152,-0.0071197198563662,-0.0050392528986022,-0.0052547878699508,-0.0364304983455789,-0.0047996514061963,-0.0245542476237725,-0.0047102927645878,-0.0127188639215733,-0.005517918432081,339.9419121424614,1188.637869241131,1349590.0477538102,10.0,35000,0.78,25000,389.9436110796278,1350.0541962422208,3428846.3775710016,15.0,0.0,0.0,120000,365.27961730584263,1229.477260447598,2236221.90858998,10.0,15000,0.55,120000,341.3526799045211,1200.7184609229341,1387047.3533750428,10.0,35000,0.78,120000
855,-0.0128956665882805,-0.0071594385640614,-0.0050543302530063,-0.005314764386187,-0.0366122309927874,-0.0048107144833142,-0.0246746620647101,-0.0047328903119189,-0.0128349425884991,-0.0055349967977237,340.0119105757101,1188.192208310503,1350506.388608195,10.0,35000,0.78,25000,389.80440458565886,1350.2007791032315,3428150.952696277,15.0,0.0,0.0,120000,365.29667451556145,1231.108064327725,2237093.735101577,10.0,15000,0.55,120000,341.3125611013288,1200.9774782993823,1387229.9936549389,10.0,35000,0.78,120000
856,-0.0129624010528027,-0.0071923099001161,-0.0051045390517475,-0.0053203585147036,-0.0367563338650208,-0.0048232813989556,-0.0248279294544967,-0.0047719322472872,-0.0129034975511236,-0.0055520388829965,339.98158706746386,1189.3314090680005,1349526.0882786266,10.0,35000,0.78,25000,389.89069286985887,1349.7060913896453,3427702.8074190435,15.0,0.0,0.0,120000,365.3608148045197,1231.310841072321,2236698.7326176525,10.0,15000,0.55,120000,341.39709363618414,1200.7433122305836,1387763.2223545618,10.0,35000,0.78,120000
857,-0.0130516264988595,-0.007262010722247,-0.0051174440164287,-0.0053358905271513,-0.0369301462712383,-0.0048904712988267,-0.0249225099098576,-0.0047856576080366,-0.0129632901309256,-0.0055614483606958,340.11569581923754,1189.0497261276664,1349669.7713153502,10.0,35000,0.78,25000,389.84786295613907,1350.0781901846683,3427808.0529673216,15.0,0.0,0.0,120000,365.3540841124864,1231.3041128656662,2235511.580650621,10.0,15000,0.55,120000,341.3421326141732,1200.98940048401,1386378.9669610567,10.0,35000,0.78,120000
858,-0.0131051197548039,-0.0072974464602073,-0.0051333593603994,-0.005348088569776,-0.0371023893067218,-0.0048995066742884,-0.0250102175602425,-0.0048371127475266,-0.0130305791884683,-0.0055806634411485,340.05618777844217,1189.6014094468928,1350175.4915152022,10.0,35000,0.78,25000,389.9634817907462,1351.2760407927638,3429540.9150826894,15.0,0.0,0.0,120000,365.3118913601375,1231.197786660798,2235042.668245106,10.0,15000,0.55,120000,341.42662912042147,1201.2784872855964,1385638.3517341672,10.0,35000,0.78,120000
859,-0.0131632842663997,-0.0073302738754339,-0.005164787082168,-0.0053754674267035,-0.0372682608944626,-0.0049122003855218,-0.0251098375004259,-0.0048858505300256,-0.0130864673952682,-0.005606938095543,340.0487574388319,1190.112710653388,1349052.6913836694,10.0,35000,0.78,25000,389.87766330599163,1349.541580639175,3425130.6362502496,15.0,0.0,0.0,120000,365.33265306349085,1231.7604210274399,2233665.6100355093,10.0,15000,0.55,120000,341.36017034941796,1201.5064305180504,1386323.9125695955,10.0,35000,0.78,120000
860,-0.0132131241491441,-0.0074101690119119,-0.0051876361438449,-0.0054108657741752,-0.0374132085103788,-0.0049321126157364,-0.0252049237317763,-0.0048967292554401,-0.01313368236438,-0.0056133255945148,340.11781865677415,1188.9383989944265,1349219.5582773997,10.0,35000,0.78,25000,389.8182257938684,1351.9763941203807,3425343.076173763,15.0,0.0,0.0,120000,365.42905425794214,1231.7287459730758,2234622.001576257,10.0,15000,0.55,120000,341.39990560244706,1203.1190738543621,1384899.5892473415,10.0,35000,0.78,120000
861,-0.0132913220509863,-0.0074302409294061,-0.0052397857783821,-0.0054168076768771,-0.0376022790719242,-0.0049770544401269,-0.0252978773530194,-0.0049289486910052,-0.0131744591346804,-0.0056243041310223,340.06188341791886,1189.410290159625,1350151.8325334121,10.0,35000,0.78,25000,389.875007662637,1352.4183571153123,3425439.498699241,15.0,0.0,0.0,120000,365.449321177886,1233.7242322927355,2234067.4084247923,10.0,15000,0.55,120000,341.4238356108908,1203.61084065496,1386248.2037096734,10.0,35000,0.78,120000
862,-0.0133803009350005,-0.0074584298536314,-0.0052998749634759,-0.00543982037481,-0.0377717387560059,-0.0049876558942184,-0.0254070699970114,-0.0049651079779836,-0.0132382855918653,-0.0056366620285591,340.11187592460675,1191.079761955726,1349117.9913400782,10.0,35000,0.78,25000,390.03569647437376,1352.4358614999987,3424807.8574208696,15.0,0.0,0.0,120000,365.3714127543418,1233.79759392041,2233160.283986479,10.0,15000,0.55,120000,341.47158893043036,1202.795029782277,1384942.0211411905,10.0,35000,0.78,120000
863,-0.0134673394354965,-0.0075248041149055,-0.0053599047558572,-0.0054776962564471,-0.0379348512780623,-0.0049908917170249,-0.0255253446016006,-0.0049991046643499,-0.0133193805191235,-0.0056598106287031,340.2687786543526,1191.1155438616597,1349336.3684802938,10.0,35000,0.78,25000,389.98849384843857,1353.5557544422895,3426025.711626468,15.0,0.0,0.0,120000,365.31768308071565,1233.9743829788592,2236549.846333298,10.0,15000,0.55,120000,341.46931398058575,1202.4580021041486,1382460.2456318755,10.0,35000,0.78,120000
864,-0.0135153497620017,-0.0075371232709079,-0.0053802941058864,-0.0055135463046802,-0.0381018861251546,-0.0050336077630601,-0.0256313540220191,-0.0050416329412124,-0.013390701247884,-0.0056987866375932,340.13377461383493,1191.5831369834148,1349531.6340563719,10.0,35000,0.78,25000,390.02447593570713,1353.8161270599903,3422709.651132433,15.0,0.0,0.0,120000,365.4449615535283,1234.1967440220078,2233526.156923476,10.0,15000,0.55,120000,341.4695303750412,1204.2242388376471,1384095.6024156667,10.0,35000,0.78,120000
865,-0.0135828486692401,-0.0075786853210837,-0.0053914724256071,-0.005576503843718,-0.0382637291879555,-0.0050578869265937,-0.0257427256997217,-0.00506172643723,-0.0134323836001935,-0.0057509667133186,340.2261459153225,1192.6790925124242,1348747.6645398228,10.0,35000,0.78,25000,390.0125170466461,1353.5771249135162,3423469.761709181,15.0,0.0,0.0,120000,365.4119720699566,1234.2756511318903,2232540.7528847554,10.0,15000,0.55,120000,341.51344377276905,1205.055214003575,1383193.5515866904,10.0,35000,0.78,120000
866,-0.013652965920739,-0.0076008298508653,-0.0054626176280016,-0.0056350855114178,-0.0384067864608591,-0.0050766931605728,-0.0258439598540997,-0.0050839300792821,-0.0134716046850013,-0.005769279748335,340.2812983971421,1192.2921247377403,1348829.5928250575,10.0,35000,0.78,25000,390.0910728861913,1354.5478986328137,3421789.226996052,15.0,0.0,0.0,120000,365.49196199838485,1235.555926800759,2232220.2543398063,10.0,15000,0.55,120000,341.55842593733394,1205.2281556316962,1382830.8843115843,10.0,35000,0.78,120000
867,-0.0137291724188845,-0.0076445389596625,-0.0054710646112166,-0.0056667143793829,-0.038567446690001,-0.0050835971236166,-0.0259365959787679,-0.0051038962931445,-0.0135396818537071,-0.0057989604673182,340.3257478422892,1193.0824972016858,1348301.7457562173,10.0,35000,0.78,25000,390.0650993704102,1354.7396189603419,3422885.800426562,15.0,0.0,0.0,120000,365.479301954876,1234.9452970154362,2232515.642275482,10.0,15000,0.55,120000,341.5759157017065,1205.6744137247997,1383322.8261528073,10.0,35000,0.78,120000
868,-0.0138227747489346,-0.0076847899154275,-0.0054957371250694,-0.0057031016477715,-0.0387412099351094,-0.0051534533523186,-0.0260727586711355,-0.0051068100092043,-0.0136069635616191,-0.0058122740983158,340.23814875164686,1192.8464474719867,1348199.5044951125,10.0,35000,0.78,25000,390.04179647965753,1354.3494246833595,3421210.6360088056,15.0,0.0,0.0,120000,365.55049550397075,1235.8901090075617,2230443.44147151,10.0,15000,0.55,120000,341.62119491534634,1205.8860957869895,1383548.6631436204,10.0,35000,0.78,120000
869,-0.0139140026207388,-0.007748193964351,-0.0055152559718825,-0.0057153248901286,-0.0389191174855322,-0.005196526460681,-0.0261740854819466,-0.005135016148439,-0.0136717345674764,-0.0058448528031892,340.3547998523542,1193.8329180741857,1348041.7300359192,10.0,35000,0.78,25000,390.1146004097195,1355.673518516045,3420823.907598048,15.0,0.0,0.0,120000,365.5444114485629,1236.4325631218283,2230888.2064899714,10.0,15000,0.55,120000,341.60873113843763,1206.336691708652,1383731.276619421,10.0,35000,0.78,120000
870,-0.0139831765122105,-0.0077780269959105,-0.0056032322404371,-0.0057493377433508,-0.0390800788987059,-0.0052168824465714,-0.0262627423353294,-0.005143122529881,-0.0137128007373332,-0.0058893920666114,340.369863466328,1194.2011136515507,1347721.0792677433,10.0,35000,0.78,25000,390.0719237082707,1356.2060859232454,3421037.9888523817,15.0,0.0,0.0,120000,365.54151790095585,1236.37285696838,2230587.9359436347,10.0,15000,0.55,120000,341.651004406821,1205.5273300039655,1383152.9277079834,10.0,35000,0.78,120000
871,-0.0140310235460588,-0.0078042993052893,-0.0056551475579137,-0.0057935758894173,-0.0392303059756305,-0.0052227459056609,-0.0263676451271318,-0.0051531683665382,-0.0137675001471574,-0.0059259206171976,340.31061426968563,1194.439195003963,1348543.1419949832,10.0,35000,0.78,25000,390.0322981195662,1356.4337452512596,3420174.9858532655,15.0,0.0,0.0,120000,365.5199686620418,1237.2692068177926,2231564.774097293,10.0,15000,0.55,120000,341.7434889523924,1206.5348151322823,1383574.8187998624,10.0,35000,0.78,120000
872,-0.0141232759970723,-0.0078160898437526,-0.0056878023037135,-0.0058391207866736,-0.0394219856768338,-0.0052459779702505,-0.0264584470366841,-0.0051814437394742,-0.0138113672549207,-0.0059704604394537,340.26391447420946,1194.5008113109511,1347562.3503150619,10.0,35000,0.78,25000,390.18300957746794,1357.671019525218,3419687.045029925,15.0,0.0,0.0,120000,365.60238187230226,1237.5516359211717,2229789.364775313,10.0,15000,0.55,120000,341.717035852044,1207.2068028968583,1380215.3460914188,10.0,35000,0.78,120000
873,-0.0142071386557032,-0.0079087853362767,-0.0056968253937235,-0.005876607383699,-0.0395798170019134,-0.0052549433706797,-0.0265906075572738,-0.0051927019132219,-0.0138506764001927,-0.0059769930464484,340.3372512830531,1195.2624859234404,1347102.3401634248,10.0,35000,0.78,25000,390.124583530884,1358.031251149704,3420301.824039444,15.0,0.0,0.0,120000,365.5619729674885,1237.395846561142,2229641.1955116345,10.0,15000,0.55,120000,341.70124674455326,1208.2087675437792,1383877.312621625,10.0,35000,0.78,120000
874,-0.014286944793055,-0.007962198291655,-0.005738944955994,-0.0058860031021306,-0.0397709423402642,-0.0052596697443218,-0.0267130550424604,-0.0052211141196601,-0.0139381946152752,-0.0060200488470201,340.425807725124,1195.7606275227818,1347723.8368950777,10.0,35000,0.78,25000,390.1538262977353,1358.2634305034492,3420824.4907334577,15.0,0.0,0.0,120000,365.551326273222,1238.748277940846,2230311.657667803,10.0,15000,0.55,120000,341.7087911479352,1206.8336915522873,1379403.5626433895,10.0,35000,0.78,120000
875,-0.0143987814492613,-0.0080334815146393,-0.005767588443766,-0.0058996166428895,-0.0399323311591484,-0.0052687698094798,-0.0268467001015024,-0.005260886347738,-0.0139928678794826,-0.0060326823527032,340.487923463571,1196.1955163919272,1347592.9261785808,10.0,35000,0.78,25000,390.2121257058027,1358.9131310101184,3418924.4079323537,15.0,0.0,0.0,120000,365.6328432124944,1238.8390309022006,2226471.4667979823,10.0,15000,0.55,120000,341.61793125633454,1208.050277807176,1382544.4351134046,10.0,35000,0.78,120000
876,-0.0144579376631609,-0.0080572571727657,-0.0057904101978888,-0.0059201687245034,-0.040131638020242,-0.0053028333517185,-0.0269435227879129,-0.0052652344898908,-0.014049009927209,-0.0060859594740038,340.488765488902,1196.2086241298623,1347070.450471512,10.0,35000,0.78,25000,390.27650952457003,1358.7802868257468,3417788.2166326214,15.0,0.0,0.0,120000,365.6823692821401,1239.3675410954515,2227984.990735339,10.0,15000,0.55,120000,341.73536386565354,1208.3488854429718,1382677.2252226868,10.0,35000,0.78,120000
877,-0.0145201987651204,-0.0080790795521693,-0.0058304020133803,-0.005947044378706,-0.0402824440852001,-0.0053285302033087,-0.0270597705569873,-0.0052744087736621,-0.014154882255222,-0.0061142873843686,340.49723989055286,1196.1712827677802,1346941.5897468156,10.0,35000,0.78,25000,390.2086807843285,1360.4748731524005,3416929.877379088,15.0,0.0,0.0,120000,365.5940700030451,1239.6277423258277,2228017.431840472,10.0,15000,0.55,120000,341.7407916549886,1208.8938096364946,1381278.6525818256,10.0,35000,0.78,120000
878,-0.0146298989739976,-0.0081208229745537,-0.0058579040529977,-0.0059635996994748,-0.0404255146835258,-0.005339025800129,-0.0271641222959778,-0.0052860094303616,-0.014201364092646,-0.0061724540836849,340.53872949998134,1197.6588024545892,1346663.9813359028,10.0,35000,0.78,25000,390.20175875969863,1360.5516488916467,3415582.8097312,15.0,0.0,0.0,120000,365.6209030167476,1239.972293864224,2227757.4207158815,10.0,15000,0.55,120000,341.886281901662,1208.7558100451313,1380838.015305135,10.0,35000,0.78,120000
879,-0.0147532908682637,-0.0081556204450385,-0.0059045718010495,-0.0060126371591251,-0.0405994154633879,-0.0053529911822732,-0.0272778769510832,-0.0053662507382448,-0.0142471737225564,-0.0061968045557079,340.45962802818036,1198.1595810694369,1347388.1454578447,10.0,35000,0.78,25000,390.2668314289062,1359.8615484072968,3416679.001762285,15.0,0.0,0.0,120000,365.66781086186313,1240.5329558429753,2225168.705671943,10.0,15000,0.55,120000,341.81816135728906,1210.340080871727,1381600.6334489635,10.0,35000,0.78,120000
880,-0.0148536219759111,-0.0081761841079475,-0.0059187223450436,-0.0060200705185024,-0.0407647120171522,-0.0054109583924601,-0.0273795449672296,-0.0054109655017777,-0.014297779732271,-0.0062085846499484,340.5456306772001,1198.0317729020899,1347019.8163927775,10.0,35000,0.78,25000,390.3696655147951,1360.914498102784,3413675.5650153668,15.0,0.0,0.0,120000,365.7170295862195,1239.5393599816503,2226923.722506112,10.0,15000,0.55,120000,341.694220073182,1210.2699951463267,1380843.7325209351,10.0,35000,0.78,120000
881,-0.0149250589853522,-0.0082398612588496,-0.0059730252682953,-0.0060754324860089,-0.0409206558318907,-0.0054269770209722,-0.0274873222009255,-0.0054393053828934,-0.01435970159031,-0.0062269513546597,340.57243812620925,1198.049262170379,1345847.1151633468,10.0,35000,0.78,25000,390.3068550229819,1360.9646733476213,3416178.4706789986,15.0,0.0,0.0,120000,365.72697687064874,1239.6329516859207,2224721.8976649544,10.0,15000,0.55,120000,341.8221540607303,1210.3307948632548,1379446.815110363,10.0,35000,0.78,120000
882,-0.0149820725492875,-0.0082520660905094,-0.0060381814155401,-0.0060828174341393,-0.0410922617814637,-0.0054474492367389,-0.0275960822531392,-0.0054597443886413,-0.0144148187738116,-0.0062880056324403,340.5891286895541,1199.7223878299394,1346049.2976314165,10.0,35000,0.78,25000,390.3516551288726,1362.1500522991284,3413459.778072013,15.0,0.0,0.0,120000,365.71743180643983,1241.2865714142101,2226834.024276366,10.0,15000,0.55,120000,341.90533957906865,1210.0379864129668,1378969.5791675004,10.0,35000,0.78,120000
883,-0.0150594483780757,-0.008305125600302,-0.006055417377672,-0.0060998256245949,-0.0412644566511598,-0.0054716925952951,-0.0277043619270183,-0.0054772377256978,-0.0144787500746825,-0.0063104589428156,340.51577789655846,1198.6928202551926,1346073.426153066,10.0,35000,0.78,25000,390.4028394531476,1362.74130749228,3414846.535318327,15.0,0.0,0.0,120000,365.7008290455079,1242.4509658613954,2225669.8260695376,10.0,15000,0.55,120000,341.93561989035453,1210.9672972884923,1379412.3570597852,10.0,35000,0.78,120000
884,-0.0151155396554263,-0.0083597173376384,-0.0060665367528618,-0.0061314882023898,-0.0414182376358611,-0.0054748432613699,-0.0278440451072002,-0.0055208077363048,-0.0145290804079712,-0.0063178348569367,340.59484666781384,1198.7317132563282,1345665.0332983823,10.0,35000,0.78,25000,390.36015308757834,1363.1362449131118,3414651.431013398,15.0,0.0,0.0,120000,365.8031516028116,1243.3698911814165,2226229.9735197667,10.0,15000,0.55,120000,341.94379682618325,1211.5856701331077,1378668.0107818458,10.0,35000,0.78,120000
885,-0.0151811055438668,-0.0083933251934957,-0.0060837891809748,-0.0061839673528166,-0.0415647984966847,-0.0054823492654747,-0.0279564970574189,-0.0055483950916655,-0.0145916822341707,-0.0063591657197394,340.67998425162784,1199.9616785220614,1346130.4735556322,10.0,35000,0.78,25000,390.4380136905645,1363.6058038126016,3411731.38287713,15.0,0.0,0.0,120000,365.843999151554,1241.7581456109683,2224336.23842094,10.0,15000,0.55,120000,341.90915942219283,1210.8191664614199,1380144.6719332833,10.0,35000,0.78,120000
886,-0.0152620044607851,-0.0084057948016594,-0.0061050560736199,-0.0062102578466397,-0.0417714161732974,-0.0055098616564591,-0.0280528806683483,-0.0055674752677719,-0.0146467197422286,-0.0064090650628885,340.8548391924166,1200.3345858992832,1345556.078298251,10.0,35000,0.78,25000,390.3773442826936,1365.0244115963,3412847.2244454767,15.0,0.0,0.0,120000,365.79431001175556,1242.8959347292723,2224126.925962926,10.0,15000,0.55,120000,341.88977120522173,1212.741596978207,1378978.3557633713,10.0,35000,0.78,120000
887,-0.0153510031635897,-0.0084181637339768,-0.0061283592309841,-0.0062298136215877,-0.0419182673321465,-0.0055284147587605,-0.0281728894021716,-0.0056228357685667,-0.0147138428849659,-0.0064710743184269,340.68610286993686,1201.9033339126856,1345776.6362997913,10.0,35000,0.78,25000,390.4361938743474,1363.6062185271246,3411686.8566707494,15.0,0.0,0.0,120000,365.75599806123176,1244.3446884791954,2225340.7087799544,10.0,15000,0.55,120000,342.00161598919345,1213.2669690274497,1379140.155025712,10.0,35000,0.78,120000
888,-0.015406906557467,-0.0084334882760997,-0.0061694971896217,-0.0062496238824763,-0.0420690912739914,-0.0055566914040921,-0.0282655015273741,-0.0056578097314712,-0.0147656407938091,-0.0065149981741657,340.7463953084431,1201.4500604473226,1345489.6203806822,10.0,35000,0.78,25000,390.4150821791831,1365.421627424526,3411881.987505479,15.0,0.0,0.0,120000,365.81618374766043,1244.3152690182055,2224160.66511804,10.0,15000,0.55,120000,341.99147624920664,1213.5948043156438,1378899.220813521,10.0,35000,0.78,120000
889,-0.0154766120915451,-0.0084541146510552,-0.006188000210192,-0.0062835341466982,-0.042232336944825,-0.0055624291593392,-0.0284119150375307,-0.0056831922150146,-0.0148102429637514,-0.0065859102323987,340.75718084335995,1201.2981120746315,1345058.2746463516,10.0,35000,0.78,25000,390.49789865489697,1364.7064517732326,3409379.375098521,15.0,0.0,0.0,120000,365.8826459570379,1244.5112344796762,2224016.8329847134,10.0,15000,0.55,120000,342.05742949310303,1213.0052704715497,1378843.782585152,10.0,35000,0.78,120000
890,-0.0155610478457192,-0.0084745819929051,-0.0062358607916593,-0.0063019135794725,-0.0423771477990089,-0.0055713128306311,-0.0285111675885869,-0.0057177693721123,-0.0148630244816966,-0.0066274181991356,340.77843480236027,1202.135540017872,1344919.422340216,10.0,35000,0.78,25000,390.4940543961107,1364.8138920612157,3410589.082783752,15.0,0.0,0.0,120000,365.9307589366295,1244.7057803204304,2222675.7450134805,10.0,15000,0.55,120000,342.1498359247699,1213.1632215680388,1380651.7023335237,10.0,35000,0.78,120000
891,-0.0156681963515158,-0.008562062900807,-0.0062755059721057,-0.0063325831984367,-0.0425232356561048,-0.0055821898971013,-0.0286175360732777,-0.0057705527994668,-0.0149460883077724,-0.0067006281368108,340.8722774748352,1203.3331963127546,1344080.2013625696,10.0,35000,0.78,25000,390.43574262813974,1365.9411231058261,3411670.391531958,15.0,0.0,0.0,120000,365.7574300317745,1245.4753535218065,2222089.850159923,10.0,15000,0.55,120000,342.12515129677905,1214.3752235916622,1379600.6333775525,10.0,35000,0.78,120000
892,-0.015764074020957,-0.0085990354646871,-0.0062950373065213,-0.0063448205540474,-0.0427006894028509,-0.0055872097225091,-0.028707993880929,-0.0058010210637586,-0.0149862763408041,-0.0067425796191631,340.95144771284396,1203.076778315141,1345036.360548689,10.0,35000,0.78,25000,390.523089481359,1365.8775845845457,3408180.7049299367,15.0,0.0,0.0,120000,365.8930058206216,1245.715234395437,2222736.617350114,10.0,15000,0.55,120000,342.0675597688755,1215.2869919097438,1379768.5607619507,10.0,35000,0.78,120000
893,-0.0158161979654044,-0.0086628755209288,-0.0063331267496413,-0.0063514696603959,-0.0428607196708964,-0.0056440460198437,-0.0288069041345233,-0.005805142303418,-0.0150305844240308,-0.0067517917691026,340.8713513009201,1203.0950448853098,1345162.567427516,10.0,35000,0.78,25000,390.5627797245736,1366.7337216661174,3409143.0335165057,15.0,0.0,0.0,120000,365.9234741161755,1246.6620949414769,2222454.1618929813,10.0,15000,0.55,120000,342.1897088810306,1214.6613156916783,1378288.5674175464,10.0,35000,0.78,120000
894,-0.0158702050698544,-0.0086859232691354,-0.0063427738456718,-0.0064010616649113,-0.0430344326425778,-0.0056519070471991,-0.0289084604506512,-0.0058253120961522,-0.0150722844359112,-0.0067695383909356,340.9050993373985,1204.0821931862142,1344272.4862457085,10.0,35000,0.78,25000,390.60050446079623,1367.9209541059292,3407852.568706135,15.0,0.0,0.0,120000,365.95283003862465,1247.0126351306678,2222634.9853195753,10.0,15000,0.55,120000,342.0751304155604,1215.0241015253869,1377003.7729199843,10.0,35000,0.78,120000
895,-0.0103038954543329,-0.0055862323567714,-0.0038697588631327,-0.0039653449864139,-0.0297925532003123,-0.0036200319909262,-0.0193491936509687,-0.0037246773620181,-0.0099547725136589,-0.0043856181705801,338.9916615669148,1171.9225501536826,1356463.0260562035,10.0,35000,0.78,25000,389.02426885058514,1330.278694326276,3453219.00886702,15.0,0.0,0.0,120000,364.6192340586993,1212.4952282929014,2254165.6397392354,10.0,15000,0.55,120000,340.53596080615296,1186.6857694251803,1396698.3706845762,10.0,35000,0.78,120000
896,-0.0105407847199675,-0.0056551419542455,-0.0039488419115704,-0.0039830138863706,-0.030578575378459,-0.0036603418153947,-0.0198512258256815,-0.0037357208011321,-0.0101518562948414,-0.004411926972773,339.13638376760537,1173.4107748695246,1355226.820932641,10.0,35000,0.78,25000,389.17452717351574,1332.7752667904003,3450091.903566026,15.0,0.0,0.0,120000,364.76298705878935,1215.3006374023937,2253488.4532931815,10.0,15000,0.55,120000,340.5390365214778,1189.007463183983,1396141.4264111214,10.0,35000,0.78,120000
897,-0.0106687926714261,-0.0056898262023061,-0.0039679871949305,-0.0040163416174517,-0.0309880304961439,-0.0037038833616025,-0.0201285411995829,-0.0037634247393152,-0.0102542957630083,-0.0044227700059984,339.1539568775602,1174.3628350847505,1355374.4233535535,10.0,35000,0.78,25000,389.2672685660856,1333.116705574374,3448809.360691825,15.0,0.0,0.0,120000,364.76971328916267,1214.530322659731,2253754.938133217,10.0,15000,0.55,120000,340.6677969633453,1189.002910569878,1396435.431650688,10.0,35000,0.78,120000
898,-0.0107392815127563,-0.0057265192556802,-0.0039795217225,-0.0040264939220618,-0.0312000742531353,-0.0037297916635098,-0.0202620702807992,-0.0037929947182125,-0.0103196087093827,-0.0044583130912808,339.04382418072083,1174.8369511726266,1354782.5004082941,10.0,35000,0.78,25000,389.2822350707464,1334.2814583010104,3449355.938475955,15.0,0.0,0.0,120000,364.8676769641904,1216.6027968084902,2253484.6917318064,10.0,15000,0.55,120000,340.66683933984757,1189.2142120086996,1394662.6993522476,10.0,35000,0.78,120000
899,-0.0107956484306296,-0.0058014260081357,-0.0039914400963374,-0.0040330995988755,-0.0313634987287124,-0.0037458133819481,-0.0203631735072137,-0.0038211025361671,-0.0103903454766133,-0.0044656721872277,339.1052014311745,1174.2324387746958,1354923.9779118707,10.0,35000,0.78,25000,389.2141788950136,1335.3285899857187,3448057.6920550764,15.0,0.0,0.0,120000,364.81088117644174,1216.1184640959232,2251478.1896740035,10.0,15000,0.55,120000,340.70074256207283,1189.0259530472636,1394786.449890575,10.0,35000,0.78,120000
900,-0.0108836823953425,-0.0058142278230843,-0.0039981781771579,-0.0040586712555923,-0.0315432589671761,-0.0037727023893266,-0.0204752156237158,-0.0038425789873095,-0.0104775992912676,-0.0045296783651831,339.2040123607351,1175.6690314861705,1354575.8440838642,10.0,35000,0.78,25000,389.22159683665325,1333.6040988105747,3447770.1622436065,15.0,0.0,0.0,120000,364.75918153829866,1217.7190428236622,2252064.0754193454,10.0,15000,0.55,120000,340.657332350623,1189.9209764094483,1393306.968590106,10.0,35000,0.78,120000
901,-0.0109604065663116,-0.0058844990391493,-0.0040213816659872,-0.0040833654405098,-0.0317178188287357,-0.0038134051584575,-0.0205965511347722,-0.003874858761652,-0.010524597988189,-0.0045591262651831,339.26328374190945,1175.6362161850543,1354214.5597937312,10.0,35000,0.78,25000,389.29251785122193,1335.3378426154663,3447868.191606629,15.0,0.0,0.0,120000,364.86945858698306,1217.319510178144,2250248.194738508,10.0,15000,0.55,120000,340.7607687047271,1190.2079759033309,1394448.9981448548,10.0,35000,0.78,120000
902,-0.0110189522656151,-0.0059252240469441,-0.0040460304690443,-0.0041012852871665,-0.0318641064972096,-0.0038347942937988,-0.0207603702719464,-0.0039132412475481,-0.0105858065999831,-0.0045934047425655,339.30762573440114,1175.6845126137166,1354065.445399665,10.0,35000,0.78,25000,389.46220156129056,1335.756691275262,3447984.2138668145,15.0,0.0,0.0,120000,364.82163408001617,1217.636678452374,2249840.5045588524,10.0,15000,0.55,120000,340.7704999906669,1191.3907821976277,1394720.940345474,10.0,35000,0.78,120000
903,-0.0111254353598727,-0.0059481004799272,-0.0040750391701733,-0.0041282787774252,-0.0320590468683901,-0.0038680251890174,-0.0208499800374129,-0.0039633668618404,-0.0106409689119551,-0.0046189574835037,339.2878338907353,1176.6670651669713,1354405.1094580838,10.0,35000,0.78,25000,389.4222358648069,1334.8761654339878,3445533.680970751,15.0,0.0,0.0,120000,364.83087808584014,1217.6939100309246,2251076.8669694085,10.0,15000,0.55,120000,340.7136086983375,1190.3815878275393,1393175.584142508,10.0,35000,0.78,120000
904,-0.0111868275098812,-0.0059674782197327,-0.004097331196655,-0.0041354235018701,-0.0322134425707006,-0.0038894139444227,-0.0209566531250325,-0.0040035051645809,-0.010707047788069,-0.0046589607754599,339.3160986357132,1176.3084494700643,1354450.5250748885,10.0,35000,0.78,25000,389.4180735658634,1337.3760685067439,3446016.5392193682,15.0,0.0,0.0,120000,364.9118891834027,1219.0843310943378,2248887.130022936,10.0,15000,0.55,120000,340.7865970687686,1191.1878735648424,1392885.2802324726,10.0,35000,0.78,120000
905,-0.0112747849285472,-0.0060664365666657,-0.0041445786827382,-0.0041834784049231,-0.0323702596720834,-0.0039301001063026,-0.0210518065660487,-0.0040444790585733,-0.0108178760992557,-0.0047393368432316,339.33830006394567,1177.138344802312,1353573.7921827298,10.0,35000,0.78,25000,389.4372781853323,1336.6827024884547,3444038.023422826,15.0,0.0,0.0,120000,364.89755711794595,1219.22001753955,2246465.0263510137,10.0,15000,0.55,120000,340.7229127745904,1191.9052055899024,1392552.0632014133,10.0,35000,0.78,120000
906,-0.0113543425866422,-0.0060804663077636,-0.0041812668696804,-0.0041972810451519,-0.032522666377124,-0.0039358772109533,-0.0212031135014814,-0.0040532337261884,-0.0108581049828051,-0.0047855846418061,339.35506851838846,1177.2460340634598,1353957.0892099016,10.0,35000,0.78,25000,389.3930697182673,1337.147202101235,3443916.475252732,15.0,0.0,0.0,120000,364.9410448259453,1218.8940878435656,2250102.8056020336,10.0,15000,0.55,120000,340.80551967871014,1191.8024987214908,1393095.9747402745,10.0,35000,0.78,120000
907,-0.011403691863301,-0.0061045700009241,-0.0042352775321613,-0.004250398758981,-0.0326731030787211,-0.0039676405529167,-0.0213007919183237,-0.0040704576248377,-0.0109085173053337,-0.0048232677977842,339.4403086808282,1178.6047177256314,1353824.4269576592,10.0,35000,0.78,25000,389.44004326909004,1337.328972568557,3444181.848261908,15.0,0.0,0.0,120000,364.89963239095977,1220.0534096805648,2250532.7245634506,10.0,15000,0.55,120000,340.802949960626,1192.4317645560752,1391573.6462145634,10.0,35000,0.78,120000
908,-0.0114541869552095,-0.0061596479547291,-0.00429293729784,-0.004290324752263,-0.0328503734794456,-0.0039895830675751,-0.0214286921125853,-0.0041084489486373,-0.0109515210482778,-0.0048459616519371,339.4177359139887,1177.1794189976845,1353736.5068383224,10.0,35000,0.78,25000,389.4587628754632,1338.6276496342432,3444023.4317872324,15.0,0.0,0.0,120000,364.93353198018355,1219.5383387969976,2247280.573297967,10.0,15000,0.55,120000,340.77497537349075,1191.8068851068404,1389972.4375555406,10.0,35000,0.78,120000
909,-0.0115053869000182,-0.0061757908944552,-0.0043181792944623,-0.004331148845941,-0.0329990904122806,-0.0040014389400601,-0.0215408578833435,-0.0041684911895181,-0.0109959036759233,-0.0048781207982318,339.35015576634987,1178.9016281132092,1353617.8138647566,10.0,35000,0.78,25000,389.4383510094911,1338.9922281932336,3442821.172735264,15.0,0.0,0.0,120000,365.0267862667539,1220.0278652291615,2248303.9955618316,10.0,15000,0.55,120000,340.8739859413768,1192.3529317245195,1394023.854456119,10.0,35000,0.78,120000
910,-0.011559292515352,-0.0062491813333974,-0.0043550187053753,-0.004366146113827,-0.0331390471277247,-0.0040416394267576,-0.0216299811072548,-0.0042006445965964,-0.0111058236455578,-0.0048851784974618,339.3661547197411,1179.050031621606,1354013.7696452434,10.0,35000,0.78,25000,389.4866973188926,1338.7228891162144,3443766.1089618183,15.0,0.0,0.0,120000,364.94101772092137,1221.5881980679942,2246184.567471197,10.0,15000,0.55,120000,340.92090053707125,1191.9528220162538,1391618.013807124,10.0,35000,0.78,120000
911,-0.0116209379461378,-0.0063026482270481,-0.0043816059720635,-0.0043718544541593,-0.0333287472339157,-0.0040522680885338,-0.0217599190742674,-0.0042181804168879,-0.0111635573604752,-0.0049379159034049,339.41259054809575,1179.1889682639267,1352239.0457570646,10.0,35000,0.78,25000,389.4610603457359,1338.7949003299868,3442435.330151013,15.0,0.0,0.0,120000,364.99466546057124,1220.850742842817,2247552.8966621347,10.0,15000,0.55,120000,340.97434289112925,1192.5098398581877,1392977.6979503697,10.0,35000,0.78,120000
912,-0.0116859855973109,-0.0063587133959981,-0.0043921540914508,-0.0043828004646451,-0.0335279785718739,-0.0040721571776495,-0.021863543248828,-0.0042359582476415,-0.011226168746227,-0.0049748108459567,339.36573333395324,1179.290479204647,1353187.3324223468,10.0,35000,0.78,25000,389.52844319877846,1339.9849132098575,3438353.596011814,15.0,0.0,0.0,120000,365.0612084070038,1221.7923389341197,2246413.45838852,10.0,15000,0.55,120000,341.0126671873762,1193.9045704313528,1392084.5447866807,10.0,35000,0.78,120000
913,-0.0117564264392012,-0.0063865117213999,-0.0044391643446262,-0.0043945760858117,-0.0336907956464602,-0.004093962259753,-0.0219864834543153,-0.0042572854407916,-0.0112673470997517,-0.0050225141619953,339.438708900558,1180.485057836469,1352496.8562312291,10.0,35000,0.78,25000,389.5949883713543,1340.7513073936009,3441203.34950031,15.0,0.0,0.0,120000,364.9556435562035,1222.7551401886155,2245791.7306392887,10.0,15000,0.55,120000,340.96005132587624,1194.1718492201883,1393998.6302816928,10.0,35000,0.78,120000
914,-0.0118417919505707,-0.0064215488230761,-0.0044808942828901,-0.0044426097582612,-0.033849196087117,-0.0041231514905855,-0.022079009091997,-0.0042727056510068,-0.011337193428929,-0.0050306639522513,339.43440555683264,1180.8959546915708,1352046.4404584297,10.0,35000,0.78,25000,389.452387044199,1341.4666963758787,3438715.0565196974,15.0,0.0,0.0,120000,365.0233557986685,1223.7006764803248,2247411.327954633,10.0,15000,0.55,120000,340.91052567452493,1194.1945433082954,1391358.4293432287,10.0,35000,0.78,120000
915,-0.0119080759484111,-0.0064402474780989,-0.0045221835530637,-0.0044581024029571,-0.0340079487552849,-0.0041827253029097,-0.0222131010180706,-0.0043282090908364,-0.0113864944391515,-0.0050554179038273,339.5099279226089,1181.1172360725152,1351465.1992464236,10.0,35000,0.78,25000,389.4963684678253,1342.0400953434228,3440281.4189271512,15.0,0.0,0.0,120000,364.94904114466806,1222.8308450871173,2243590.771874415,10.0,15000,0.55,120000,340.9817728388656,1194.8042079548284,1392484.4747644807,10.0,35000,0.78,120000
916,-0.0120221223233376,-0.0064640085637889,-0.0045706537814872,-0.0044807712036103,-0.0341520839085355,-0.0042262259682824,-0.0223410053797459,-0.0043348370717723,-0.0114595376323322,-0.0050792963731214,339.45025121892616,1180.7386684580656,1352959.58311261,10.0,35000,0.78,25000,389.58717070882335,1342.3361026431655,3440121.8320616893,15.0,0.0,0.0,120000,365.009834780339,1223.4699851281105,2244607.4483693093,10.0,15000,0.55,120000,341.022749067491,1196.3505754316363,1390455.485670041,10.0,35000,0.78,120000
917,-0.0120799876001532,-0.0065134655939104,-0.0046093017882012,-0.0045300818365918,-0.034301477565481,-0.0042803914121668,-0.0224332056218553,-0.0043713025430531,-0.0114984313754194,-0.0050851563893288,339.6248097055602,1181.6578945748279,1352395.1354471205,10.0,35000,0.78,25000,389.5599387204302,1342.9764014570496,3439570.9915847005,15.0,0.0,0.0,120000,365.10091848304904,1224.2045742424307,2245916.5597491018,10.0,15000,0.55,120000,341.0536881494597,1195.3701265078867,1389544.026061063,10.0,35000,0.78,120000
918,-0.0121399854218894,-0.0065860530620037,-0.0046360585716135,-0.0045590710871445,-0.034472525448283,-0.0042985030992855,-0.0225236127281628,-0.0044010566049588,-0.0115544941700807,-0.0050999471723788,339.61375167991486,1181.8145480137703,1351925.4424357612,10.0,35000,0.78,25000,389.66749458429763,1342.1627905127382,3438621.769235594,15.0,0.0,0.0,120000,365.1310473144159,1225.1330300294264,2242939.3314109887,10.0,15000,0.55,120000,340.99711403133193,1195.272516014,1390140.264193657,10.0,35000,0.78,120000
919,-0.0122219941149978,-0.0066073403084115,-0.0046593168220919,-0.0045691192093261,-0.0346233074071471,-0.0043197004593876,-0.0226446141648361,-0.0044299953978729,-0.0115939837818956,-0.0051069938045511,339.55094266554283,1181.9300940519097,1351923.545309618,10.0,35000,0.78,25000,389.5961498769628,1343.0434990440865,3437635.7221768587,15.0,0.0,0.0,120000,365.0985597839332,1225.030952530632,2243204.849441594,10.0,15000,0.55,120000,341.07228295508037,1195.414517612287,1390806.971007445,10.0,35000,0.78,120000
920,-0.0122755955949988,-0.0066544574960497,-0.0047082781967012,-0.0045828843465605,-0.0347621935425113,-0.0043618566326647,-0.0227558722669537,-0.0044475224597172,-0.0116617698196086,-0.00511416571817,339.6909117358417,1182.9390369886796,1352092.9230319674,10.0,35000,0.78,25000,389.6338407845147,1343.2062356154304,3436393.586169547,15.0,0.0,0.0,120000,365.0687153770113,1226.009678059956,2243081.565065248,10.0,15000,0.55,120000,341.0143736634007,1197.1632824579503,1391597.9228019605,10.0,35000,0.78,120000
921,-0.0123592541227834,-0.0066883049391091,-0.0047551302717966,-0.0046065239705617,-0.0349054437371692,-0.0043679190259669,-0.0228818061625214,-0.0044582756230204,-0.0117263410201671,-0.0051288503090195,339.6243136364734,1182.4699932295705,1351115.101188737,10.0,35000,0.78,25000,389.54238132883637,1342.9698684499533,3436021.0926278485,15.0,0.0,0.0,120000,365.175533080277,1225.5018927105702,2243067.3636800363,10.0,15000,0.55,120000,341.0702581504883,1197.2521533772328,1390580.1565360406,10.0,35000,0.78,120000
922,-0.0124500577237755,-0.0067513199155044,-0.0047862259446388,-0.0046808501387412,-0.0350860741907211,-0.0044322056577893,-0.0230041660482931,-0.0044749423572131,-0.0117999020805771,-0.005196574053177,339.65070182945635,1183.4743935184326,1351028.2963738416,10.0,35000,0.78,25000,389.670425702883,1345.1737732668707,3437750.3779606605,15.0,0.0,0.0,120000,365.2072295322083,1225.2549072451147,2242193.3603298175,10.0,15000,0.55,120000,341.1131657283529,1196.313274723315,1387477.4172303665,10.0,35000,0.78,120000
923,-0.0125287386670912,-0.0067877886262089,-0.0047951849856021,-0.0047318383626696,-0.0352284920882095,-0.0044380208745224,-0.0231298436079302,-0.0045049393486448,-0.0118515145540649,-0.0052212686445932,339.6477475452246,1183.5333025512043,1350827.6439416953,10.0,35000,0.78,25000,389.6551870592767,1345.0764927199784,3436260.221450104,15.0,0.0,0.0,120000,365.19760420107536,1226.5182123833424,2240761.9422752475,10.0,15000,0.55,120000,341.1604659727086,1197.1152480217077,1389071.979938554,10.0,35000,0.78,120000
924,-0.0126418549991899,-0.0068540722360337,-0.0048483524195438,-0.0047515224438482,-0.0353775973419242,-0.0044677225485892,-0.0232354641159103,-0.0045442447391289,-0.0119048258505333,-0.0052871459525296,339.6988003157863,1184.3667964404258,1351629.3545618833,10.0,35000,0.78,25000,389.7544799702074,1345.1113187109825,3434320.946107291,15.0,0.0,0.0,120000,365.2055224270916,1226.9436101478,2239985.6784665557,10.0,15000,0.55,120000,341.1898630767935,1198.672134333804,1388955.2790027873,10.0,35000,0.78,120000
925,-0.0127286420299428,-0.0068781298737517,-0.0048771924357005,-0.0048333728259262,-0.0355616966456321,-0.004471209260768,-0.0233451806765797,-0.0046116738947819,-0.0120003204457299,-0.0053168974661086,339.74087601346343,1184.1351452229894,1351838.7292501153,10.0,35000,0.78,25000,389.77035452593657,1346.0753024733087,3434374.386966064,15.0,0.0,0.0,120000,365.2094919311426,1226.9185442338394,2241723.9069360965,10.0,15000,0.55,120000,341.2341947324783,1198.364371400245,1387100.4307907713,10.0,35000,0.78,120000
926,-0.0127878362473575,-0.0069191344516846,-0.0049462686947011,-0.0048403941285065,-0.0357050142598497,-0.0044821546622786,-0.0234398640047328,-0.0046173513823451,-0.0120744442073439,-0.0053373189784767,339.83276241128425,1185.5270193235913,1351606.0964951029,10.0,35000,0.78,25000,389.7407128699799,1346.8905328332876,3433054.399925084,15.0,0.0,0.0,120000,365.24884698995425,1227.8430828779026,2241906.1580010094,10.0,15000,0.55,120000,341.18116447959346,1197.9852112595497,1388624.4514008176,10.0,35000,0.78,120000
927,-0.0128774905405011,-0.0069894111871861,-0.0049865851981014,-0.004853920486286,-0.0358708818513964,-0.0045019973569237,-0.0235270714777804,-0.0046225118169922,-0.0121331747972537,-0.0053786552077745,339.88362280401435,1184.2365057614015,1351723.5553287952,10.0,35000,0.78,25000,389.7977278437675,1346.344162643848,3432745.6911387513,15.0,0.0,0.0,120000,365.30054988029303,1227.6475187713063,2241267.37573705,10.0,15000,0.55,120000,341.19696119677087,1198.9793722083587,1389727.5682639817,10.0,35000,0.78,120000
928,-0.0129630409448928,-0.0070163977640776,-0.0050118141128634,-0.0048785134425832,-0.0360732011626517,-0.0045285851109695,-0.0236201881093618,-0.0046619589037176,-0.0121900804623733,-0.0053872718284663,339.77697011253196,1186.4017677334057,1350922.4716183606,10.0,35000,0.78,25000,389.6733689322589,1347.90194392733,3433042.238057107,15.0,0.0,0.0,120000,365.30440753225844,1229.5363231222925,2239012.999212556,10.0,15000,0.55,120000,341.3008405371371,1198.3968559292668,1389906.145144131,10.0,35000,0.78,120000
929,-0.0130111685416734,-0.007029157875536,-0.0050406035159141,-0.00491639139658,-0.0362268881563015,-0.0045510701190506,-0.0237458707687124,-0.0046920922145343,-0.0122727489993071,-0.0054057896975107,339.9388710832642,1186.3898061917137,1350603.160957067,10.0,35000,0.78,25000,389.7322645128984,1347.9199858002523,3431480.309946815,15.0,0.0,0.0,120000,365.31574493492104,1229.9982917194334,2239069.3680723337,10.0,15000,0.55,120000,341.2722370802642,1199.8526842810486,1387538.2671035167,10.0,35000,0.78,120000
930,-0.0130894838625292,-0.0070464366884329,-0.0051348300061104,-0.0049263597195904,-0.03639143620872,-0.0045565052109281,-0.0238468235456138,-0.0047460725435181,-0.0123207681858152,-0.0054471808268937,339.84915697288193,1186.451376810316,1350333.830310104,10.0,35000,0.78,25000,389.7509993877615,1347.9938380213973,3433832.9529958675,15.0,0.0,0.0,120000,365.3865653998453,1228.3322721972252,2239176.4623104613,10.0,15000,0.55,120000,341.3238653341699,1200.1377378198567,1388061.3539946452,10.0,35000,0.78,120000
931,-0.013171793354504,-0.007063952563108,-0.0051553006751836,-0.004941129801034,-0.0365733139475052,-0.0045654164884555,-0.0239626321976507,-0.0047566078053877,-0.0123818439211205,-0.0054704168707419,339.8501192917213,1186.461096147159,1350457.363755671,10.0,35000,0.78,25000,389.7919259313534,1349.3067413907079,3432345.200006314,15.0,0.0,0.0,120000,365.2769937733918,1229.9219488603383,2238877.5573063157,10.0,15000,0.55,120000,341.3534242828443,1200.761629979109,1387933.3971970675,10.0,35000,0.78,120000
932,-0.0132219858483225,-0.0070899350524693,-0.0051701380381818,-0.0049906211436749,-0.0367111034558112,-0.0046169914185522,-0.0240872220844665,-0.0047711147245284,-0.0124514844511684,-0.0054796879417196,339.90954953589574,1187.8261996571573,1350707.5795237161,10.0,35000,0.78,25000,389.7822801456109,1348.5642413460944,3431090.9416268608,15.0,0.0,0.0,120000,365.30172435735693,1229.8040077230435,2238191.117801524,10.0,15000,0.55,120000,341.21909124978004,1200.615049953909,1386360.420973373,10.0,35000,0.78,120000
933,-0.0133062208737922,-0.0071428560694451,-0.0051817642011683,-0.0050297670632225,-0.0368593380504161,-0.0046263395784361,-0.0241949394737305,-0.0047944334994154,-0.0124894927032108,-0.0055366687646669,339.93141555291476,1187.3998275281408,1350632.4961144216,10.0,35000,0.78,25000,389.844857513704,1349.0042919176142,3431412.911469084,15.0,0.0,0.0,120000,365.3850560752035,1230.4829099302337,2239008.703297469,10.0,15000,0.55,120000,341.29937096841104,1201.938114140769,1387637.0637529094,10.0,35000,0.78,120000
934,-0.0133641971559289,-0.0072002083013231,-0.0052038644567754,-0.0050764576525947,-0.037037710566197,-0.004659055210784,-0.0243033463201973,-0.0048073405539694,-0.0125366142932313,-0.0056179716807012,339.996630830137,1188.4106233516763,1349111.7790349638,10.0,35000,0.78,25000,389.8315758229869,1350.4299412770476,3427824.017808302,15.0,0.0,0.0,120000,365.2702363027474,1231.1575367810092,2238770.7961648772,10.0,15000,0.55,120000,341.34436217126915,1201.3714033538522,1386184.9720591228,10.0,35000,0.78,120000
935,-0.0134145940735821,-0.0072551645501219,-0.0052161485144151,-0.0050987369814426,-0.0372005521571956,-0.0047302028149376,-0.0244256107751342,-0.0048301411985186,-0.0125893045936387,-0.0056669568604651,339.9185699158232,1187.9886354177784,1349224.827436595,10.0,35000,0.78,25000,389.83717724853386,1350.0880051991935,3431741.527214109,15.0,0.0,0.0,120000,365.3124766544717,1230.8011975611546,2237205.151798294,10.0,15000,0.55,120000,341.3621173350513,1201.3221398162864,1384998.783369254,10.0,35000,0.78,120000
936,-0.0134698361989303,-0.0073086702569953,-0.0052504691262101,-0.0051120162624911,-0.0373441402305628,-0.004779103845968,-0.0245175684161482,-0.0048440422154999,-0.0126492260691199,-0.005694396232198,340.0106335981292,1189.0516716414936,1349326.8614520093,10.0,35000,0.78,25000,389.9648522181004,1350.5362740484875,3430136.492445258,15.0,0.0,0.0,120000,365.46749525865226,1231.0193065769238,2236798.5986908153,10.0,15000,0.55,120000,341.42854086900496,1201.2353716138887,1386570.5202540862,10.0,35000,0.78,120000
937,-0.0135303438276153,-0.0073820921688045,-0.0053150543178597,-0.0051176218691388,-0.0374992701190251,-0.0047872388347206,-0.0246048838014522,-0.0048652474848839,-0.0126979097221938,-0.0057329645679862,339.9755723505659,1189.0665765053989,1349857.5146900637,10.0,35000,0.78,25000,389.9608971555593,1350.9021582176904,3427105.0524850236,15.0,0.0,0.0,120000,365.4048490501417,1232.0792521869703,2238169.330188511,10.0,15000,0.55,120000,341.55048943670715,1202.3942343125073,1386553.0312410078,10.0,35000,0.78,120000
938,-0.01361292521437,-0.0074238960644076,-0.0053426380057752,-0.0051346822899296,-0.037647904376994,-0.0048123243616217,-0.024703364935193,-0.0048951554937354,-0.0127343787364385,-0.0057396996648037,340.06786922608757,1189.8107609929355,1349108.309992762,10.0,35000,0.78,25000,389.8446172960364,1352.063161216092,3427859.110162211,15.0,0.0,0.0,120000,365.4301127865829,1232.8431565723147,2235923.1529421723,10.0,15000,0.55,120000,341.41812896490814,1203.0900305273722,1385973.385838989,10.0,35000,0.78,120000
939,-0.0136743002675697,-0.0074561450955198,-0.0053643214834413,-0.0051592482274448,-0.0378002635722748,-0.004876882275606,-0.0248286744010129,-0.0049180750654196,-0.0127873000777771,-0.0057677323423164,340.14325035194145,1189.6346490094581,1348750.027427848,10.0,35000,0.78,25000,390.0442022184274,1351.575771258772,3427032.2025741767,15.0,0.0,0.0,120000,365.4087471504099,1231.6255310144384,2236338.2647488397,10.0,15000,0.55,120000,341.43442411667615,1203.1531866095957,1386854.8887230896,10.0,35000,0.78,120000
940,-0.013738024262678,-0.0074727367522048,-0.0053882287549464,-0.0051789490874101,-0.0379569424656556,-0.0049098698052473,-0.0249217730870788,-0.0049783772059819,-0.0128339315473993,-0.0058204171933794,340.1017111155732,1190.2703839725177,1348618.047117866,10.0,35000,0.78,25000,390.02283009704934,1352.571226409994,3427512.2522953185,15.0,0.0,0.0,120000,365.44938195425135,1233.2732848539722,2235028.943047877,10.0,15000,0.55,120000,341.513293828596,1202.968017478718,1385711.3408141558,10.0,35000,0.78,120000
941,-0.0137925202718621,-0.007496470743302,-0.0054053504168076,-0.0052110471353188,-0.0380970422087635,-0.004913766498983,-0.025012435699863,-0.004990340012398,-0.0129087753200569,-0.0058340208819368,340.08838043633926,1190.3870513014454,1349127.8092460227,10.0,35000,0.78,25000,389.96483553303375,1352.3766401409607,3427639.40196286,15.0,0.0,0.0,120000,365.39962058120346,1234.3279863785353,2236400.270369969,10.0,15000,0.55,120000,341.4288497566898,1203.6363649083282,1385406.2422838137,10.0,35000,0.78,120000
942,-0.0138542851165473,-0.0075158081365747,-0.0054407999134847,-0.005222337163834,-0.0382437049370512,-0.0049566959492682,-0.0251381871059,-0.0050261359851078,-0.0129809105022647,-0.0058702917089933,340.08647190591813,1191.3360791286477,1348375.9586394662,10.0,35000,0.78,25000,390.00213290003006,1353.6577599509183,3426928.2590884366,15.0,0.0,0.0,120000,365.38140825753675,1232.6918025857158,2235239.6631499394,10.0,15000,0.55,120000,341.52130167374617,1203.3650240680597,1386397.9106318946,10.0,35000,0.78,120000
943,-0.0139086595392746,-0.007549792817101,-0.0054643525132806,-0.0052448060715294,-0.0384149703953368,-0.005022162186859,-0.0252541001126452,-0.0050357483072446,-0.0130320427099704,-0.0059188740133471,340.0584949780275,1191.6834969033941,1348631.5873737852,10.0,35000,0.78,25000,389.9210906239022,1352.3937612622979,3425693.9733858593,15.0,0.0,0.0,120000,365.4916299342246,1234.4979836275713,2235438.7608837276,10.0,15000,0.55,120000,341.4753566714119,1204.9540871001982,1383893.9845791922,10.0,35000,0.78,120000
944,-0.0139702956444232,-0.0075629098737014,-0.0055074716758829,-0.0052584095372042,-0.0385679626692171,-0.0050379664621162,-0.0253580639575885,-0.0050930594367489,-0.0131034868926779,-0.0059636274098703,340.1725980738031,1192.4080223332066,1348499.322454108,10.0,35000,0.78,25000,390.02792309059953,1354.9046324622168,3424254.0367641877,15.0,0.0,0.0,120000,365.5772832420917,1233.7912436083634,2233946.2773051327,10.0,15000,0.55,120000,341.5847056450007,1205.1703126482387,1387105.6559180177,10.0,35000,0.78,120000
945,-0.0140297019077007,-0.0075857992142765,-0.0055504429036884,-0.0052702733433237,-0.0387408635074133,-0.0050524891156048,-0.0254558961515442,-0.0051271036121761,-0.0131547986688108,-0.0059723954273825,340.1573211999409,1191.9595688772329,1348499.619874433,10.0,35000,0.78,25000,390.0628243115455,1354.4705350005254,3424777.6544952462,15.0,0.0,0.0,120000,365.4898693078629,1234.2012828835911,2234036.9876965214,10.0,15000,0.55,120000,341.4879114961262,1204.880677969261,1385209.8168586215,10.0,35000,0.78,120000
946,-0.0140859885285911,-0.0076020055538394,-0.005617470410965,-0.0052863124455785,-0.0389018640982426,-0.005100220792391,-0.0255636376027365,-0.0051343837095206,-0.0132382563334051,-0.0059874037094955,340.20938317472854,1193.4862248744219,1348221.8747228726,10.0,35000,0.78,25000,390.09471500006214,1355.5831587996886,3423991.2882296136,15.0,0.0,0.0,120000,365.54694060192134,1235.7123206130464,2233151.0918751676,10.0,15000,0.55,120000,341.4962238743703,1206.7505202261093,1384935.6532483022,10.0,35000,0.78,120000
947,-0.0141498952515482,-0.0076338514133058,-0.0056603182884538,-0.0053562515773606,-0.0390397079383282,-0.0051377173251598,-0.0256623630843384,-0.0051577163036653,-0.0132781726403645,-0.0059968987045688,340.24320874440247,1193.4764648005848,1347985.8579092035,10.0,35000,0.78,25000,390.13739164294435,1355.8814874545712,3424927.962315627,15.0,0.0,0.0,120000,365.5416509789239,1237.3014729378096,2232445.322739444,10.0,15000,0.55,120000,341.65636037805956,1206.115138967455,1383569.516739093,10.0,35000,0.78,120000
948,-0.0142034781315113,-0.0076887159973902,-0.0057158749884883,-0.0053999728802471,-0.0391922729859787,-0.0051635361209229,-0.0257690164835422,-0.0052217614614416,-0.0133343882176843,-0.0060414447482053,340.2489960496669,1193.1856766179626,1348233.3079397504,10.0,35000,0.78,25000,390.07694659051657,1356.289518513129,3423155.5464949342,15.0,0.0,0.0,120000,365.41174788167973,1235.785847302848,2233273.106154528,10.0,15000,0.55,120000,341.53243788781845,1207.0052104169454,1383580.4989512565,10.0,35000,0.78,120000
949,-0.0142675962655218,-0.0077570215750914,-0.0057737564431685,-0.0054178800239537,-0.0393553992303245,-0.0051884605155007,-0.025882244238732,-0.0052318619293153,-0.0134107130066372,-0.0060777362721584,340.2783753931732,1193.761610784047,1348418.761285316,10.0,35000,0.78,25000,390.12802229319726,1355.8965523917482,3424412.289740283,15.0,0.0,0.0,120000,365.4535681327403,1236.4291436884469,2235506.4725004616,10.0,15000,0.55,120000,341.64946931398356,1207.2106476630304,1383757.5158626242,10.0,35000,0.78,120000
950,-0.0143594486693964,-0.0078070134943981,-0.0058134454067071,-0.0054468041322368,-0.039522203886384,-0.0051998019354908,-0.0260293783835595,-0.0052556250124061,-0.0135208610340845,-0.0060899580850883,340.243421833522,1194.471196548706,1347262.8902129426,10.0,35000,0.78,25000,390.104707366995,1357.5033812447298,3423899.9357252843,15.0,0.0,0.0,120000,365.58159761470364,1237.0959608127366,2233374.070649212,10.0,15000,0.55,120000,341.5685902392549,1205.8300699717493,1382429.5010934565,10.0,35000,0.78,120000
951,-0.0144387124162312,-0.0078369345338724,-0.0058659038847156,-0.0054915744328964,-0.0396679390713337,-0.0052122681213038,-0.0261195722784863,-0.0053202942611849,-0.0135783762773604,-0.0061209156346805,340.270569597401,1194.932512222831,1347997.1431466844,10.0,35000,0.78,25000,390.15107121628796,1357.6325568300167,3420891.2780074035,15.0,0.0,0.0,120000,365.5162205820657,1237.3464709741372,2232673.21865491,10.0,15000,0.55,120000,341.63664316585465,1207.6558178984535,1383626.0017491253,10.0,35000,0.78,120000
952,-0.0145279033737272,-0.0078805342136119,-0.0058738398069889,-0.005528060722788,-0.0398086402024098,-0.0052461063825517,-0.0262312690632639,-0.0053432864795664,-0.0136191244418864,-0.0061646153808942,340.277501992732,1194.617809490912,1347872.8839174416,10.0,35000,0.78,25000,390.28503351055616,1358.2552822477944,3422393.03520049,15.0,0.0,0.0,120000,365.5533515664697,1238.214075431203,2232160.301366129,10.0,15000,0.55,120000,341.55374654700705,1207.3549093385107,1385678.9029252913,10.0,35000,0.78,120000
953,-0.0146141473433221,-0.0079063336505535,-0.0058847114158339,-0.0055456834074495,-0.039976971823141,-0.0053185133009531,-0.0263540598878081,-0.0053656539528708,-0.0136652286777881,-0.0061990689411004,340.41846019070556,1195.4547858690482,1347283.3960295413,10.0,35000,0.78,25000,390.1386490700661,1357.4252004068585,3421439.3478550585,15.0,0.0,0.0,120000,365.5891668202509,1238.6978523219254,2232692.27549934,10.0,15000,0.55,120000,341.70875309291756,1207.9450865244196,1382149.692913169,10.0,35000,0.78,120000
954,-0.0146951011875384,-0.0079207202975261,-0.0059012254031297,-0.0056030174529125,-0.0401594546711908,-0.0053486652381136,-0.0264517008015653,-0.0054070178429124,-0.0137340604720778,-0.0062124540695046,340.35052248570975,1195.92244248964,1346964.7891755619,10.0,35000,0.78,25000,390.2248245869473,1358.532641371451,3420115.3315108204,15.0,0.0,0.0,120000,365.67365815688777,1238.254824817614,2228837.1078714565,10.0,15000,0.55,120000,341.74815148732813,1208.2205907985933,1382441.7716980935,10.0,35000,0.78,120000
955,-0.0147888184938388,-0.0079381015791909,-0.0059100179507536,-0.0056108652845849,-0.0403068442551172,-0.0053629811269618,-0.0265540315553951,-0.0054170215358785,-0.0138027477370811,-0.0062467982837887,340.4331857324681,1196.532929160786,1347718.5472190306,10.0,35000,0.78,25000,390.15677695812855,1359.5270757906796,3419845.2186075477,15.0,0.0,0.0,120000,365.7004358915384,1238.891223949651,2229855.502241714,10.0,15000,0.55,120000,341.8091943874061,1208.2363196399835,1383366.8803917011,10.0,35000,0.78,120000
956,-0.0148858386797651,-0.0079630792213017,-0.0059229939235107,-0.005636548577277,-0.0404681901194081,-0.0053719205139056,-0.0266535422663059,-0.0054255625938,-0.0138459719640016,-0.0062737133156883,340.50155058916783,1196.0749663295294,1346649.0783338435,10.0,35000,0.78,25000,390.20236007182405,1358.9841061671532,3420591.4363310966,15.0,0.0,0.0,120000,365.73167844175396,1239.4157053014653,2228704.797903545,10.0,15000,0.55,120000,341.78398442238836,1209.5153726210037,1381702.9661161208,10.0,35000,0.78,120000
957,-0.0149387130013598,-0.0080213193819876,-0.005957071934558,-0.0056574803125358,-0.0406648229530991,-0.0053805340031807,-0.0267608312285385,-0.0054414474218838,-0.0138913587101927,-0.0063144950966285,340.45449799516973,1197.0315268172442,1346272.8600982218,10.0,35000,0.78,25000,390.35609016449155,1360.1500279338438,3419540.203069465,15.0,0.0,0.0,120000,365.6000242495268,1239.898613344698,2228549.374518579,10.0,15000,0.55,120000,341.78851039407664,1209.443804447072,1383237.7016600843,10.0,35000,0.78,120000
958,-0.0150002563563919,-0.0080432895467795,-0.0059769234154322,-0.0057076958908372,-0.0408365379954881,-0.0054047908700063,-0.0268816152636891,-0.0054475395616791,-0.0139756224496052,-0.006333368575616,340.54327945713294,1197.3463850023259,1347140.7457609868,10.0,35000,0.78,25000,390.2744848932454,1360.2393577368098,3416953.1907511405,15.0,0.0,0.0,120000,365.72944552229404,1240.8730142286677,2230287.0800278774,10.0,15000,0.55,120000,341.80009043287566,1208.8282379502912,1382324.0849993734,10.0,35000,0.78,120000
959,-0.0150573897388238,-0.0080737405231606,-0.0059909681839444,-0.0057163582540941,-0.0409921896687148,-0.0054596818749587,-0.0269915236943932,-0.0054882389944502,-0.0140141660705172,-0.006349844051436,340.47226690428965,1198.156451095509,1346418.8692487823,10.0,35000,0.78,25000,390.3320954458858,1361.3884428572767,3417231.5696895774,15.0,0.0,0.0,120000,365.83511273434,1239.501800127484,2228144.9520252454,10.0,15000,0.55,120000,341.8414478498717,1211.0199239656536,1381568.9653114981,10.0,35000,0.78,120000
960,-0.0151272600494849,-0.0081082963047019,-0.0060117601347621,-0.0057467102230695,-0.0411306080600976,-0.0054685865581952,-0.0270816714643115,-0.0055275946776631,-0.0140596233365727,-0.0063633111169539,340.5986229562733,1198.6542027775681,1346214.7571862633,10.0,35000,0.78,25000,390.34215438283957,1361.8606651478308,3416434.4867190504,15.0,0.0,0.0,120000,365.64578025351267,1241.1870115591394,2227874.311494674,10.0,15000,0.55,120000,341.804898336013,1209.3644964223388,1382225.878588541,10.0,35000,0.78,120000
961,-0.0152288701659559,-0.0081417705278195,-0.0060382797465415,-0.0057894187316171,-0.0412846215662493,-0.0054992271893507,-0.0272001823718342,-0.005540098526511,-0.0141209401267967,-0.0063716321897719,340.5565653441183,1198.5004343457856,1346503.5490418368,10.0,35000,0.78,25000,390.37975946532083,1362.6386691600662,3417882.4222480054,15.0,0.0,0.0,120000,365.73508404337946,1241.4898990798374,2226716.565148021,10.0,15000,0.55,120000,341.779853236456,1211.2942522407093,1380752.2080304436,10.0,35000,0.78,120000
962,-0.015291999594172,-0.0081678919365311,-0.0060629677335576,-0.005799966226758,-0.0414316602321821,-0.0055639276883188,-0.0273111970844965,-0.0055528740986631,-0.0141683656517733,-0.0063973832139965,340.5036134555424,1199.4432251793153,1346099.5669283855,10.0,35000,0.78,25000,390.3742440827145,1361.5855493061342,3416550.120271987,15.0,0.0,0.0,120000,365.7151223931322,1241.9453963064225,2227101.3212110973,10.0,15000,0.55,120000,341.92572223249323,1212.010186117103,1382901.1662725254,10.0,35000,0.78,120000
963,-0.0153440668207016,-0.00821025160924,-0.0060825364019252,-0.0058132086555715,-0.0415988775161887,-0.0055757706478064,-0.02740212908654,-0.0055897124313207,-0.0142195857129639,-0.0064834407739789,340.6196360632894,1199.7100162083377,1345616.920833493,10.0,35000,0.78,25000,390.41056760160103,1363.2687504983169,3415351.399472306,15.0,0.0,0.0,120000,365.7690534728524,1242.5318568325872,2225768.1761269504,10.0,15000,0.55,120000,341.96192050092804,1210.9800883726116,1381500.612747244,10.0,35000,0.78,120000
964,-0.0154273344539298,-0.0082445784450677,-0.0061081137121043,-0.0058734841556746,-0.0417714617244025,-0.0056116659410558,-0.0275135581600379,-0.0056223346438225,-0.0142600079396518,-0.0065179047344539,340.6323349213763,1199.6653738349266,1346001.9397967448,10.0,35000,0.78,25000,390.35214353440466,1363.7978363554776,3414331.3782644644,15.0,0.0,0.0,120000,365.84650052451843,1242.9816074319501,2227478.20374087,10.0,15000,0.55,120000,341.9674137639334,1212.4486227918514,1379303.0212092095,10.0,35000,0.78,120000
965,-0.0112205499155963,-0.0060756704020109,-0.0042662421915035,-0.0042978663094683,-0.0320896874434317,-0.0039718147913773,-0.0208970078068006,-0.0040540868645072,-0.0107591070499357,-0.0047076152091417,339.26605570194204,1177.15584800881,1354184.6519193249,10.0,35000,0.78,25000,389.36746280036033,1336.5416927578021,3446205.8863993334,15.0,0.0,0.0,120000,364.8158135432225,1217.6488904687164,2249098.302054061,10.0,15000,0.55,120000,340.7663984348544,1190.703385925339,1394902.8304824352,10.0,35000,0.78,120000
966,-0.0115110625541063,-0.006117058139694,-0.0043003380811109,-0.0043115320150157,-0.0328873026611544,-0.004021243063155,-0.0213824826750884,-0.004078349936078,-0.01096182763828,-0.0047423268337438,339.48390515244415,1178.4937911584736,1353736.0275914306,10.0,35000,0.78,25000,389.4348115994133,1336.7384526138446,3445531.2440991155,15.0,0.0,0.0,120000,364.97851570527996,1220.9324952809934,2247024.2294176277,10.0,15000,0.55,120000,340.78851317472964,1191.9246869543415,1392854.9748910198,10.0,35000,0.78,120000
967,-0.0116428597944904,-0.0061385662737407,-0.0043404336303025,-0.0043274413551573,-0.0332296626669619,-0.0040441577546895,-0.0216266375253166,-0.0040931658175037,-0.0110480538205341,-0.0047534671912459,339.39278906588396,1178.4456113179485,1353469.1573137946,10.0,35000,0.78,25000,389.41690476609006,1339.7654222124186,3442951.939349132,15.0,0.0,0.0,120000,364.9489635469003,1221.3743538662436,2247451.541812727,10.0,15000,0.55,120000,340.84449615109054,1192.5772753754668,1392704.5068052427,10.0,35000,0.78,120000
968,-0.0117083763959721,-0.0061674958111321,-0.0043593533702414,-0.0043335505862345,-0.033482514508526,-0.0040751821718697,-0.0218075104171861,-0.004100429999689,-0.0111478724212065,-0.0048127367257265,339.43528657402067,1179.8688433416173,1352075.412139262,10.0,35000,0.78,25000,389.593349655708,1339.330813156047,3441164.946215168,15.0,0.0,0.0,120000,365.07229935155283,1221.722048087201,2245774.809868861,10.0,15000,0.55,120000,340.9114818198281,1192.8639093116158,1392976.6444507544,10.0,35000,0.78,120000
969,-0.0118239743994275,-0.0061876609155007,-0.0043895664240374,-0.0043550145561788,-0.0336530624780396,-0.00408194911742,-0.0219057841726614,-0.0041432278068547,-0.0112178486516253,-0.0048397517406053,339.39962146277765,1180.3286061911526,1352876.2749086418,10.0,35000,0.78,25000,389.58957479804155,1340.344867550013,3441416.631486107,15.0,0.0,0.0,120000,365.08722338635005,1222.908061337976,2246460.9608405246,10.0,15000,0.55,120000,340.9048725062259,1193.209260735734,1389942.4707494273,10.0,35000,0.78,120000
970,-0.0119198506541644,-0.0062279666944723,-0.0044212280796773,-0.0043867310003891,-0.0338827731788864,-0.004089504673138,-0.0219968792404919,-0.0041571826305709,-0.011310496061907,-0.0048532215388269,339.50144651620025,1180.869627692738,1352749.535707903,10.0,35000,0.78,25000,389.5625617130084,1340.93452147144,3440658.9862303175,15.0,0.0,0.0,120000,365.0022070651901,1223.418932028075,2245071.5162785733,10.0,15000,0.55,120000,340.98957994104967,1193.6695321236207,1392627.1745783023,10.0,35000,0.78,120000
971,-0.0119758883953633,-0.0062524130410316,-0.0044616326078316,-0.0044327371194724,-0.0340584825435971,-0.004123081324895,-0.0221083198081663,-0.0042064525447001,-0.0113570295767953,-0.0049016413462364,339.456737285533,1180.6655758431932,1352635.8883975563,10.0,35000,0.78,25000,389.4717573658209,1342.7088320049274,3441340.46287955,15.0,0.0,0.0,120000,365.0658056476506,1222.7429857682437,2246285.995950876,10.0,15000,0.55,120000,340.9576336649103,1195.3707161498478,1390825.8612998824,10.0,35000,0.78,120000
972,-0.0120330101192447,-0.0062793468622824,-0.0044922864008439,-0.0044387706496154,-0.0342087833805973,-0.0041461886139747,-0.0222516549866098,-0.0042449724605266,-0.0114432942616267,-0.0049229467859121,339.53489570375905,1180.9621805964084,1352302.6044396039,10.0,35000,0.78,25000,389.57260815010454,1341.6886015561875,3440363.0857593846,15.0,0.0,0.0,120000,365.20190345135825,1223.4521270772593,2245937.4572479776,10.0,15000,0.55,120000,341.0067995189099,1194.713330377681,1390747.194367249,10.0,35000,0.78,120000
973,-0.012114948862837,-0.0063199948737137,-0.0045312615835073,-0.004481614952545,-0.0343800610455451,-0.0041616518802057,-0.0223766387631977,-0.0042696727977918,-0.011512224659821,-0.0049725183644129,339.5879639246999,1182.353892189453,1352392.8712704529,10.0,35000,0.78,25000,389.49794019733275,1342.4193059355218,3439516.3169590347,15.0,0.0,0.0,120000,365.1330850260069,1224.2909049756124,2242923.754262061,10.0,15000,0.55,120000,340.9353405788672,1194.9681340119296,1391298.4662960265,10.0,35000,0.78,120000
974,-0.0121860457434424,-0.0063722043103689,-0.0045848625660202,-0.0045643421520901,-0.0345260575318723,-0.0041687996510044,-0.0224902155895744,-0.004312886966847,-0.0115709940987309,-0.0050319234702892,339.63144704774425,1181.8802528642148,1352343.1227484148,10.0,35000,0.78,25000,389.6973094639994,1342.2531107815264,3439733.125263903,15.0,0.0,0.0,120000,365.1834081014316,1224.7004099941305,2243803.170621018,10.0,15000,0.55,120000,341.02944342714386,1194.8454230670152,1390794.9538361502,10.0,35000,0.78,120000
975,-0.0122386822675438,-0.0064072279236336,-0.0046122220305487,-0.0045839586491911,-0.0346704352794969,-0.0042214613160754,-0.0225949187328301,-0.0043184507485621,-0.0116521801365489,-0.0050606724622853,339.6048950885893,1182.1773346588861,1351548.8828143605,10.0,35000,0.78,25000,389.6292385659394,1343.765601901441,3437755.936325433,15.0,0.0,0.0,120000,365.02166635382423,1225.2133106856743,2242989.940465419,10.0,15000,0.55,120000,341.1337387315923,1195.6854264196834,1392260.0646405078,10.0,35000,0.78,120000
976,-0.0123509687132794,-0.0064247854480877,-0.0046265542571179,-0.0046197337736057,-0.0348240305577314,-0.0042259267686713,-0.0227049037209834,-0.0043245574840252,-0.0117003119961664,-0.00506826470313,339.67928352944887,1183.510356397467,1352312.4644718296,10.0,35000,0.78,25000,389.6621901424781,1344.3465112826339,3435636.920957604,15.0,0.0,0.0,120000,365.2363190354248,1224.5799323638125,2243589.7576156263,10.0,15000,0.55,120000,341.12349529827935,1196.5100564204631,1391077.7741354343,10.0,35000,0.78,120000
977,-0.0124083047550612,-0.0064493221534276,-0.0046491054518241,-0.0046871200057871,-0.0349666060354541,-0.0042388379345442,-0.0228550633681003,-0.0043468937722665,-0.0117461738387974,-0.0050826238114859,339.65072216945424,1183.56981365801,1351261.3098800578,10.0,35000,0.78,25000,389.7250724926802,1343.8878184789444,3435815.2967341314,15.0,0.0,0.0,120000,365.060969532696,1225.6388798753485,2241535.225980888,10.0,15000,0.55,120000,341.1481198641873,1195.7557872963198,1390154.6841239505,10.0,35000,0.78,120000
978,-0.0124578957800571,-0.0065052751035512,-0.0046771308497235,-0.0047301462327587,-0.0351523848174848,-0.0042482909848738,-0.0230153328861687,-0.0043886117938339,-0.0117906282958052,-0.0050969798869871,339.7365066575086,1183.9419518228904,1351191.0249532948,10.0,35000,0.78,25000,389.64556347783486,1345.0152469057227,3436081.7379814475,15.0,0.0,0.0,120000,365.2276210916682,1227.297205838413,2240348.5394062167,10.0,15000,0.55,120000,341.14805031573457,1196.8955310123297,1388155.224356183,10.0,35000,0.78,120000
979,-0.0125465408838852,-0.0065170787954651,-0.0047592634553306,-0.0047716348443522,-0.035315876579069,-0.0042815070080497,-0.0231577511408447,-0.0044085917990281,-0.0118451950312696,-0.0051084344411614,339.76659670297255,1183.3978751337427,1351500.616893796,10.0,35000,0.78,25000,389.7650222531781,1344.1850925808346,3434990.36913876,15.0,0.0,0.0,120000,365.18450596823413,1226.6906638538505,2241914.6581937796,10.0,15000,0.55,120000,341.1551147469278,1197.841405694749,1389911.966721326,10.0,35000,0.78,120000
980,-0.0126059458581942,-0.0065580734975824,-0.0047840161542635,-0.0047962457432621,-0.0354809046997622,-0.0043197864408773,-0.0232460401551581,-0.0044154805976004,-0.0119171682817661,-0.0051271898468299,339.789275910441,1184.1137668073975,1350877.788936442,10.0,35000,0.78,25000,389.77041876503966,1346.0946034693936,3435728.1312644295,15.0,0.0,0.0,120000,365.20744020746616,1226.6866436940613,2239747.0205863747,10.0,15000,0.55,120000,341.1544285205174,1197.57187367961,1389380.4324586098,10.0,35000,0.78,120000
981,-0.0126928761581562,-0.0065858195111789,-0.0047958378786685,-0.0048678635434044,-0.0356457699517348,-0.0043445455112877,-0.0233529533640633,-0.0044322372264997,-0.0119669466350243,-0.005140925908473,339.75521385110375,1184.976643102076,1350879.7933470118,10.0,35000,0.78,25000,389.84438918418783,1345.242848867932,3433387.4204928456,15.0,0.0,0.0,120000,365.23156498995314,1225.9838797341665,2240045.2478267085,10.0,15000,0.55,120000,341.2903181174897,1197.634384023566,1387870.10199179,10.0,35000,0.78,120000
982,-0.0127758910101644,-0.0066091866787222,-0.0048123496959274,-0.0048747994865579,-0.0357889272271037,-0.0043528007584656,-0.0235269719697885,-0.0044652403136054,-0.0120150468378244,-0.0051614279091086,339.84734015986936,1184.8820299421961,1350746.1637932044,10.0,35000,0.78,25000,389.8231801953818,1346.6864557582837,3434289.811518713,15.0,0.0,0.0,120000,365.17806741646837,1227.9120254501747,2239819.1471491433,10.0,15000,0.55,120000,341.2713340616284,1197.5634819732288,1389159.8726651384,10.0,35000,0.78,120000
983,-0.0128409922627948,-0.0066465424723796,-0.0048709960108479,-0.0049033432748548,-0.0359513974699356,-0.0043729648980584,-0.0236260298326282,-0.0044840732174653,-0.0120885330610289,-0.0052132971724691,339.776759481643,1185.5624792389078,1350465.971207211,10.0,35000,0.78,25000,389.7967342624824,1347.0316117831433,3433439.4504110063,15.0,0.0,0.0,120000,365.3016195914336,1228.2609001491726,2240142.9506717506,10.0,15000,0.55,120000,341.17702995589843,1198.2987481794805,1388557.86454485,10.0,35000,0.78,120000
984,-0.0129132919000918,-0.0066681781147146,-0.0049167542846638,-0.0049889238277005,-0.0361546865571697,-0.0043910017215322,-0.0237222187752536,-0.0045097559217312,-0.012135780740126,-0.0052504527360249,339.85417918287806,1185.5846508897098,1351344.2021414328,10.0,35000,0.78,25000,389.8118397085461,1347.7979850928675,3432672.9820032897,15.0,0.0,0.0,120000,365.33501312585906,1228.101236515084,2238114.176437508,10.0,15000,0.55,120000,341.2745835249957,1199.1838342725498,1387176.6566674737,10.0,35000,0.78,120000
985,-0.0129787398644106,-0.0066960869894749,-0.0049476733473732,-0.0050535509880503,-0.036313753920157,-0.004399715801146,-0.023816087510046,-0.0045699905568623,-0.0122328989689343,-0.0052562361717007,339.9353859626396,1185.5232085723121,1350203.01223313,10.0,35000,0.78,25000,389.8450557027767,1347.6401220864566,3431331.968679578,15.0,0.0,0.0,120000,365.2531914814613,1228.4839327222203,2238534.467432834,10.0,15000,0.55,120000,341.3306153893523,1199.1517473615372,1389271.872424854,10.0,35000,0.78,120000
986,-0.0130536173981221,-0.006711779850145,-0.0050071905988966,-0.0050667236554329,-0.0364900222129043,-0.0044232215833434,-0.0239903620277451,-0.0045806809994633,-0.0122809215575837,-0.0052885104855717,339.9366667333366,1186.6095001807403,1350489.3065498974,10.0,35000,0.78,25000,389.88344082112695,1348.2693038791654,3431613.0983179705,15.0,0.0,0.0,120000,365.36675063308013,1228.50533430972,2238169.3891105675,10.0,15000,0.55,120000,341.38269701201466,1198.9587580325772,1386940.7206925696,10.0,35000,0.78,120000
987,-0.0131261838565288,-0.0067415875049171,-0.0050367936616659,-0.0051219923765547,-0.0366328181339384,-0.0044334801140724,-0.0241263008671992,-0.0045841184295071,-0.0123175321820812,-0.0053129098028447,339.99028219659345,1187.0318419150826,1350281.2636350296,10.0,35000,0.78,25000,389.9611092485769,1348.9188661692065,3431035.586098563,15.0,0.0,0.0,120000,365.31825816950436,1230.1834884730358,2238551.7547539757,10.0,15000,0.55,120000,341.28101272258033,1201.4632559407244,1387193.9007732186,10.0,35000,0.78,120000
988,-0.0131783033193259,-0.0067582543344691,-0.0050630980901986,-0.0051528198092753,-0.036806905015851,-0.0044366779919283,-0.024243961831083,-0.0046013269869513,-0.0124074613047234,-0.0053495725842374,340.0268572974512,1188.0676383072916,1349084.3116557891,10.0,35000,0.78,25000,389.8317473963299,1349.546571396406,3430453.8315340867,15.0,0.0,0.0,120000,365.4148695757687,1229.7807460043214,2237477.7996385493,10.0,15000,0.55,120000,341.40002307041823,1200.5467686169047,1385667.774916126,10.0,35000,0.78,120000
989,-0.0132493032967772,-0.0067939272295966,-0.0051129189715627,-0.0051843248660736,-0.0369459781305301,-0.0044512509186366,-0.0244214511362263,-0.004623097696086,-0.0124702388466993,-0.0053807417251273,340.02168431875015,1187.9992905330512,1350641.5382028627,10.0,35000,0.78,25000,389.94529729381975,1349.12238151718,3428423.147794007,15.0,0.0,0.0,120000,365.4371823984237,1229.1551294705184,2236303.175139754,10.0,15000,0.55,120000,341.43511074481216,1200.7155130858268,1386860.860024635,10.0,35000,0.78,120000
990,-0.0132980250890889,-0.0068163728073161,-0.0051894340246985,-0.0052244011189659,-0.0370980999497696,-0.0044893886102549,-0.02454150834019,-0.004634132588066,-0.0125482842808188,-0.0054250485772831,340.08342844480404,1188.872865425959,1350350.2776844741,10.0,35000,0.78,25000,389.8625283825925,1350.818766520527,3427938.3064924236,15.0,0.0,0.0,120000,365.40017061175513,1230.966432334275,2234707.5718566603,10.0,15000,0.55,120000,341.3549685446265,1201.7239735283617,1388258.3978103688,10.0,35000,0.78,120000
991,-0.0133579123249777,-0.0068707744883243,-0.0052112087992831,-0.0052652499776011,-0.037243552574772,-0.0045842947838613,-0.0246468755001369,-0.0046530190030264,-0.0125894161171845,-0.0054629470452502,340.0673628057774,1188.8994587125612,1349294.1549303443,10.0,35000,0.78,25000,389.9667214152209,1350.9998827548723,3428086.303069243,15.0,0.0,0.0,120000,365.34599671586557,1231.3397564551594,2236485.88651536,10.0,15000,0.55,120000,341.492677700185,1202.0635526115877,1385217.813931,10.0,35000,0.78,120000
992,-0.0134752342613359,-0.0068997860845618,-0.0052439673708068,-0.005288716451299,-0.0374182210473905,-0.0046173953679302,-0.024743571142941,-0.0047221051462739,-0.0126322869230369,-0.0054894150906124,340.09247611020345,1190.143521197623,1349820.1676275628,10.0,35000,0.78,25000,389.9298231087087,1351.5605046914632,3426335.8121294016,15.0,0.0,0.0,120000,365.3965593186386,1232.0344287352807,2237593.7834775327,10.0,15000,0.55,120000,341.4701786926003,1202.080952738896,1386472.3320397902,10.0,35000,0.78,120000
993,-0.0135711083808819,-0.0069243127707708,-0.0053055544039819,-0.0053087926076254,-0.0375740969023121,-0.0046202013255454,-0.0248965578778548,-0.0047406285977385,-0.0127010304516131,-0.0055375849124389,340.0307910157171,1189.0176322466125,1349461.3215905186,10.0,35000,0.78,25000,389.98446102341825,1350.4241919146841,3426959.03252981,15.0,0.0,0.0,120000,365.4267652299722,1232.7659766722647,2234829.0927936886,10.0,15000,0.55,120000,341.3714878062567,1203.481358617309,1384475.302637822,10.0,35000,0.78,120000
994,-0.0137028346245649,-0.0069658834704711,-0.0053291230397438,-0.0053154058486812,-0.0377251215451,-0.0046803950460512,-0.0250198240820825,-0.0047741886730369,-0.0127441663809315,-0.0055986502084952,340.2304634029817,1190.3888944119078,1349225.458436536,10.0,35000,0.78,25000,389.8675203445852,1350.9993329675694,3425679.3749135262,15.0,0.0,0.0,120000,365.51814214387343,1232.6464006684357,2233758.654325407,10.0,15000,0.55,120000,341.5526331497256,1202.8818499315519,1385942.3683090005,10.0,35000,0.78,120000
995,-0.0138049941360691,-0.007001835952474,-0.0053972418845926,-0.0053212992839366,-0.0378834726322356,-0.004718713702253,-0.025110574506731,-0.0048063797709927,-0.0127822633973911,-0.0056731697343699,340.1721988752485,1190.5150164460656,1348957.2994540047,10.0,35000,0.78,25000,390.0082342772536,1352.3521029612136,3426904.05979329,15.0,0.0,0.0,120000,365.4874416764652,1232.9231271833164,2233671.8256396498,10.0,15000,0.55,120000,341.56302581288213,1203.9666767310339,1384159.101007394,10.0,35000,0.78,120000
996,-0.0138783827053322,-0.007039612623164,-0.0054181384232838,-0.005340703715951,-0.0380326168088321,-0.0047362126777948,-0.0252015363289392,-0.0048207549486143,-0.0128805692831912,-0.0056957065493903,340.2385027295906,1190.9619180087361,1348581.4469288632,10.0,35000,0.78,25000,390.0239014669909,1352.066924729441,3423900.50728422,15.0,0.0,0.0,120000,365.4584276581011,1233.1272820093147,2234936.159886223,10.0,15000,0.55,120000,341.61872363722796,1202.938664913407,1385299.4199520166,10.0,35000,0.78,120000
997,-0.0139258723165414,-0.0071078654734636,-0.0054524552653189,-0.0053541581570333,-0.0381938112313688,-0.0047511832480201,-0.0252992262321488,-0.0048607824356541,-0.0129260142856132,-0.0057432673026318,340.1162549131945,1191.5627532161934,1348647.2618348158,10.0,35000,0.78,25000,390.01859122499695,1353.5045890163906,3426319.591701259,15.0,0.0,0.0,120000,365.5741659066192,1233.5100959226072,2232755.6201490755,10.0,15000,0.55,120000,341.56776410170164,1204.0595621099792,1385605.4372305437,10.0,35000,0.78,120000
998,-0.0140408895836197,-0.0071505474653761,-0.0055060332648556,-0.0053730912718291,-0.0383421930920399,-0.004803500830153,-0.0254121894429161,-0.0048721775587787,-0.0129814725060767,-0.0057599102986202,340.21552378814266,1192.0011107515986,1348657.205686464,10.0,35000,0.78,25000,390.09412832649326,1354.494068833394,3424042.8466983833,15.0,0.0,0.0,120000,365.53970352255635,1234.8873381593635,2233683.679265012,10.0,15000,0.55,120000,341.7237228741746,1204.1814162104436,1382692.9316417775,10.0,35000,0.78,120000
999,-0.0140904155259312,-0.0071690583981168,-0.0055127382880273,-0.0053928118613975,-0.038493324605903,-0.0048271330174413,-0.0255460821977136,-0.0049247782953639,-0.0130185351273228,-0.0058001321861741,340.2761877037195,1191.583427507482,1348039.0207750527,10.0,35000,0.78,25000,390.098402967776,1353.8615053289493,3422289.576328355,15.0,0.0,0.0,120000,365.58234180814236,1235.0642789893705,2233003.5446467563,10.0,15000,0.55,120000,341.565145391942,1204.954295336039,1383899.2144464934,10.0,35000,0.78,120000
