sample_id,deg_CmpBst_s_mapEff_in,deg_CmpBst_s_mapWc_in,deg_CmpFan_s_mapEff_in,deg_CmpFan_s_mapWc_in,deg_CmpH_s_mapEff_in,deg_CmpH_s_mapWc_in,deg_TrbH_s_mapEff_in,deg_TrbH_s_mapWc_in,deg_TrbL_s_mapEff_in,deg_TrbL_s_mapWc_in,CRUISE_DECKSMRHPC_Tin,CRUISE_DECKSMRLPT_Tin,CRUISE_DECKSMRHPC_Pout_st,CRUISE_DTAMB,CRUISE_ALT,CRUISE_MACH,CRUISE_COMMAND,TAKEOFF_DECKSMRHPC_Tin,TAKEOFF_DECKSMRLPT_Tin,TAKEOFF_DECKSMRHPC_Pout_st,TAKEOFF_DTAMB,TAKEOFF_ALT,TAKEOFF_MACH,TAKEOFF_COMMAND,CLIMB1_DECKSMRHPC_Tin,CLIMB1_DECKSMRLPT_Tin,CLIMB1_DECKSMRHPC_Pout_st,CLIMB1_DTAMB,CLIMB1_ALT,CLIMB1_MACH,CLIMB1_COMMAND,CLIMB2_DECKSMRHPC_Tin,CLIMB2_DECKSMRLPT_Tin,CLIMB2_DECKSMRHPC_Pout_st,CLIMB2_DTAMB,CLIMB2_ALT,CLIMB2_MACH,CLIMB2_COMMAND
0,-0.0006118510269651,-0.0001743357602092,3.0930050506553784e-05,-1.2649511611458976e-05,-0.0019430881302427,4.275213364521168e-05,-0.0014632879695675,6.491871044007471e-05,-0.0005549726133051,-1.5193583297183044e-05,336.064216,1123.0515,1377933.09,10.0,35000,0.78,25000,386.542498,1266.6187,3533786.25,15.0,0.0,0.0,120000,362.302913,1153.70583,2315319.9,10.0,15000,0.55,120000,338.169801,1147.52651,1425487.88,10.0,35000,0.78,120000
1,-0.0009231989911781,-0.0003093140883517,-3.1367649259460315e-05,-1.7944420087123565e-05,-0.002769450718139,-7.874391884767651e-06,-0.0021119878903327,5.956813589011687e-05,-0.0008167732847046,-5.319530608772643e-05,336.112322,1124.06859,1377310.24,10.0,35000,0.78,25000,386.618429,1268.55788,3531325.68,15.0,0.0,0.0,120000,362.370427,1155.53273,2313706.92,10.0,15000,0.55,120000,338.212106,1148.42896,1425054.19,10.0,35000,0.78,120000
2,-0.0010316860524796,-0.0004006777627731,-7.626712060444794e-05,-5.620518874619267e-05,-0.0031980154102602,-5.881803344208738e-05,-0.0023999348165512,5.5212628267496105e-05,-0.0009273043599113,-7.174144830999888e-05,336.137598,1124.5448,1377029.31,10.0,35000,0.78,25000,386.651033,1269.44,3529936.57,15.0,0.0,0.0,120000,362.399627,1156.35419,2312740.28,10.0,15000,0.55,120000,338.2285,1148.78361,1424733.02,10.0,35000,0.78,120000
3,-0.0011030664099274,-0.0004534223056641,-9.767835239921516e-05,-9.5325227021635e-05,-0.0034352915345068,-0.0001027778433795,-0.0025920643243727,4.476121041381317e-05,-0.0010464703683947,-0.0001169718485537,336.156448,1124.8583,1376888.68,10.0,35000,0.78,25000,386.672384,1269.99429,3529080.98,15.0,0.0,0.0,120000,362.419114,1156.86639,2312124.13,10.0,15000,0.55,120000,338.240154,1149.00251,1424529.47,10.0,35000,0.78,120000
4,-0.0011670788007452,-0.0004946394286002,-0.0001297582016194,-0.0001074256506658,-0.0036190606128668,-0.0001160869273781,-0.0027996745746706,3.762209453386529e-05,-0.0011653916969647,-0.0001757860554123,336.169406,1125.17329,1376727.87,10.0,35000,0.78,25000,386.691712,1270.55666,3528405.62,15.0,0.0,0.0,120000,362.436512,1157.39613,2311663.21,10.0,15000,0.55,120000,338.250524,1149.27725,1424403.0,10.0,35000,0.78,120000
5,-0.0012290641841411,-0.0005160870754713,-0.0001684092180745,-0.000132999640274,-0.0038089142620456,-0.0001273079991778,-0.0029325080211286,4.68700289659398e-06,-0.0012426979739157,-0.0001920023429331,336.184084,1125.40305,1376679.96,10.0,35000,0.78,25000,386.708867,1270.96475,3527970.07,15.0,0.0,0.0,120000,362.452456,1157.77582,2311341.89,10.0,15000,0.55,120000,338.261072,1149.44843,1424333.43,10.0,35000,0.78,120000
6,-0.0013095790935522,-0.0005473793411459,-0.0001851738096199,-0.0001689020273127,-0.0040372166954299,-0.0001500558334554,-0.0031030521623722,-6.550151444794536e-06,-0.0013182804539903,-0.0002044530164808,336.204766,1125.66676,1376556.41,10.0,35000,0.78,25000,386.731248,1271.44753,3527180.41,15.0,0.0,0.0,120000,362.473378,1158.22334,2310769.34,10.0,15000,0.55,120000,338.27497,1149.61663,1424146.05,10.0,35000,0.78,120000
7,-0.0014229240895796,-0.0006011253796993,-0.0002026802727557,-0.0001737395018586,-0.0042002898595969,-0.0002181085991629,-0.0032331221037579,-3.160377400850406e-05,-0.001424743434121,-0.0002278599890742,336.21618,1125.94519,1376471.37,10.0,35000,0.78,25000,386.74723,1271.8773,3526889.19,15.0,0.0,0.0,120000,362.487802,1158.62915,2310567.12,10.0,15000,0.55,120000,338.286046,1149.88791,1424105.12,10.0,35000,0.78,120000
8,-0.0015552737915434,-0.0006574612463339,-0.0002108390451551,-0.0002014382340991,-0.0043609662609889,-0.000224753155698,-0.0033604358387467,-7.967434558832416e-05,-0.0014714495584608,-0.0002419458510034,336.234699,1126.15742,1376422.44,10.0,35000,0.78,25000,386.766794,1272.23947,3526415.28,15.0,0.0,0.0,120000,362.506003,1158.96445,2310213.92,10.0,15000,0.55,120000,338.299014,1150.02589,1423997.83,10.0,35000,0.78,120000
9,-0.0016044856997773,-0.000736816204082,-0.0002416414016713,-0.00023564671677,-0.004517977380257,-0.000253568610783,-0.0035152878471235,-0.0001024760867869,-0.0015425642997281,-0.0002775072636954,336.245917,1126.40671,1376313.93,10.0,35000,0.78,25000,386.778509,1272.64594,3525761.85,15.0,0.0,0.0,120000,362.51687,1159.33853,2309734.75,10.0,15000,0.55,120000,338.3037,1150.19308,1423818.55,10.0,35000,0.78,120000
10,-0.00165896937925,-0.0007727035036931,-0.0002777087024092,-0.0002708970706027,-0.0046807859117183,-0.0002832504628054,-0.0036393723984512,-0.0001096570117647,-0.0016145867818735,-0.0003154358486981,336.260911,1126.62734,1376222.23,10.0,35000,0.78,25000,386.793596,1273.01635,3525159.8,15.0,0.0,0.0,120000,362.531236,1159.67962,2309286.62,10.0,15000,0.55,120000,338.312846,1150.33294,1423660.75,10.0,35000,0.78,120000
11,-0.0017315141317875,-0.000841086694184,-0.0003040347974277,-0.0002991970784827,-0.0048386143869646,-0.0003044323768,-0.00378729467068,-0.0001122418545374,-0.0016908705818043,-0.0003295132401723,336.273107,1126.87999,1376095.28,10.0,35000,0.78,25000,386.807146,1273.42292,3524535.09,15.0,0.0,0.0,120000,362.543878,1160.05559,2308832.64,10.0,15000,0.55,120000,338.319955,1150.51866,1423488.13,10.0,35000,0.78,120000
12,-0.0017999204962625,-0.0008629536606877,-0.0003566562642203,-0.0003401840985528,-0.004992153516704,-0.0003184924490831,-0.0039182912032256,-0.0001326192525323,-0.0017576421642334,-0.0003375222503844,336.290335,1127.09453,1376051.6,10.0,35000,0.78,25000,386.823782,1273.77798,3524046.94,15.0,0.0,0.0,120000,362.559985,1160.3799,2308454.46,10.0,15000,0.55,120000,338.331179,1150.64859,1423371.7,10.0,35000,0.78,120000
13,-0.0018785344516298,-0.0008855392830997,-0.0003846947683986,-0.0003691176267534,-0.0051646756412157,-0.0003512383023371,-0.0041046279842292,-0.0001403097630194,-0.0018345281878065,-0.0003851081137684,336.310469,1127.36714,1375906.82,10.0,35000,0.78,25000,386.845912,1274.25656,3523295.32,15.0,0.0,0.0,120000,362.581076,1160.82586,2307916.19,10.0,15000,0.55,120000,338.346069,1150.83679,1423191.41,10.0,35000,0.78,120000
14,-0.0019344652926796,-0.0009320944365015,-0.0004330638071163,-0.0004062758425682,-0.0053213825882384,-0.0003684256973705,-0.004257329834689,-0.0002124183295197,-0.0019221957931861,-0.0004050987950015,336.324078,1127.61828,1375914.16,10.0,35000,0.78,25000,386.859719,1274.65388,3522983.16,15.0,0.0,0.0,120000,362.59443,1161.19111,2307657.15,10.0,15000,0.55,120000,338.354096,1151.01132,1423143.9,10.0,35000,0.78,120000
15,-0.0020068587204154,-0.0009686146569337,-0.0004612472726868,-0.000490334080577,-0.0055124569784851,-0.0004244272603918,-0.0043822099838215,-0.0002559693016684,-0.0019674067480169,-0.0004300969296472,336.352189,1127.81155,1375898.97,10.0,35000,0.78,25000,386.880039,1274.97197,3522166.18,15.0,0.0,0.0,120000,362.614851,1161.46554,2307001.05,10.0,15000,0.55,120000,338.368165,1151.01911,1422887.36,10.0,35000,0.78,120000
16,-0.0020981075048129,-0.0010224795440431,-0.0005403374652156,-0.0005108024134668,-0.0056642809802116,-0.0004453645521865,-0.0045043103886144,-0.000293829850599,-0.0020702591844471,-0.0004704628654691,336.362768,1128.09504,1375861.27,10.0,35000,0.78,25000,386.893594,1275.39224,3521941.26,15.0,0.0,0.0,120000,362.627559,1161.85695,2306825.48,10.0,15000,0.55,120000,338.376838,1151.27323,1422865.03,10.0,35000,0.78,120000
17,-0.002162858286662,-0.0010587659209205,-0.0005508349308421,-0.0005648331244215,-0.0058198798933665,-0.0004825259939008,-0.0046343426105587,-0.0003305608706953,-0.0021437329958125,-0.0005085093751266,336.383365,1128.30438,1375816.86,10.0,35000,0.78,25000,386.910757,1275.73195,3521310.18,15.0,0.0,0.0,120000,362.644443,1162.16185,2306331.56,10.0,15000,0.55,120000,338.388325,1151.35785,1422684.58,10.0,35000,0.78,120000
18,-0.0022370332990865,-0.0010936216975374,-0.0005562990916639,-0.0005953105761306,-0.0060000136085816,-0.0005083268061328,-0.0047542676269721,-0.0003616794691008,-0.0021994982240184,-0.0005271638147779,336.400683,1128.52207,1375738.99,10.0,35000,0.78,25000,386.927997,1276.0962,3520762.02,15.0,0.0,0.0,120000,362.66098,1162.49795,2305922.65,10.0,15000,0.55,120000,338.399919,1151.49003,1422546.73,10.0,35000,0.78,120000
19,-0.0023211546774774,-0.0011194815147252,-0.0005650957481641,-0.0006201170588219,-0.0061545134448547,-0.0005225110292012,-0.0049161763618435,-0.0004107968205636,-0.0022969576972058,-0.0005466385171931,336.417708,1128.78223,1375687.58,10.0,35000,0.78,25000,386.946712,1276.51843,3520369.33,15.0,0.0,0.0,120000,362.678835,1162.89153,2305625.69,10.0,15000,0.55,120000,338.412984,1151.68358,1422480.95,10.0,35000,0.78,120000
20,-0.0023883847084675,-0.0011567988702298,-0.0005728090445946,-0.0006575656085313,-0.0063411508289529,-0.0005578424009831,-0.0050543586986868,-0.0004554018884236,-0.002367664676884,-0.0005872110201039,336.436752,1129.02679,1375613.85,10.0,35000,0.78,25000,386.964957,1276.92041,3519774.16,15.0,0.0,0.0,120000,362.696378,1163.26149,2305175.45,10.0,15000,0.55,120000,338.42513,1151.82548,1422331.46,10.0,35000,0.78,120000
21,-0.0024760642403882,-0.0011865688081315,-0.0005791885781379,-0.0006906187327156,-0.0065021194867582,-0.0006329985069401,-0.0052100283905963,-0.0004583839624466,-0.0024551214788679,-0.0006037928526709,336.456531,1129.29199,1375488.08,10.0,35000,0.78,25000,386.984409,1277.33275,3519132.44,15.0,0.0,0.0,120000,362.714959,1163.64188,2304700.58,10.0,15000,0.55,120000,338.439631,1152.00703,1422152.82,10.0,35000,0.78,120000
22,-0.0025729992517052,-0.0012381707794102,-0.0006050839192592,-0.0007639232354087,-0.0066561767347425,-0.000644225687368,-0.0053374486156193,-0.0004697133505964,-0.0025170286391766,-0.0006125562123164,336.481391,1129.50532,1375421.75,10.0,35000,0.78,25000,387.003057,1277.65457,3518343.0,15.0,0.0,0.0,120000,362.733331,1163.92273,2304074.19,10.0,15000,0.55,120000,338.452457,1152.06175,1421889.93,10.0,35000,0.78,120000
23,-0.0026475546452892,-0.0013156546959243,-0.0006489408644684,-0.0007711411574328,-0.0068284859074563,-0.0006642549740187,-0.0054959375155025,-0.0004758717477236,-0.0026623134661966,-0.0006374380933054,336.487421,1129.86005,1375281.67,10.0,35000,0.78,25000,387.014433,1278.17265,3517974.46,15.0,0.0,0.0,120000,362.743517,1164.41048,2303816.91,10.0,15000,0.55,120000,338.458158,1152.40467,1421817.6,10.0,35000,0.78,120000
24,-0.0027400230256016,-0.0013577504090902,-0.0006771330964921,-0.0008088014904148,-0.0069779693933498,-0.0007238799715733,-0.0056149244981737,-0.0004855258379752,-0.0027435200599232,-0.0006464684628708,336.504835,1130.1045,1375201.66,10.0,35000,0.78,25000,387.030466,1278.52611,3517479.43,15.0,0.0,0.0,120000,362.758827,1164.73289,2303433.08,10.0,15000,0.55,120000,338.470068,1152.56958,1421670.78,10.0,35000,0.78,120000
25,-0.0027957853572566,-0.0013911325240056,-0.0006939299181875,-0.0008284925989969,-0.0071683864054513,-0.0007435787162392,-0.0057537415309547,-0.0004864738818183,-0.0028316195008826,-0.0006676744830785,336.518884,1130.38345,1375053.91,10.0,35000,0.78,25000,387.046579,1278.96875,3516890.92,15.0,0.0,0.0,120000,362.773973,1165.14688,2303010.57,10.0,15000,0.55,120000,338.480521,1152.78418,1421525.14,10.0,35000,0.78,120000
26,-0.0028788471669394,-0.0014268042529504,-0.0007673249142318,-0.0008418803193542,-0.0073581839665272,-0.000784566363189,-0.005920288172835,-0.0005348396593648,-0.0029056529613198,-0.0007013779558696,336.533808,1130.7109,1374960.4,10.0,35000,0.78,25000,387.065169,1279.47294,3516527.6,15.0,0.0,0.0,120000,362.791271,1165.62193,2302744.51,10.0,15000,0.55,120000,338.493545,1153.06541,1421476.0,10.0,35000,0.78,120000
27,-0.0029367669307384,-0.0014557231186064,-0.0008781884350662,-0.0008612258625648,-0.0075083964901613,-0.0008493887150259,-0.006065582182556,-0.000567277781628,-0.0029525772142241,-0.000717972288983,336.545924,1130.99348,1374890.02,10.0,35000,0.78,25000,387.079209,1279.88849,3516235.23,15.0,0.0,0.0,120000,362.804446,1166.01024,2302519.56,10.0,15000,0.55,120000,338.503705,1153.3067,1421427.13,10.0,35000,0.78,120000
28,-0.0030454201085773,-0.0015008784871311,-0.0008920585400579,-0.0009536755264722,-0.0076880784698436,-0.0009022875311056,-0.0062261347362015,-0.0005871536145611,-0.0030087997735577,-0.0007497908174181,336.58065,1131.24564,1374790.43,10.0,35000,0.78,25000,387.104388,1280.26275,3515176.84,15.0,0.0,0.0,120000,362.829144,1166.33571,2301683.37,10.0,15000,0.55,120000,338.522479,1153.33923,1421068.12,10.0,35000,0.78,120000
29,-0.0031001915356757,-0.0015237716383523,-0.0009104279521167,-0.0010129650475076,-0.0078686442919906,-0.0009111163284469,-0.0063719388616611,-0.0006147136379532,-0.0030981840471232,-0.0007834308225758,336.604287,1131.5068,1374707.71,10.0,35000,0.78,25000,387.123786,1280.66113,3514462.02,15.0,0.0,0.0,120000,362.848021,1166.69587,2301121.76,10.0,15000,0.55,120000,338.536067,1153.45158,1420862.12,10.0,35000,0.78,120000
30,-0.0031592640763238,-0.0015865320578746,-0.0009310349504427,-0.0010565055067389,-0.0080311628613513,-0.0009185242096652,-0.0065143153075957,-0.0006263669747251,-0.0031455704548691,-0.0008611147746478,336.623737,1131.771,1374531.62,10.0,35000,0.78,25000,387.140597,1281.06678,3513579.05,15.0,0.0,0.0,120000,362.863882,1167.06715,2300467.63,10.0,15000,0.55,120000,338.546149,1153.57851,1420587.55,10.0,35000,0.78,120000
31,-0.0032356205519012,-0.0016415342799848,-0.0009683253255954,-0.0011008978425549,-0.0082100528128673,-0.0009248278808289,-0.0066298310228467,-0.0006337419347828,-0.0031952183900212,-0.0008876656044306,336.642676,1132.02673,1374400.1,10.0,35000,0.78,25000,387.156862,1281.44145,3512873.15,15.0,0.0,0.0,120000,362.879307,1167.40827,2299931.27,10.0,15000,0.55,120000,338.556836,1153.71434,1420366.87,10.0,35000,0.78,120000
32,-0.0033005661562922,-0.0017105228453904,-0.0010318416816589,-0.001109634309337,-0.0083652891191514,-0.0009452031258997,-0.0067864547177805,-0.0006354397272716,-0.003246409614209,-0.0009415341305573,336.653149,1132.34413,1374194.94,10.0,35000,0.78,25000,387.170514,1281.91315,3512263.32,15.0,0.0,0.0,120000,362.891541,1167.85281,2299506.14,10.0,15000,0.55,120000,338.564637,1153.97888,1420201.79,10.0,35000,0.78,120000
33,-0.0033915315492247,-0.0017470974232623,-0.0010512717883001,-0.0011628340066327,-0.0085437527024623,-0.0010054259108054,-0.0070164863078816,-0.0006814332078789,-0.003325471357404,-0.0010319364605776,336.683834,1132.70604,1374017.98,10.0,35000,0.78,25000,387.197836,1282.45961,3511307.43,15.0,0.0,0.0,120000,362.91741,1168.35667,2298785.69,10.0,15000,0.55,120000,338.584791,1154.17012,1419927.74,10.0,35000,0.78,120000
34,-0.0035079537193834,-0.001806236413251,-0.0010647690508091,-0.0011796048921014,-0.0086990516183219,-0.0010238029626802,-0.0071295278284299,-0.0006917069116419,-0.0033766932813518,-0.0010518071106246,336.699853,1132.9678,1373872.71,10.0,35000,0.78,25000,387.214786,1282.83763,3510791.34,15.0,0.0,0.0,120000,362.932924,1168.70975,2298409.28,10.0,15000,0.55,120000,338.596968,1154.36637,1419777.86,10.0,35000,0.78,120000
35,-0.0035751014025201,-0.0018353274031923,-0.0011164273239533,-0.0012136959854678,-0.0088574069323905,-0.0010857875967167,-0.0072595115203048,-0.0006992055420779,-0.0034760207288494,-0.0010885315387283,336.71687,1133.26337,1373763.43,10.0,35000,0.78,25000,387.230954,1283.24936,3510301.81,15.0,0.0,0.0,120000,362.948152,1169.08979,2298032.54,10.0,15000,0.55,120000,338.60932,1154.58255,1419642.63,10.0,35000,0.78,120000
36,-0.0036298377054833,-0.0019060300519823,-0.0011471195704154,-0.0012196394938963,-0.0090551380616322,-0.0011298900573379,-0.0073737153314012,-0.0007218277450987,-0.0035294131225658,-0.0011432531589046,336.726645,1133.56703,1373587.49,10.0,35000,0.78,25000,387.243339,1283.69326,3509778.2,15.0,0.0,0.0,120000,362.95909,1169.50912,2297665.39,10.0,15000,0.55,120000,338.616441,1154.83309,1419503.72,10.0,35000,0.78,120000
37,-0.0037256981491678,-0.0019586629373167,-0.0011563497470538,-0.0012379524871099,-0.0092530352187447,-0.0011593934660879,-0.0074862663591646,-0.0007697561569251,-0.0035949734719306,-0.0011857157090022,336.743763,1133.85826,1373476.09,10.0,35000,0.78,25000,387.261198,1284.11602,3509327.62,15.0,0.0,0.0,120000,362.975458,1169.90537,2297329.18,10.0,15000,0.55,120000,338.629221,1155.04645,1419393.12,10.0,35000,0.78,120000
38,-0.0037768245569522,-0.0020320026900705,-0.0011684956267051,-0.0012452862041592,-0.0094052279538877,-0.0012119556510479,-0.0076205196160781,-0.0007817230816685,-0.0036873643303146,-0.0012737534701295,336.753137,1134.17506,1373280.47,10.0,35000,0.78,25000,387.273003,1284.56787,3508758.58,15.0,0.0,0.0,120000,362.985799,1170.33166,2296931.68,10.0,15000,0.55,120000,338.635912,1155.31034,1419233.03,10.0,35000,0.78,120000
39,-0.0038557124985452,-0.0020672233456519,-0.0011837372864116,-0.0012722188462029,-0.0095682031633915,-0.0012784184325921,-0.0077484615853045,-0.0008010174432433,-0.0037379851344753,-0.0013438832729535,336.773697,1134.45168,1373117.95,10.0,35000,0.78,25000,387.292313,1284.96938,3508093.15,15.0,0.0,0.0,120000,363.003692,1170.70536,2296441.12,10.0,15000,0.55,120000,338.650641,1155.48561,1419035.47,10.0,35000,0.78,120000
40,-0.0039752372676872,-0.0021068462341538,-0.0012161418221612,-0.0012835784783299,-0.0097678312556931,-0.0012844121778319,-0.0079211783312127,-0.0008186334919155,-0.0037835394358914,-0.0013729719156955,336.795435,1134.80306,1372902.37,10.0,35000,0.78,25000,387.31644,1285.49261,3507430.24,15.0,0.0,0.0,120000,363.025748,1171.20017,2295970.3,10.0,15000,0.55,120000,338.668657,1155.75335,1418865.98,10.0,35000,0.78,120000
41,-0.0040248294856867,-0.0021458644275294,-0.0012368039214961,-0.0013452649847958,-0.0099756953085071,-0.0013012977956673,-0.0080537040173841,-0.0008400696732537,-0.0038694020232275,-0.0014685162157153,336.821787,1135.11773,1372737.75,10.0,35000,0.78,25000,387.337083,1285.93903,3506515.45,15.0,0.0,0.0,120000,363.045325,1171.60616,2295266.08,10.0,15000,0.55,120000,338.68326,1155.89006,1418574.49,10.0,35000,0.78,120000
42,-0.0040949894335762,-0.0022091259735851,-0.0012425415836338,-0.0013822127669751,-0.0101439547728937,-0.0013081381135795,-0.0081719674419743,-0.0008653760183182,-0.0039159946010616,-0.0014855509821497,336.839454,1135.37741,1372601.68,10.0,35000,0.78,25000,387.35183,1286.2989,3505880.53,15.0,0.0,0.0,120000,363.058972,1171.93633,2294780.82,10.0,15000,0.55,120000,338.693046,1156.03316,1418366.86,10.0,35000,0.78,120000
43,-0.0041507889143893,-0.0022394626757755,-0.0012885260004954,-0.0013869754574511,-0.010317405120858,-0.0013127643660238,-0.0082846077440217,-0.0009195121676342,-0.0039682765340682,-0.0015381492360702,336.851886,1135.66336,1372499.12,10.0,35000,0.78,25000,387.366773,1286.71425,3505599.01,15.0,0.0,0.0,120000,363.072454,1172.33116,2294575.39,10.0,15000,0.55,120000,338.703567,1156.26758,1418327.88,10.0,35000,0.78,120000
44,-0.0042285440907267,-0.0022609615510771,-0.0013047165351856,-0.001402600797648,-0.0104794906020835,-0.0013695133941777,-0.0084271485437469,-0.0009292552561501,-0.0040257271084375,-0.0015781241788315,336.871282,1135.96199,1372316.7,10.0,35000,0.78,25000,387.386512,1287.14128,3505012.89,15.0,0.0,0.0,120000,363.090562,1172.73327,2294151.88,10.0,15000,0.55,120000,338.719208,1156.48673,1418164.22,10.0,35000,0.78,120000
45,-0.004287603165635,-0.0022862025898066,-0.0013372286549511,-0.0014530069483393,-0.0106572071483602,-0.0014073489765113,-0.0085869864492894,-0.0009561767269146,-0.0041082006540356,-0.0015914197240161,336.894965,1136.27832,1372193.71,10.0,35000,0.78,25000,387.405888,1287.57008,3504373.66,15.0,0.0,0.0,120000,363.108876,1173.12601,2293645.28,10.0,15000,0.55,120000,338.734257,1156.66637,1417967.05,10.0,35000,0.78,120000
46,-0.0043574160801755,-0.0023998294219693,-0.0013688537863054,-0.0014962356355926,-0.0108064473984165,-0.0014416544010685,-0.0087082559475924,-0.0009917234262847,-0.0041845829173581,-0.0016563880059983,336.908478,1136.58663,1372057.86,10.0,35000,0.78,25000,387.415872,1287.96112,3503754.03,15.0,0.0,0.0,120000,363.117765,1173.48221,2293162.22,10.0,15000,0.55,120000,338.739126,1156.86122,1417742.77,10.0,35000,0.78,120000
47,-0.0044136474076578,-0.0024239763383267,-0.0014329923255217,-0.0015039006338846,-0.0109908636340521,-0.0014633882609779,-0.0088437315693628,-0.0010090210771843,-0.0042366729425648,-0.0016887923915593,336.923154,1136.91309,1371885.81,10.0,35000,0.78,25000,387.432676,1288.42254,3503309.81,15.0,0.0,0.0,120000,363.132959,1173.9198,2292845.3,10.0,15000,0.55,120000,338.751657,1157.12901,1417640.03,10.0,35000,0.78,120000
48,-0.0044797001577915,-0.0024445026400848,-0.0014669129352154,-0.0015159380478996,-0.0111834164604138,-0.0014878614691172,-0.008970025765689,-0.001026529692922,-0.0043017173030063,-0.0017078176025861,336.939995,1137.22955,1371723.98,10.0,35000,0.78,25000,387.450609,1288.86517,3502859.34,15.0,0.0,0.0,120000,363.149301,1174.33823,2292516.55,10.0,15000,0.55,120000,338.765552,1157.37742,1417528.88,10.0,35000,0.78,120000
49,-0.0045802483790308,-0.0025281089104724,-0.0014859903861816,-0.0015451174132434,-0.0113569812211231,-0.0014953313324951,-0.0091089894124276,-0.0010818277102804,-0.0043661688239071,-0.0017455532993931,336.95806,1137.56067,1371590.23,10.0,35000,0.78,25000,387.467014,1289.30153,3502346.14,15.0,0.0,0.0,120000,363.164082,1174.74397,2292119.19,10.0,15000,0.55,120000,338.776714,1157.60367,1417368.49,10.0,35000,0.78,120000
50,-0.0046458187306439,-0.0026171047573503,-0.0015010545395903,-0.0015741026593978,-0.0115551262996016,-0.0015108367186502,-0.0092704693630778,-0.0011394401329388,-0.0044452083768788,-0.0017543897498895,336.973388,1137.92461,1371444.51,10.0,35000,0.78,25000,387.480798,1289.7796,3501826.42,15.0,0.0,0.0,120000,363.17637,1175.1893,2291716.49,10.0,15000,0.55,120000,338.785113,1157.86192,1417206.5,10.0,35000,0.78,120000
51,-0.004754743446373,-0.0026379882494577,-0.001526402278586,-0.0016109620732483,-0.0117290206691381,-0.0015877896798052,-0.0093864716521195,-0.0011656054436026,-0.0045507492585917,-0.0018074774306615,336.998165,1138.24945,1371334.72,10.0,35000,0.78,25000,387.502779,1290.19892,3501356.84,15.0,0.0,0.0,120000,363.196801,1175.57741,2291342.56,10.0,15000,0.55,120000,338.803989,1158.08663,1417064.87,10.0,35000,0.78,120000
52,-0.0048205068607014,-0.0026628947306807,-0.001548847111903,-0.0016522292287422,-0.0119001909906882,-0.0016211252557685,-0.0095430111284725,-0.0012301270119428,-0.0046039853093502,-0.0018178908188884,337.022461,1138.55741,1371240.6,10.0,35000,0.78,25000,387.522614,1290.60401,3500864.35,15.0,0.0,0.0,120000,363.215297,1175.95192,2290940.14,10.0,15000,0.55,120000,338.819948,1158.26197,1416915.91,10.0,35000,0.78,120000
53,-0.0048727978460779,-0.002710051169025,-0.0015616854836195,-0.0016639729273277,-0.0120573266288468,-0.0016391955923403,-0.009678418691635,-0.0012512766236162,-0.0046786688689096,-0.001864080798298,337.036685,1138.87899,1371055.66,10.0,35000,0.78,25000,387.537079,1291.03427,3500361.7,15.0,0.0,0.0,120000,363.228152,1176.35843,2290576.12,10.0,15000,0.55,120000,338.830189,1158.50921,1416769.14,10.0,35000,0.78,120000
54,-0.0049620602689145,-0.0027483517428477,-0.0016122067673759,-0.0016867050552589,-0.0122212687890607,-0.0016717685737024,-0.0098401242519563,-0.0012816879338619,-0.0047501722007165,-0.0018754060476375,337.056399,1139.23484,1370903.8,10.0,35000,0.78,25000,387.556014,1291.49844,3499916.04,15.0,0.0,0.0,120000,363.245387,1176.79375,2290234.12,10.0,15000,0.55,120000,338.845265,1158.78107,1416640.88,10.0,35000,0.78,120000
55,-0.0050289164813391,-0.0027942560842281,-0.0016517236928965,-0.0017293044541902,-0.01242349122777,-0.00170112664566,-0.0099659926171407,-0.0013221264922401,-0.0048140740856221,-0.0018832826994624,337.078144,1139.56462,1370782.19,10.0,35000,0.78,25000,387.573267,1291.91537,3499386.93,15.0,0.0,0.0,120000,363.261344,1177.17784,2289808.51,10.0,15000,0.55,120000,338.858689,1158.98624,1416464.01,10.0,35000,0.78,120000
56,-0.0050932605884394,-0.0028478112949428,-0.0016800832878272,-0.0017567875572088,-0.0125843146658702,-0.001731533516354,-0.010123874762067,-0.0013358413739846,-0.004878178594683,-0.0019227452989069,337.097786,1139.9158,1370569.31,10.0,35000,0.78,25000,387.590286,1292.36774,3498719.01,15.0,0.0,0.0,120000,363.276758,1177.60018,2289311.05,10.0,15000,0.55,120000,338.871516,1159.22888,1416240.22,10.0,35000,0.78,120000
57,-0.0051563066090666,-0.0029049666347474,-0.0017045243919319,-0.001774392622423,-0.012765152723875,-0.0017617037744031,-0.010237119423221,-0.0013603600028111,-0.0049817032009683,-0.0019331104467771,337.110368,1140.25212,1370438.28,10.0,35000,0.78,25000,387.602563,1292.79303,3498381.15,15.0,0.0,0.0,120000,363.287737,1177.99864,2289050.96,10.0,15000,0.55,120000,338.880486,1159.50517,1416139.81,10.0,35000,0.78,120000
58,-0.0052439601960432,-0.0029494083230163,-0.0017313410406931,-0.0018025918937203,-0.0129419283148197,-0.0018297539283905,-0.0103984863234428,-0.0014055228759132,-0.0050324393094644,-0.0019749983846653,337.1348,1140.61472,1370259.96,10.0,35000,0.78,25000,387.623477,1293.25648,3497784.89,15.0,0.0,0.0,120000,363.306897,1178.43175,2288598.08,10.0,15000,0.55,120000,338.8978,1159.75326,1415944.42,10.0,35000,0.78,120000
59,-0.0053314780437333,-0.0029766858870022,-0.0017722323887364,-0.001807190181838,-0.0131206430407359,-0.00185606049755,-0.0105308968334422,-0.0014062717519439,-0.0051061270913257,-0.0020287319009328,337.153809,1140.98509,1370030.65,10.0,35000,0.78,25000,387.643297,1293.74265,3497268.27,15.0,0.0,0.0,120000,363.324809,1178.89367,2288235.99,10.0,15000,0.55,120000,338.914168,1160.06149,1415796.33,10.0,35000,0.78,120000
60,-0.0053987984633677,-0.0030235398379226,-0.0017800237162766,-0.0018315945789057,-0.0132981572641013,-0.0018968866689659,-0.0106713714268349,-0.001437143497981,-0.0051590591794877,-0.0020511333178987,337.174682,1141.32069,1369845.1,10.0,35000,0.78,25000,387.660648,1294.16789,3496682.67,15.0,0.0,0.0,120000,363.34072,1179.29097,2287797.0,10.0,15000,0.55,120000,338.928255,1160.29197,1415596.93,10.0,35000,0.78,120000
61,-0.0054593947630322,-0.0030751718297866,-0.001811233817992,-0.0018472771848699,-0.0134881272308433,-0.0019469251619641,-0.0107955591159721,-0.0014650701996746,-0.0052053415747513,-0.0020646859421194,337.191331,1141.65702,1369668.13,10.0,35000,0.78,25000,387.675427,1294.59486,3496200.98,15.0,0.0,0.0,120000,363.354111,1179.69197,2287440.92,10.0,15000,0.55,120000,338.940064,1160.55068,1415437.59,10.0,35000,0.78,120000
62,-0.0055111698263322,-0.0031121284116181,-0.0018312264467021,-0.001877758974073,-0.0136626450908242,-0.0019645835210721,-0.0109199483172738,-0.0014836142483005,-0.0052741474432737,-0.0021016303476008,337.212203,1141.98852,1369486.65,10.0,35000,0.78,25000,387.69178,1295.00751,3495607.05,15.0,0.0,0.0,120000,363.369337,1180.07531,2286991.34,10.0,15000,0.55,120000,338.953599,1160.77296,1415229.72,10.0,35000,0.78,120000
63,-0.0055628802169861,-0.003192394979956,-0.0018762561287679,-0.0019057271646665,-0.0138238430549583,-0.0020028434617721,-0.0110553975152671,-0.0015244255512816,-0.0053709322485685,-0.002138284289584,337.22561,1142.35317,1369351.82,10.0,35000,0.78,25000,387.7023,1295.4489,3495200.42,15.0,0.0,0.0,120000,363.378851,1180.4849,2286671.35,10.0,15000,0.55,120000,338.961115,1161.0585,1415083.05,10.0,35000,0.78,120000
64,-0.005626079122505,-0.0032181264674935,-0.0019088465995501,-0.0019121299604329,-0.0139896733268316,-0.0020254777108343,-0.0112267785777956,-0.0015269329117241,-0.0054242438113949,-0.0021959902541794,337.247497,1142.74847,1369068.33,10.0,35000,0.78,25000,387.722655,1295.95996,3494521.65,15.0,0.0,0.0,120000,363.397477,1180.9699,2286196.57,10.0,15000,0.55,120000,338.978507,1161.37019,1414862.81,10.0,35000,0.78,120000
65,-0.0056800415763332,-0.0032798656159722,-0.0019709256776389,-0.0019233725884787,-0.0141761109808844,-0.0020732664016137,-0.0113575961706415,-0.0015698573181296,-0.0054778732007679,-0.0022189125090545,337.261085,1143.11558,1368911.01,10.0,35000,0.78,25000,387.735237,1296.41767,3494164.07,15.0,0.0,0.0,120000,363.408822,1181.4012,2285929.7,10.0,15000,0.55,120000,338.988416,1161.67795,1414748.59,10.0,35000,0.78,120000
66,-0.0057469672134015,-0.0033081379637464,-0.0020049044121495,-0.0019420070803209,-0.0143478325091331,-0.0021483503453466,-0.0114778862501486,-0.0016108043948229,-0.0055363782773727,-0.0022869837609334,337.282488,1143.45985,1368751.22,10.0,35000,0.78,25000,387.753447,1296.84562,3493703.42,15.0,0.0,0.0,120000,363.425772,1181.80328,2285583.91,10.0,15000,0.55,120000,339.004727,1161.9375,1414595.44,10.0,35000,0.78,120000
67,-0.0058033801321439,-0.0033755185266945,-0.0020196194361045,-0.0019738298213201,-0.0145347526426991,-0.0021939398503437,-0.0115912739231536,-0.0016284542873457,-0.0056064979761718,-0.0022984934849131,337.300135,1143.7983,1368576.14,10.0,35000,0.78,25000,387.766267,1297.248,3493132.32,15.0,0.0,0.0,120000,363.437749,1182.17483,2285146.94,10.0,15000,0.55,120000,339.015191,1162.17577,1414374.16,10.0,35000,0.78,120000
68,-0.0058827533619533,-0.0034051151729616,-0.0020767846740976,-0.0019819755678637,-0.0147718782704056,-0.0022046585101124,-0.0117084722503471,-0.0016376447345548,-0.0056556790991917,-0.0023190138920517,337.321062,1144.20316,1368338.82,10.0,35000,0.78,25000,387.786077,1297.75589,3492606.76,15.0,0.0,0.0,120000,363.456095,1182.65595,2284771.63,10.0,15000,0.55,120000,339.032465,1162.50397,1414205.23,10.0,35000,0.78,120000
69,-0.0059583241240706,-0.003436723800678,-0.0021236446372598,-0.0019916183649979,-0.0149269977746824,-0.0022108651054946,-0.0118534697535744,-0.0016728726733393,-0.0057544681710213,-0.0023405435139313,337.337467,1144.58538,1368194.37,10.0,35000,0.78,25000,387.802233,1298.22576,3492341.32,15.0,0.0,0.0,120000,363.471054,1183.10035,2284569.91,10.0,15000,0.55,120000,339.046501,1162.83146,1414132.1,10.0,35000,0.78,120000
70,-0.0060364992778711,-0.0035057430678824,-0.0021552354166683,-0.0020359648352323,-0.015077415812757,-0.0022623786826654,-0.0119743285027071,-0.0016897491373806,-0.0058180910429989,-0.0023560651740404,337.3581,1144.91136,1368041.35,10.0,35000,0.78,25000,387.816309,1298.59656,3491747.97,15.0,0.0,0.0,120000,363.484409,1183.43758,2284102.65,10.0,15000,0.55,120000,339.058711,1163.04275,1413886.47,10.0,35000,0.78,120000
71,-0.0061160969910843,-0.0035589642697144,-0.0021776102867029,-0.0020462973455491,-0.0152812286276646,-0.0022883257671058,-0.0120879473253246,-0.0017120358399048,-0.0058793200310282,-0.0023761037593001,337.375856,1145.28573,1367838.03,10.0,35000,0.78,25000,387.832533,1299.0533,3491272.0,15.0,0.0,0.0,120000,363.499239,1183.86819,2283757.71,10.0,15000,0.55,120000,339.072586,1163.34347,1413719.79,10.0,35000,0.78,120000
72,-0.0061752875727386,-0.0036033679260708,-0.002189008594222,-0.0021246307412896,-0.0154812970899581,-0.0023431080865253,-0.0122385262170787,-0.0017299979886939,-0.0059260390258733,-0.0023948216707769,337.411382,1145.6577,1367625.67,10.0,35000,0.78,25000,387.854099,1299.46326,3490257.82,15.0,0.0,0.0,120000,363.520255,1184.23268,2282959.82,10.0,15000,0.55,120000,339.092882,1163.502,1413294.76,10.0,35000,0.78,120000
73,-0.0062729493682746,-0.003652173422614,-0.0022434683111777,-0.0021467077779677,-0.0156395081000845,-0.0023723081319557,-0.0123721443152758,-0.0017410376533638,-0.0060211078486839,-0.0024120059180725,337.429884,1146.0432,1367458.78,10.0,35000,0.78,25000,387.870698,1299.9207,3489847.3,15.0,0.0,0.0,120000,363.535587,1184.65925,2282648.42,10.0,15000,0.55,120000,339.107674,1163.81903,1413144.99,10.0,35000,0.78,120000
74,-0.0063266153918686,-0.003723686505296,-0.0022926773253838,-0.0021631601603704,-0.0158211762685437,-0.0024205800604418,-0.012487991491591,-0.0017475714337459,-0.0060738056587265,-0.0024358920791622,337.443499,1146.40894,1367245.48,10.0,35000,0.78,25000,387.882225,1300.35455,3489310.47,15.0,0.0,0.0,120000,363.545954,1185.067,2282256.14,10.0,15000,0.55,120000,339.117119,1164.11333,1412938.43,10.0,35000,0.78,120000
75,-0.0064069197937899,-0.0037589134536149,-0.0023226685121525,-0.002191928342247,-0.0159985493268482,-0.0024309865355096,-0.0126292582909416,-0.0017565792195475,-0.0061230985144265,-0.0024600087842339,337.468582,1146.7915,1367012.77,10.0,35000,0.78,25000,387.902208,1300.80215,3488632.81,15.0,0.0,0.0,120000,363.564643,1185.48656,2281750.7,10.0,15000,0.55,120000,339.135583,1164.37999,1412676.28,10.0,35000,0.78,120000
76,-0.0064568035381422,-0.0038144004064275,-0.0023309824776118,-0.0022008325236137,-0.0161727533199361,-0.0024930069843246,-0.0127756245196877,-0.0017905104395277,-0.0061723213234791,-0.0024912898974171,337.485349,1147.16998,1366793.58,10.0,35000,0.78,25000,387.916827,1301.25616,3488096.37,15.0,0.0,0.0,120000,363.577834,1185.91795,2281364.29,10.0,15000,0.55,120000,339.148521,1164.68022,1412476.4,10.0,35000,0.78,120000
77,-0.0065350489571379,-0.0038537081337678,-0.0023436969956895,-0.002205474319639,-0.016333683069743,-0.0025033799177627,-0.0129099695902489,-0.001831016310154,-0.0062686389510064,-0.0025076522904414,337.500957,1147.5476,1366642.92,10.0,35000,0.78,25000,387.932395,1301.70896,3487826.42,15.0,0.0,0.0,120000,363.591968,1186.34992,2281164.56,10.0,15000,0.55,120000,339.162513,1165.00721,1412388.95,10.0,35000,0.78,120000
78,-0.0065993059380562,-0.0039475547530916,-0.0023884125205174,-0.0022779867441723,-0.0164944058622517,-0.0025517904808375,-0.0130377973419891,-0.001839822674317,-0.006360646379721,-0.0025336069546276,337.523966,1147.91843,1366481.05,10.0,35000,0.78,25000,387.944825,1302.10015,3487049.28,15.0,0.0,0.0,120000,363.603928,1186.69908,2280536.35,10.0,15000,0.55,120000,339.173669,1165.22363,1412035.14,10.0,35000,0.78,120000
79,-0.0066868821659893,-0.0039731280826766,-0.0023951730782634,-0.0023234798496456,-0.0166665296505313,-0.0026015902108444,-0.0131737283879671,-0.0018781380684171,-0.0064158203788019,-0.0025505413498609,337.553745,1148.27292,1366325.54,10.0,35000,0.78,25000,387.966524,1302.49825,3486423.01,15.0,0.0,0.0,120000,363.62449,1187.06658,2280040.5,10.0,15000,0.55,120000,339.195116,1165.44277,1411771.82,10.0,35000,0.78,120000
80,-0.0067541181569345,-0.0040079561755796,-0.0024092642417238,-0.0023292944586237,-0.016824815272962,-0.002636944108617,-0.0132964734452455,-0.0018922476089326,-0.00648161839918,-0.0025983434918479,337.571241,1148.63616,1366111.39,10.0,35000,0.78,25000,387.982896,1302.93294,3485937.24,15.0,0.0,0.0,120000,363.639319,1187.48115,2279695.19,10.0,15000,0.55,120000,339.210417,1165.74483,1411591.4,10.0,35000,0.78,120000
81,-0.0068037157611172,-0.0040344078607382,-0.0024159947832203,-0.0023530430685863,-0.0170086648831676,-0.0026641022607798,-0.0134230966084475,-0.0019499902216196,-0.006619106685782,-0.002608630322056,337.588587,1149.02223,1366027.44,10.0,35000,0.78,25000,387.997583,1303.3816,3485724.61,15.0,0.0,0.0,120000,363.652986,1187.90356,2279507.56,10.0,15000,0.55,120000,339.224576,1166.06211,1411511.56,10.0,35000,0.78,120000
82,-0.0068912322907018,-0.0040916574793791,-0.0024701819766926,-0.0023860738438147,-0.0171880073247155,-0.002695777504434,-0.0135628406133298,-0.0020027131967603,-0.0066930550257652,-0.0026434437936348,337.610798,1149.43268,1365884.43,10.0,35000,0.78,25000,388.015217,1303.84995,3485277.23,15.0,0.0,0.0,120000,363.669268,1188.34142,2279148.66,10.0,15000,0.55,120000,339.241308,1166.37712,1411321.85,10.0,35000,0.78,120000
83,-0.0069717271615437,-0.0041199641723093,-0.0025130579484365,-0.0024094071181612,-0.0173756502892556,-0.0027214281898204,-0.0136903427227314,-0.0020194293787408,-0.0067670736926932,-0.0026655145382936,337.633154,1149.82985,1365696.41,10.0,35000,0.78,25000,388.034307,1304.31285,3484777.9,15.0,0.0,0.0,120000,363.686911,1188.77763,2278769.95,10.0,15000,0.55,120000,339.259994,1166.69439,1411121.11,10.0,35000,0.78,120000
84,-0.0070441288896755,-0.0041941227194707,-0.0025266451858132,-0.0024404610340537,-0.0175310668670332,-0.0027509018384065,-0.0138124683740908,-0.0020202462952535,-0.0068217113517953,-0.0027500320108749,337.654906,1150.20733,1365431.09,10.0,35000,0.78,25000,388.050376,1304.74196,3483957.43,15.0,0.0,0.0,120000,363.701494,1189.17836,2278165.01,10.0,15000,0.55,120000,339.275104,1166.96622,1410769.59,10.0,35000,0.78,120000
85,-0.0071357141894732,-0.0042323472026413,-0.0025979333070648,-0.0025053713844405,-0.0176940390647397,-0.0028321202345016,-0.0139304589612296,-0.0020245473618794,-0.0068801181605087,-0.0027817898608831,337.684541,1150.56139,1365279.53,10.0,35000,0.78,25000,388.070322,1305.12747,3483239.2,15.0,0.0,0.0,120000,363.720508,1189.52652,2277586.23,10.0,15000,0.55,120000,339.295742,1167.19276,1410442.41,10.0,35000,0.78,120000
86,-0.0072045932502673,-0.0042599750779884,-0.0026196144465607,-0.0025191108027964,-0.0178584709237014,-0.0028687455849911,-0.0140678658192969,-0.0021179421024468,-0.0069283046527346,-0.0027904050692069,337.70399,1150.91007,1365205.6,10.0,35000,0.78,25000,388.087346,1305.54119,3483053.76,15.0,0.0,0.0,120000,363.736081,1189.91962,2277425.04,10.0,15000,0.55,120000,339.312737,1167.48264,1410364.78,10.0,35000,0.78,120000
87,-0.0072775349640711,-0.0042964253282257,-0.0026395382155643,-0.0025885828192101,-0.0180096720650323,-0.0028880759873921,-0.01418529134356,-0.0021368040543781,-0.0069943367054242,-0.0028066027906485,337.733964,1151.2327,1365072.95,10.0,35000,0.78,25000,388.105946,1305.88169,3482326.58,15.0,0.0,0.0,120000,363.753951,1190.22433,2276830.56,10.0,15000,0.55,120000,339.33234,1167.66143,1410017.66,10.0,35000,0.78,120000
88,-0.0073388045900573,-0.004338799309905,-0.0026808121919891,-0.0026186262609929,-0.0181928301762351,-0.0028929228103571,-0.0143171882000812,-0.0021766118951025,-0.0070656883097218,-0.0028371082560944,337.755358,1151.62749,1364910.21,10.0,35000,0.78,25000,388.122767,1306.33808,3481832.49,15.0,0.0,0.0,120000,363.769411,1190.65262,2276443.92,10.0,15000,0.55,120000,339.349335,1167.97493,1409795.46,10.0,35000,0.78,120000
89,-0.007397010566518,-0.0043628037507245,-0.0027176336540971,-0.0026256683455438,-0.0183582382122441,-0.0029041341121609,-0.0144357217670883,-0.0022153321693077,-0.0071199273379826,-0.0028622743065608,337.772129,1151.98124,1364758.32,10.0,35000,0.78,25000,388.138571,1306.76315,3481506.29,15.0,0.0,0.0,120000,363.78369,1191.05846,2276201.98,10.0,15000,0.55,120000,339.365323,1168.28829,1409660.88,10.0,35000,0.78,120000
90,-0.0074677823381933,-0.004417905397494,-0.0027459714353041,-0.0026398792274804,-0.0185401714340895,-0.0029084609605361,-0.0145740178889338,-0.0022550890562661,-0.0071720153769058,-0.0028807631536801,337.790617,1152.37668,1364567.53,10.0,35000,0.78,25000,388.154713,1307.23023,3481030.61,15.0,0.0,0.0,120000,363.798145,1191.50159,2275846.99,10.0,15000,0.55,120000,339.38142,1168.6273,1409449.75,10.0,35000,0.78,120000
91,-0.0075569195944575,-0.0044671338730618,-0.0027587037313292,-0.0026511292784258,-0.0187815570229038,-0.0029390946795783,-0.0147315291600445,-0.0022694604930649,-0.0072235039709231,-0.0029605103301776,337.818516,1152.87942,1364227.2,10.0,35000,0.78,25000,388.179398,1307.83272,3480162.09,15.0,0.0,0.0,120000,363.820264,1192.07644,2275228.58,10.0,15000,0.55,120000,339.406815,1169.05564,1409078.96,10.0,35000,0.78,120000
92,-0.0076090370142588,-0.0044988514043151,-0.0027663441213097,-0.0026803524969478,-0.0189600664120717,-0.002946138616168,-0.0148503727641825,-0.0022918788939271,-0.0072975835958328,-0.003013931993064,337.841537,1153.25518,1364030.3,10.0,35000,0.78,25000,388.197165,1308.26814,3479540.34,15.0,0.0,0.0,120000,363.836543,1192.48557,2274755.96,10.0,15000,0.55,120000,339.425825,1169.35515,1408794.62,10.0,35000,0.78,120000
93,-0.0076590815125819,-0.0045550830512349,-0.0028073624523111,-0.0027079187194538,-0.019117023973779,-0.0029816149867949,-0.0149670988604146,-0.0023163083689115,-0.0073441017586331,-0.0030244799675466,337.857897,1153.58986,1363877.17,10.0,35000,0.78,25000,388.209462,1308.65428,3479054.43,15.0,0.0,0.0,120000,363.847627,1192.84571,2274380.01,10.0,15000,0.55,120000,339.438704,1169.63294,1408564.74,10.0,35000,0.78,120000
94,-0.0077139435059654,-0.0046216228855581,-0.0028129287576122,-0.0027400308781308,-0.0193086205914732,-0.0029948673059888,-0.0150958125463271,-0.002366628695222,-0.0074097434266322,-0.0030658144835811,337.879087,1153.98305,1363702.49,10.0,35000,0.78,25000,388.224956,1309.10601,3478456.78,15.0,0.0,0.0,120000,363.861565,1193.26816,2273917.82,10.0,15000,0.55,120000,339.455212,1169.95027,1408276.38,10.0,35000,0.78,120000
95,-0.0077811466164628,-0.0046865228015684,-0.0028529596043396,-0.0027481454001056,-0.0194792830743992,-0.0030149958048685,-0.0152253531458816,-0.0024622261450048,-0.0074881026931941,-0.0030976157446109,337.892056,1154.37107,1363630.91,10.0,35000,0.78,25000,388.237651,1309.56808,3478343.97,15.0,0.0,0.0,120000,363.87261,1193.70752,2273814.23,10.0,15000,0.55,120000,339.468004,1170.31844,1408212.64,10.0,35000,0.78,120000
96,-0.0078497789491706,-0.0047486779278733,-0.0028668234779341,-0.002784586625378,-0.0196597179601124,-0.0030264476977078,-0.0153399142254815,-0.0025047990374549,-0.0075548458879055,-0.0031591715665067,337.915067,1154.75101,1363461.99,10.0,35000,0.78,25000,388.254421,1310.00144,3477725.69,15.0,0.0,0.0,120000,363.887797,1194.11116,2273333.72,10.0,15000,0.55,120000,339.486165,1170.624,1407911.17,10.0,35000,0.78,120000
97,-0.0079046813656145,-0.0047799839276033,-0.0028801545179693,-0.0028122338625873,-0.0198369454148403,-0.0030438827040518,-0.0154637488584833,-0.0025473076624359,-0.0076079427484786,-0.0031978708340183,337.938226,1155.11543,1363298.43,10.0,35000,0.78,25000,388.272414,1310.4276,3477176.77,15.0,0.0,0.0,120000,363.904168,1194.5115,2272911.48,10.0,15000,0.55,120000,339.506192,1170.92877,1407648.73,10.0,35000,0.78,120000
98,-0.0079603674088288,-0.0048187723526096,-0.0029193336307372,-0.0028243422162851,-0.0200090657142705,-0.0030816303080077,-0.0155855229166072,-0.002547786266107,-0.007698270009701,-0.003228354423126,337.953735,1155.50448,1363102.27,10.0,35000,0.78,25000,388.287019,1310.89475,3476713.9,15.0,0.0,0.0,120000,363.917115,1194.95412,2272573.77,10.0,15000,0.55,120000,339.521801,1171.29915,1407442.83,10.0,35000,0.78,120000
99,-0.0080324466691749,-0.0048674416232028,-0.0029274083780078,-0.0028807534464918,-0.0201688139923102,-0.0031330555769464,-0.0157425385097141,-0.0025546066292146,-0.0077834017042204,-0.0032880891878823,337.984317,1155.915,1362878.59,10.0,35000,0.78,25000,388.307957,1311.35662,3475813.01,15.0,0.0,0.0,120000,363.936429,1195.37877,2271877.18,10.0,15000,0.55,120000,339.545665,1171.61528,1407007.71,10.0,35000,0.78,120000
100,-0.0080853591104114,-0.0049045636189525,-0.0029722252668003,-0.0028924697011024,-0.020352508514855,-0.003138935531698,-0.0158683327693635,-0.0025773945041129,-0.0078778074227399,-0.0033290699364317,338.000662,1156.32673,1362701.57,10.0,35000,0.78,25000,388.323388,1311.85246,3475406.98,15.0,0.0,0.0,120000,363.950092,1195.84976,2271575.72,10.0,15000,0.55,120000,339.562525,1172.01379,1406820.38,10.0,35000,0.78,120000
101,-0.0081502095083234,-0.0049586555990811,-0.0029815808385428,-0.002902455052805,-0.02052355817927,-0.0031440330143874,-0.0159966543011322,-0.002582942118345,-0.0079380305452075,-0.0033400582593188,338.017195,1156.70143,1362480.8,10.0,35000,0.78,25000,388.3383,1312.30274,3474851.22,15.0,0.0,0.0,120000,363.963157,1196.27706,2271174.73,10.0,15000,0.55,120000,339.578679,1172.36925,1406563.26,10.0,35000,0.78,120000
102,-0.0082237032936949,-0.0049906898071986,-0.003032603574546,-0.0029245917903994,-0.0206744839049074,-0.0031484939545176,-0.0161467978175634,-0.0026214357465796,-0.0080420068703422,-0.0033625753864792,338.036499,1157.10766,1362357.19,10.0,35000,0.78,25000,388.355462,1312.78497,3474525.84,15.0,0.0,0.0,120000,363.978653,1196.73175,2270912.61,10.0,15000,0.55,120000,339.597681,1172.75702,1406400.62,10.0,35000,0.78,120000
103,-0.0082874810199846,-0.0050218172390099,-0.0030788502566343,-0.0029380969995917,-0.0208799014952717,-0.0031576829692881,-0.0163188997593699,-0.0026582398620152,-0.0081128304805604,-0.00342442310932,338.061068,1157.5939,1362118.54,10.0,35000,0.78,25000,388.377583,1313.37634,3473914.74,15.0,0.0,0.0,120000,363.998325,1197.29489,2270464.7,10.0,15000,0.55,120000,339.622569,1173.22318,1406117.01,10.0,35000,0.78,120000
104,-0.0083769054475125,-0.005070414370509,-0.0031454252353532,-0.0029690377580771,-0.021036241932841,-0.0032135746469131,-0.0164868202546485,-0.0026709804810171,-0.008158944853742,-0.0034581588256137,338.086166,1158.01569,1361904.28,10.0,35000,0.78,25000,388.39798,1313.87472,3473239.48,15.0,0.0,0.0,120000,364.016672,1197.76172,2269954.62,10.0,15000,0.55,120000,339.645378,1173.60715,1405796.28,10.0,35000,0.78,120000
105,-0.0084299740922632,-0.0051525436558128,-0.0031546994853653,-0.0029882023384969,-0.0212230456517312,-0.0032613865148757,-0.0166187745894026,-0.0026882866882539,-0.0082289327340903,-0.0034657817345255,338.101185,1158.40542,1361702.04,10.0,35000,0.78,25000,388.410003,1314.3382,3472660.24,15.0,0.0,0.0,120000,364.026943,1198.19737,2269524.62,10.0,15000,0.55,120000,339.658557,1173.97469,1405518.68,10.0,35000,0.78,120000
106,-0.0085085170937698,-0.0051783636593397,-0.0031608334526358,-0.0029995542178528,-0.0214117182076198,-0.00329818869919,-0.0167377994384341,-0.0027167993762876,-0.0082984358117402,-0.0035004515502616,338.123334,1158.78704,1361525.01,10.0,35000,0.78,25000,388.42987,1314.80449,3472183.32,15.0,0.0,0.0,120000,364.044657,1198.64044,2269173.3,10.0,15000,0.55,120000,339.680733,1174.34537,1405298.02,10.0,35000,0.78,120000
107,-0.0085611374538213,-0.0052020410751853,-0.0031826034714827,-0.0030309482052113,-0.0215681851158665,-0.0033318558293899,-0.0168801271506052,-0.0027617694780639,-0.0083484792044099,-0.0035232076980664,338.147692,1159.14166,1361389.24,10.0,35000,0.78,25000,388.448341,1315.22573,3471661.18,15.0,0.0,0.0,120000,364.06142,1199.03461,2268763.04,10.0,15000,0.55,120000,339.702274,1174.66218,1405039.14,10.0,35000,0.78,120000
108,-0.0086350298423152,-0.0052637157583683,-0.003223102343131,-0.0030356973555552,-0.021744542687287,-0.0033380678306021,-0.0170016658654132,-0.0027785991298058,-0.008422015576467,-0.0036166273547469,338.165145,1159.56615,1361156.15,10.0,35000,0.78,25000,388.465123,1315.74627,3471101.48,15.0,0.0,0.0,120000,364.075842,1199.53115,2268366.43,10.0,15000,0.55,120000,339.720456,1175.09164,1404785.4,10.0,35000,0.78,120000
109,-0.0087021932489392,-0.0052884067707051,-0.0032348061039319,-0.0030550169260947,-0.0219410666106915,-0.0034010021757678,-0.0171472132825972,-0.0027990827405585,-0.0085214270118189,-0.0037272999653469,338.192702,1160.02701,1360914.47,10.0,35000,0.78,25000,388.488624,1316.31008,3470387.08,15.0,0.0,0.0,120000,364.096739,1200.06521,2267844.14,10.0,15000,0.55,120000,339.74723,1175.53624,1404461.78,10.0,35000,0.78,120000
110,-0.0087791091377562,-0.0053671141421494,-0.0032542540637731,-0.0031163653410597,-0.0221004830353507,-0.0034077752048964,-0.017341109806227,-0.0028104592239674,-0.0085745580070761,-0.0037522259900247,338.224637,1160.46327,1360668.61,10.0,35000,0.78,25000,388.509314,1316.81037,3469362.45,15.0,0.0,0.0,120000,364.115451,1200.52103,2267055.59,10.0,15000,0.55,120000,339.771573,1175.89878,1403953.54,10.0,35000,0.78,120000
111,-0.0088588748751276,-0.0054136833992243,-0.0032797298427688,-0.0031637117687479,-0.0223291044572563,-0.003443913050865,-0.0174594769894239,-0.0028679723912,-0.0086661944304334,-0.0037755824278032,338.252799,1160.87909,1360564.09,10.0,35000,0.78,25000,388.529676,1317.29726,3468833.24,15.0,0.0,0.0,120000,364.133989,1200.96826,2266621.37,10.0,15000,0.55,120000,339.795176,1176.27024,1403678.82,10.0,35000,0.78,120000
112,-0.0089367096728269,-0.0054643703461727,-0.0033402212529156,-0.0032029424048145,-0.0224783954789983,-0.0034702643610667,-0.0176106571596682,-0.0028896054894782,-0.0087196289827334,-0.0038217197528302,338.278297,1161.27598,1360386.74,10.0,35000,0.78,25000,388.548679,1317.76496,3468169.7,15.0,0.0,0.0,120000,364.151156,1201.39959,2266111.31,10.0,15000,0.55,120000,339.817001,1176.63099,1403356.04,10.0,35000,0.78,120000
113,-0.0089960294291336,-0.0055180279811747,-0.0033995422148235,-0.0032197630991177,-0.0226705137543542,-0.0034827905968592,-0.0177269543459439,-0.0028999504746488,-0.0087867220438384,-0.0038845450515843,338.296854,1161.69155,1360177.02,10.0,35000,0.78,25000,388.564782,1318.27075,3467591.64,15.0,0.0,0.0,120000,364.165265,1201.87366,2265691.08,10.0,15000,0.55,120000,339.835105,1177.04294,1403090.59,10.0,35000,0.78,120000
114,-0.0090553347834035,-0.0055485959212587,-0.0034521448171655,-0.00325856177549,-0.0228305807840372,-0.0035123061450968,-0.0178623488864295,-0.0029514464754951,-0.0088429261842324,-0.0038992687996024,338.3206,1162.05147,1360084.18,10.0,35000,0.78,25000,388.582292,1318.6953,3467150.61,15.0,0.0,0.0,120000,364.181333,1202.26413,2265330.69,10.0,15000,0.55,120000,339.855669,1177.36914,1402865.47,10.0,35000,0.78,120000
115,-0.0091693318016552,-0.0055927738096061,-0.0034844181245578,-0.0033342427621235,-0.0230146433965166,-0.00353937705323,-0.0179795324867423,-0.0029557068391368,-0.0089339573529826,-0.0039664148785911,338.358289,1162.45525,1359914.93,10.0,35000,0.78,25000,388.60752,1319.14798,3466235.08,15.0,0.0,0.0,120000,364.204991,1202.66921,2264603.71,10.0,15000,0.55,120000,339.885248,1177.68944,1402411.41,10.0,35000,0.78,120000
116,-0.0092582837659865,-0.0056455323516932,-0.003498467261705,-0.0033392496431043,-0.0232055361635139,-0.0035769649874824,-0.0181262592272309,-0.0029855990290589,-0.0089947323197049,-0.0039800430355656,338.378054,1162.87564,1359713.39,10.0,35000,0.78,25000,388.626341,1319.66827,3465736.59,15.0,0.0,0.0,120000,364.22155,1203.1595,2264250.23,10.0,15000,0.55,120000,339.905956,1178.11706,1402188.06,10.0,35000,0.78,120000
117,-0.0029656230514888,-0.001618933720929,-0.0008663724003048,-0.0008572381783609,-0.0077661109582589,-0.0008893662956659,-0.0060482910002006,-0.0007699303759091,-0.0028039474180955,-0.0010364561648647,336.554778,1131.14158,1374792.05,10.0,35000,0.78,25000,387.088325,1280.19219,3515545.49,15.0,0.0,0.0,120000,362.811684,1166.30186,2302044.96,10.0,15000,0.55,120000,338.503107,1153.3238,1421246.67,10.0,35000,0.78,120000
118,-0.0032502014684033,-0.001761352860831,-0.0009041177806293,-0.0008821063637678,-0.0086325734657826,-0.0009191717026822,-0.0066676134612465,-0.0007809733103342,-0.0030723839981481,-0.0010960109522214,336.61621,1132.4104,1373970.02,10.0,35000,0.78,25000,387.164263,1282.19314,3512969.94,15.0,0.0,0.0,120000,362.881532,1168.19677,2300259.56,10.0,15000,0.55,120000,338.553954,1154.33875,1420634.42,10.0,35000,0.78,120000
119,-0.0033701571535906,-0.0018039537540234,-0.0009320722246531,-0.0009030529235599,-0.0090459211067328,-0.0009704517869122,-0.0069915060698114,-0.0008080650372213,-0.0032360429380214,-0.001127365486706,336.648881,1133.05992,1373616.32,10.0,35000,0.78,25000,387.202521,1283.18829,3511837.55,15.0,0.0,0.0,120000,362.916912,1169.13755,2299457.11,10.0,15000,0.55,120000,338.581233,1154.85321,1420381.84,10.0,35000,0.78,120000
120,-0.0034676386570738,-0.0018631947816914,-0.0010163290393143,-0.0009342404955579,-0.0093001877157592,-0.0009889908399536,-0.0072060724357575,-0.0008283936164794,-0.0033308462341783,-0.0011442769184548,336.670172,1133.50629,1373410.13,10.0,35000,0.78,25000,387.225611,1283.83766,3511108.95,15.0,0.0,0.0,120000,362.938275,1169.74454,2298918.02,10.0,15000,0.55,120000,338.59702,1155.1962,1420197.53,10.0,35000,0.78,120000
121,-0.0035787462803508,-0.0019042663244923,-0.0010498321010035,-0.0009503138156551,-0.0094923696815555,-0.0010370835887424,-0.0073439442865528,-0.0008556181817896,-0.0033977294695323,-0.0011556468242426,336.688378,1133.82319,1373277.94,10.0,35000,0.78,25000,387.245432,1284.29275,3510661.24,15.0,0.0,0.0,120000,362.956515,1170.17186,2298588.25,10.0,15000,0.55,120000,338.612212,1155.44881,1420090.59,10.0,35000,0.78,120000
122,-0.0036330941225041,-0.0019284877486824,-0.0010703780411339,-0.0009719289547739,-0.0096861455819305,-0.0010764084943575,-0.0075263798829877,-0.0008575294766342,-0.0034878658311311,-0.0011629050440214,336.706457,1134.16693,1373082.69,10.0,35000,0.78,25000,387.26454,1284.79865,3510001.6,15.0,0.0,0.0,120000,362.97425,1170.64637,2298109.2,10.0,15000,0.55,120000,338.626091,1155.70565,1419917.09,10.0,35000,0.78,120000
123,-0.0037134933756311,-0.0019537041518896,-0.0011268432629899,-0.0010464453833262,-0.009857692244773,-0.0011025093180812,-0.0076461899927863,-0.0009048788593421,-0.0035619371393473,-0.0011790000763935,336.733345,1134.42509,1373066.83,10.0,35000,0.78,25000,387.284106,1285.14226,3509448.36,15.0,0.0,0.0,120000,362.993317,1170.94969,2297631.35,10.0,15000,0.55,120000,338.641506,1155.79967,1419738.75,10.0,35000,0.78,120000
124,-0.0037884619263777,-0.0019758630536389,-0.00113734450195,-0.0010998339438193,-0.0100243321444197,-0.0011680542928996,-0.0077829105836034,-0.0009383937413261,-0.0036344013159497,-0.0012155596414983,336.75904,1134.69469,1372971.19,10.0,35000,0.78,25000,387.304721,1285.51702,3508791.31,15.0,0.0,0.0,120000,363.012966,1171.28975,2297110.68,10.0,15000,0.55,120000,338.657963,1155.92586,1419533.2,10.0,35000,0.78,120000
125,-0.0038697379751265,-0.0020090981661819,-0.0011515782435628,-0.0011103251067414,-0.0102463698366067,-0.0011912853225637,-0.0079605125013009,-0.0009408334112132,-0.0036889964272549,-0.0012801657828787,336.78101,1135.06648,1372690.33,10.0,35000,0.78,25000,387.328809,1286.07797,3507933.38,15.0,0.0,0.0,120000,363.034918,1171.82122,2296509.93,10.0,15000,0.55,120000,338.675463,1156.19699,1419301.68,10.0,35000,0.78,120000
126,-0.0039206545573463,-0.0020947413283297,-0.0011763238019248,-0.0011217516537399,-0.010399896511703,-0.0011990837660249,-0.0081006379841102,-0.0009581472546399,-0.003753106659945,-0.0012986229618243,336.788748,1135.37069,1372515.84,10.0,35000,0.78,25000,387.338184,1286.49993,3507431.4,15.0,0.0,0.0,120000,363.043001,1172.21743,2296148.71,10.0,15000,0.55,120000,338.679679,1156.44269,1419152.32,10.0,35000,0.78,120000
127,-0.0040030918875175,-0.0021524942758299,-0.0012063723866728,-0.0011394375286813,-0.0105637393700862,-0.0012452407110342,-0.0082475948045947,-0.0009642445565516,-0.0038074975129706,-0.0013328651829898,336.804926,1135.68741,1372316.51,10.0,35000,0.78,25000,387.354863,1286.94287,3506802.46,15.0,0.0,0.0,120000,363.058084,1172.63251,2295694.24,10.0,15000,0.55,120000,338.691551,1156.68059,1418962.39,10.0,35000,0.78,120000
128,-0.0040594758700858,-0.002181404984063,-0.0012722340542703,-0.0011643247362512,-0.010717679655056,-0.0013453660879415,-0.0083768518228645,-0.0010034016140885,-0.0038527002024637,-0.0013637206256959,336.821039,1135.97037,1372224.03,10.0,35000,0.78,25000,387.370032,1287.3269,3506424.71,15.0,0.0,0.0,120000,363.072096,1172.99002,2295398.85,10.0,15000,0.55,120000,338.703729,1156.89072,1418860.67,10.0,35000,0.78,120000
129,-0.0041495529238422,-0.0022369982163362,-0.0012819768509209,-0.001188884949035,-0.010902671404447,-0.0013700340693993,-0.008497944629914,-0.0010056127781784,-0.0039094657735054,-0.0013830200624187,336.839309,1136.26906,1372034.56,10.0,35000,0.78,25000,387.387434,1287.74008,3505768.32,15.0,0.0,0.0,120000,363.087973,1173.37478,2294916.28,10.0,15000,0.55,120000,338.716332,1157.09458,1418653.32,10.0,35000,0.78,120000
130,-0.0042201886671855,-0.0022941572462951,-0.0013423083239189,-0.001203997326417,-0.0110528217810097,-0.0013747544455695,-0.008628473572121,-0.0010537073561097,-0.003975944657474,-0.0014059763743778,336.85063,1136.57451,1371941.98,10.0,35000,0.78,25000,387.400087,1288.15381,3505499.91,15.0,0.0,0.0,120000,363.099322,1173.76333,2294706.31,10.0,15000,0.55,120000,338.724698,1157.34455,1418597.19,10.0,35000,0.78,120000
131,-0.0043144904787869,-0.0023202688878485,-0.0013494983205723,-0.0012284693942862,-0.0112059873597133,-0.0013911344344045,-0.0087759300924723,-0.0010998431919364,-0.004039363974127,-0.0014844138805108,336.874265,1136.88208,1371791.03,10.0,35000,0.78,25000,387.422543,1288.58769,3504923.36,15.0,0.0,0.0,120000,363.119997,1174.17036,2294274.48,10.0,15000,0.55,120000,338.742241,1157.54055,1418442.11,10.0,35000,0.78,120000
132,-0.0044085145591012,-0.0023667977119095,-0.0013889587999448,-0.0012359142150545,-0.0113560927487013,-0.0014129181798741,-0.0089139613526289,-0.0011470995088634,-0.0041101396276829,-0.0015374884914269,336.889334,1137.20661,1371663.51,10.0,35000,0.78,25000,387.439669,1289.03277,3504594.34,15.0,0.0,0.0,120000,363.135357,1174.59204,2294034.26,10.0,15000,0.55,120000,338.754997,1157.80971,1418374.67,10.0,35000,0.78,120000
133,-0.0044731864024959,-0.0024518013804233,-0.0014131444999833,-0.0012576612259604,-0.0115840375475752,-0.001440540937806,-0.0090379809921873,-0.0011954592246222,-0.0041949936859094,-0.0015633762015666,336.902593,1137.56813,1371517.17,10.0,35000,0.78,25000,387.452834,1289.51339,3504126.41,15.0,0.0,0.0,120000,363.146987,1175.0417,2293677.85,10.0,15000,0.55,120000,338.762944,1158.08539,1418239.61,10.0,35000,0.78,120000
134,-0.0045479636220199,-0.0024724972652323,-0.0014254440951856,-0.0012987661339552,-0.0117546468878121,-0.0014480335340186,-0.0091637495219866,-0.0012094197650274,-0.0042691666974619,-0.0016495130262337,336.928742,1137.87615,1371332.8,10.0,35000,0.78,25000,387.474981,1289.93188,3503367.16,15.0,0.0,0.0,120000,363.167592,1175.42887,2293103.14,10.0,15000,0.55,120000,338.780319,1158.24935,1418000.67,10.0,35000,0.78,120000
135,-0.0046105663195294,-0.0025303141484497,-0.0014351010759437,-0.0013437487244226,-0.011928602522256,-0.0014793247021954,-0.0092803354393651,-0.0012135354332573,-0.0043355215283258,-0.0017208239377694,336.950772,1138.18101,1371131.47,10.0,35000,0.78,25000,387.492056,1290.32863,3502540.71,15.0,0.0,0.0,120000,363.18331,1175.79242,2292478.82,10.0,15000,0.55,120000,338.792667,1158.4102,1417713.18,10.0,35000,0.78,120000
136,-0.0046639556203186,-0.0025785445084546,-0.0014525937001803,-0.0013697068724854,-0.0120848516681331,-0.001512311045183,-0.0094149129936389,-0.0012179146789075,-0.0044208830548186,-0.0017388194561589,336.966112,1138.49356,1370959.51,10.0,35000,0.78,25000,387.505887,1290.73657,3501990.01,15.0,0.0,0.0,120000,363.195853,1176.1722,2292064.65,10.0,15000,0.55,120000,338.802653,1158.63514,1417534.78,10.0,35000,0.78,120000
137,-0.0047239328576173,-0.0026212375687682,-0.0014885853084472,-0.0013785873681256,-0.0122560569451164,-0.0015178928510169,-0.0095454850021248,-0.0012364277925206,-0.0044999879867218,-0.0017993913730193,336.980619,1138.8378,1370767.54,10.0,35000,0.78,25000,387.521642,1291.20012,3501511.89,15.0,0.0,0.0,120000,363.209862,1176.61144,2291720.39,10.0,15000,0.55,120000,338.813904,1158.91033,1417406.37,10.0,35000,0.78,120000
138,-0.0048101691053996,-0.0026893135413399,-0.0015295246880148,-0.001424672720543,-0.0124166975982341,-0.0015382822678405,-0.0096978841218663,-0.0012440460390957,-0.0045596047892132,-0.0018416806927942,337.003712,1139.18292,1370561.5,10.0,35000,0.78,25000,387.539906,1291.63644,3500722.78,15.0,0.0,0.0,120000,363.226599,1177.01206,2291118.66,10.0,15000,0.55,120000,338.827382,1159.1143,1417126.34,10.0,35000,0.78,120000
139,-0.0049206419703843,-0.0027128579738597,-0.0015485035073318,-0.0014377187071416,-0.0126252904256048,-0.0015611990931494,-0.0098194145644631,-0.0012524960506489,-0.0046420992788575,-0.0019073627170493,337.027575,1139.55453,1370339.19,10.0,35000,0.78,25000,387.563916,1292.13267,3500130.92,15.0,0.0,0.0,120000,363.248355,1177.48198,2290692.12,10.0,15000,0.55,120000,338.847024,1159.39669,1416958.56,10.0,35000,0.78,120000
140,-0.0050660135384811,-0.0027537254494984,-0.0015876376694183,-0.0014428018054694,-0.0127787344762435,-0.0015735161830047,-0.0099538920427412,-0.0012686568942134,-0.0046932739153528,-0.0019461754431999,337.048788,1139.8995,1370144.4,10.0,35000,0.78,25000,387.586495,1292.587,3499681.3,15.0,0.0,0.0,120000,363.268672,1177.91349,2290372.34,10.0,15000,0.55,120000,338.865576,1159.67981,1416833.52,10.0,35000,0.78,120000
141,-0.0051809495639145,-0.0028193168916338,-0.001609703839136,-0.0014535379115351,-0.0129565403927513,-0.001582470461596,-0.010096014892855,-0.0013002092579762,-0.0047403683048105,-0.0019590604559424,337.067481,1140.25279,1369951.49,10.0,35000,0.78,25000,387.605155,1293.04477,3499190.25,15.0,0.0,0.0,120000,363.285329,1178.34586,2290014.26,10.0,15000,0.55,120000,338.879835,1159.95427,1416683.4,10.0,35000,0.78,120000
142,-0.0052786553310277,-0.0028600604060102,-0.0016324524747915,-0.0015029215522568,-0.0131327545771045,-0.0016156401867524,-0.010231891394955,-0.001340624973927,-0.0047884939651277,-0.0019740023404551,337.095458,1140.572,1369817.03,10.0,35000,0.78,25000,387.626399,1293.43728,3498560.96,15.0,0.0,0.0,120000,363.305213,1178.70466,2289512.08,10.0,15000,0.55,120000,338.897639,1160.12495,1416458.79,10.0,35000,0.78,120000
143,-0.0053661795614035,-0.0028920499054319,-0.0016602180361184,-0.0015558003320885,-0.0133174726959592,-0.0016550721575642,-0.0103992464869376,-0.0013410732875214,-0.0048534510107496,-0.0020502909103402,337.128883,1140.96304,1369552.76,10.0,35000,0.78,25000,387.652023,1293.92583,3497574.49,15.0,0.0,0.0,120000,363.329171,1179.15423,2288767.07,10.0,15000,0.55,120000,338.919272,1160.33814,1416107.2,10.0,35000,0.78,120000
144,-0.0054416541872743,-0.0029557862283753,-0.0017166599119911,-0.001609541325462,-0.0134739525109549,-0.0016839843255069,-0.010543125219469,-0.0013454958605282,-0.004923186196323,-0.0020678858820019,337.151826,1141.30881,1369378.08,10.0,35000,0.78,25000,387.668103,1294.33694,3496868.78,15.0,0.0,0.0,120000,363.344277,1179.52736,2288212.75,10.0,15000,0.55,120000,338.932133,1160.54725,1415837.02,10.0,35000,0.78,120000
145,-0.0055310336323333,-0.0029785354145571,-0.0017983174447897,-0.001621998017878,-0.0136305237528668,-0.0017056066338634,-0.010661539975696,-0.0013496332844164,-0.0049763000663107,-0.0020776199376528,337.169096,1141.6374,1369221.64,10.0,35000,0.78,25000,387.685277,1294.75472,3496521.5,15.0,0.0,0.0,120000,363.360041,1179.9209,2287956.33,10.0,15000,0.55,120000,338.946905,1160.82403,1415737.16,10.0,35000,0.78,120000
146,-0.0055802119236492,-0.0030186204698513,-0.0018177202029885,-0.0016600843568916,-0.0137867945629304,-0.0017364848999846,-0.0107950510500815,-0.0013588669705587,-0.0050587192694137,-0.0021141377855945,337.190258,1141.96854,1369040.72,10.0,35000,0.78,25000,387.700946,1295.15865,3495884.92,15.0,0.0,0.0,120000,363.374722,1180.29307,2287469.16,10.0,15000,0.55,120000,338.959928,1161.0383,1415505.4,10.0,35000,0.78,120000
147,-0.005675651416429,-0.0030758947488418,-0.0018675844311299,-0.0017156881791044,-0.0139848577549815,-0.0017698804051154,-0.0109380374769503,-0.0014457634569656,-0.0051132918352457,-0.0021239427492208,337.218372,1142.33067,1368970.8,10.0,35000,0.78,25000,387.720752,1295.58568,3495425.46,15.0,0.0,0.0,120000,363.393514,1180.68192,2287071.17,10.0,15000,0.55,120000,338.977047,1161.25252,1415330.87,10.0,35000,0.78,120000
148,-0.0057439009723792,-0.0031222235695813,-0.0018947676942213,-0.0017462290271866,-0.0141600306309511,-0.0018155967159222,-0.0110743397769359,-0.001513393679181,-0.005214319165739,-0.0021423634476037,337.237693,1142.6887,1368891.74,10.0,35000,0.78,25000,387.736189,1296.01969,3495138.98,15.0,0.0,0.0,120000,363.407924,1181.08494,2286826.76,10.0,15000,0.55,120000,338.99027,1161.52297,1415237.24,10.0,35000,0.78,120000
149,-0.0057987612985374,-0.0031497307725318,-0.001905489231133,-0.0017608244416036,-0.0143251225490968,-0.0018339122977808,-0.0111905012141828,-0.0015535520448741,-0.0053168610581146,-0.0021731701799667,337.254095,1143.0225,1368770.85,10.0,35000,0.78,25000,387.7509,1296.43468,3494847.26,15.0,0.0,0.0,120000,363.421562,1181.47605,2286599.51,10.0,15000,0.55,120000,339.002872,1161.79153,1415152.73,10.0,35000,0.78,120000
150,-0.0058532578799891,-0.0031918868016117,-0.0019561724154842,-0.0018286772319442,-0.0145100531830248,-0.0018835329872673,-0.0113111072245205,-0.0015610200150652,-0.0054122155479405,-0.0021976468951782,337.28078,1143.37379,1368627.84,10.0,35000,0.78,25000,387.767621,1296.83449,3494141.72,15.0,0.0,0.0,120000,363.4379,1181.83426,2286027.04,10.0,15000,0.55,120000,339.017891,1161.98841,1414867.43,10.0,35000,0.78,120000
151,-0.0059435866254005,-0.0032312231584756,-0.0020122607818842,-0.0018717784398963,-0.0146694157206633,-0.0018971070306033,-0.011440754894698,-0.001589513240689,-0.0055240292506155,-0.0022070989541282,337.302816,1143.73605,1368528.5,10.0,35000,0.78,25000,387.784638,1297.25786,3493765.48,15.0,0.0,0.0,120000,363.454162,1182.22302,2285708.19,10.0,15000,0.55,120000,339.033027,1162.25123,1414726.44,10.0,35000,0.78,120000
152,-0.0059989783357942,-0.0032718403985948,-0.0020539256128897,-0.0019009206076069,-0.014837012591995,-0.0019511652868046,-0.0115607151653206,-0.0016169146699955,-0.0056065718734158,-0.0022150505068545,337.320158,1144.0722,1368405.64,10.0,35000,0.78,25000,387.798283,1297.65908,3493381.14,15.0,0.0,0.0,120000,363.46706,1182.59489,2285401.76,10.0,15000,0.55,120000,339.045036,1162.50624,1414586.14,10.0,35000,0.78,120000
153,-0.006095956900003,-0.0033015560601258,-0.0021058520400949,-0.0019399330932769,-0.0150342120874156,-0.0019739893331296,-0.0116890590429115,-0.0016640692862799,-0.0056591983604316,-0.0022746429548443,337.349755,1144.45821,1368239.34,10.0,35000,0.78,25000,387.821357,1298.11805,3492797.1,15.0,0.0,0.0,120000,363.48899,1183.02017,2284944.91,10.0,15000,0.55,120000,339.066066,1162.7574,1414372.32,10.0,35000,0.78,120000
154,-0.0061667773804325,-0.0033500872387767,-0.0021532294686826,-0.0019581623149291,-0.0152009570151383,-0.0019891670641083,-0.0118659617781299,-0.001683321427523,-0.0057270892111608,-0.0023283808283091,337.371643,1144.89043,1367983.35,10.0,35000,0.78,25000,387.840271,1298.64352,3492156.47,15.0,0.0,0.0,120000,363.50651,1183.51475,2284477.66,10.0,15000,0.55,120000,339.082354,1163.08851,1414145.0,10.0,35000,0.78,120000
155,-0.0062186996929219,-0.0034054437325359,-0.0021710164569671,-0.0020209086487423,-0.0153839993831273,-0.0020754078987877,-0.0120380925287909,-0.0017163593564265,-0.0057800177395277,-0.002376954671021,337.402969,1145.28877,1367762.42,10.0,35000,0.78,25000,387.860252,1299.09634,3491228.39,15.0,0.0,0.0,120000,363.525709,1183.92498,2283757.18,10.0,15000,0.55,120000,339.100731,1163.30126,1413766.18,10.0,35000,0.78,120000
156,-0.0063147023685746,-0.0034270549395446,-0.0021964712434284,-0.0020908670317295,-0.0155514389369522,-0.0021061984694245,-0.0122071737548487,-0.0017333405611989,-0.0058322254901616,-0.0024460063845456,337.443374,1145.69105,1367522.17,10.0,35000,0.78,25000,387.887973,1299.54871,3490214.73,15.0,0.0,0.0,120000,363.5524,1184.33388,2282971.55,10.0,15000,0.55,120000,339.127265,1163.49509,1413355.1,10.0,35000,0.78,120000
157,-0.006364206638647,-0.0034746382184598,-0.0022588565328428,-0.0021287670050015,-0.0157284578387201,-0.0021268649015286,-0.0123342322181099,-0.0017558493694758,-0.0058884723826939,-0.0025083838198939,337.465641,1146.07315,1367322.54,10.0,35000,0.78,25000,387.904186,1299.99241,3489564.84,15.0,0.0,0.0,120000,363.567621,1184.74362,2282475.56,10.0,15000,0.55,120000,339.141783,1163.75383,1413099.79,10.0,35000,0.78,120000
158,-0.0064482623297325,-0.003507856625525,-0.0022881974538701,-0.0021640070206628,-0.0158784419113038,-0.0021593390662292,-0.0124633657656839,-0.0017983647840157,-0.0059553141574041,-0.0025294431765647,337.489186,1146.41319,1367200.09,10.0,35000,0.78,25000,387.922281,1300.38175,3489124.46,15.0,0.0,0.0,120000,363.584707,1185.10521,2282121.21,10.0,15000,0.55,120000,339.158872,1163.98844,1412924.14,10.0,35000,0.78,120000
159,-0.0065272714800014,-0.0035833154997314,-0.0023005803315454,-0.0022113315094774,-0.0160548768174781,-0.0021892539388436,-0.0125780102730902,-0.0018146569680694,-0.0060171219522851,-0.0025462080339295,337.511952,1146.76186,1367016.71,10.0,35000,0.78,25000,387.937371,1300.76719,3488424.98,15.0,0.0,0.0,120000,363.598891,1185.4578,2281576.61,10.0,15000,0.55,120000,339.172408,1164.20578,1412623.56,10.0,35000,0.78,120000
160,-0.0066173020844954,-0.0036101416111142,-0.0023282487057749,-0.002226713970836,-0.0162125298694533,-0.0022223304181495,-0.0127115656460184,-0.0018303765007726,-0.0060977213536341,-0.002576349700201,337.532972,1147.13713,1366830.18,10.0,35000,0.78,25000,387.956356,1301.2125,3487976.19,15.0,0.0,0.0,120000,363.616435,1185.87932,2281244.24,10.0,15000,0.55,120000,339.190321,1164.50958,1412459.11,10.0,35000,0.78,120000
161,-0.0067028697791964,-0.0036313258040642,-0.0023653900840772,-0.0022348719752149,-0.0163721761322594,-0.002238947701548,-0.0128358354180138,-0.001852297862673,-0.0061590652107671,-0.0025845053007526,337.551605,1147.49053,1366665.27,10.0,35000,0.78,25000,387.974147,1301.63624,3487634.22,15.0,0.0,0.0,120000,363.6328,1186.28272,2280992.85,10.0,15000,0.55,120000,339.207115,1164.80701,1412339.95,10.0,35000,0.78,120000
162,-0.0067850213947641,-0.0036966977055488,-0.0023721348492479,-0.0023057281542794,-0.0165642054333702,-0.002257357604261,-0.0129984536487473,-0.0018808758283931,-0.0062494190647059,-0.0026113083089618,337.584312,1147.91918,1366460.32,10.0,35000,0.78,25000,387.994998,1302.10017,3486743.67,15.0,0.0,0.0,120000,363.652708,1186.70437,2280284.31,10.0,15000,0.55,120000,339.227133,1165.0512,1411947.14,10.0,35000,0.78,120000
163,-0.0068366612113956,-0.0037359223471195,-0.0023867937590732,-0.0023300878765726,-0.016725066198008,-0.0022781598146536,-0.0131207807297269,-0.0018876688381602,-0.006335164246206,-0.002658325924598,337.603518,1148.28661,1366252.82,10.0,35000,0.78,25000,388.010305,1302.52566,3486161.52,15.0,0.0,0.0,120000,363.666834,1187.10417,2279849.91,10.0,15000,0.55,120000,339.241593,1165.33007,1411712.64,10.0,35000,0.78,120000
164,-0.0069042745263265,-0.0037941619737924,-0.0023923264313068,-0.0023877257294135,-0.0168969982702682,-0.0022974297342821,-0.0132475825730037,-0.0018978091945066,-0.0064329581486049,-0.0026716632874086,337.628674,1148.65543,1366079.7,10.0,35000,0.78,25000,388.026441,1302.92563,3485443.91,15.0,0.0,0.0,120000,363.682178,1187.4683,2279278.88,10.0,15000,0.55,120000,339.257261,1165.56138,1411391.02,10.0,35000,0.78,120000
165,-0.0069536312899912,-0.0038429406212983,-0.0024221933636675,-0.0023981857519836,-0.01705017873618,-0.002327360777217,-0.0133703557385809,-0.0019448308869132,-0.0064846927901633,-0.0026844854313924,337.642114,1148.99176,1365944.57,10.0,35000,0.78,25000,388.038409,1303.32196,3485135.03,15.0,0.0,0.0,120000,363.692929,1187.84435,2279044.1,10.0,15000,0.55,120000,339.268322,1165.84342,1411268.17,10.0,35000,0.78,120000
166,-0.0070416583065001,-0.0038718599168116,-0.0024358725516652,-0.0024131458755216,-0.0172381309968801,-0.0023772700364911,-0.0134859396964402,-0.0019682285427054,-0.006561832130545,-0.0026995395196807,337.662894,1149.36459,1365774.19,10.0,35000,0.78,25000,388.057069,1303.76139,3484712.8,15.0,0.0,0.0,120000,363.710046,1188.26046,2278727.96,10.0,15000,0.55,120000,339.286642,1166.15326,1411101.75,10.0,35000,0.78,120000
167,-0.0071074866662082,-0.0039315208671938,-0.0024553799135908,-0.0024677736237389,-0.0173881305599742,-0.002396587351812,-0.0136063851063246,-0.001970510608751,-0.0066190628023801,-0.0027147567632642,337.687067,1149.69762,1365588.69,10.0,35000,0.78,25000,388.072299,1304.11971,3483953.93,15.0,0.0,0.0,120000,363.72444,1188.58581,2278133.95,10.0,15000,0.55,120000,339.301749,1166.35708,1410755.89,10.0,35000,0.78,120000
168,-0.0071698388853501,-0.0039879592310906,-0.002463971316748,-0.0024933747168234,-0.0175395646200602,-0.0024744558144834,-0.0137406421854666,-0.0020050890371529,-0.0066653458431245,-0.0027860368295048,337.708597,1150.06099,1365382.56,10.0,35000,0.78,25000,388.088784,1304.53781,3483303.63,15.0,0.0,0.0,120000,363.739427,1188.97826,2277648.1,10.0,15000,0.55,120000,339.318007,1166.62867,1410478.05,10.0,35000,0.78,120000
169,-0.0072594587384026,-0.0040106587401907,-0.0024807149790155,-0.0025004670261192,-0.0177312260728995,-0.0024884529865122,-0.0139150736203838,-0.0020148600073553,-0.0067169655147055,-0.0027988807811317,337.73375,1150.50421,1365101.43,10.0,35000,0.78,25000,388.112048,1305.07308,3482652.15,15.0,0.0,0.0,120000,363.760595,1189.4899,2277184.13,10.0,15000,0.55,120000,339.34126,1167.00569,1410216.98,10.0,35000,0.78,120000
170,-0.0073259946322584,-0.0040432659195553,-0.0025146110615523,-0.0025205234699606,-0.0179051501774468,-0.0025120941062032,-0.0140434249359526,-0.002054567694228,-0.0068202184217774,-0.0028337038496875,337.75252,1150.89831,1364962.82,10.0,35000,0.78,25000,388.128546,1305.53687,3482308.73,15.0,0.0,0.0,120000,363.775687,1189.9282,2276912.94,10.0,15000,0.55,120000,339.357796,1167.34668,1410072.22,10.0,35000,0.78,120000
171,-0.0073861521718229,-0.004076177840328,-0.0025202571102098,-0.002531380678297,-0.0180594740378682,-0.0025454242862535,-0.0141730344153899,-0.0021312903550703,-0.006888200328533,-0.0028952418360063,337.771385,1151.25863,1364841.08,10.0,35000,0.78,25000,388.145205,1305.96521,3482002.45,15.0,0.0,0.0,120000,363.790743,1190.33645,2276675.57,10.0,15000,0.55,120000,339.37459,1167.65233,1409942.24,10.0,35000,0.78,120000
172,-0.0074394184285653,-0.0040981951983229,-0.0025673553770976,-0.0025826252412093,-0.0182200709931319,-0.002575480104368,-0.0142875614561196,-0.0021645653200461,-0.0069349162979422,-0.0029451968912901,337.798575,1151.59625,1364701.6,10.0,35000,0.78,25000,388.163748,1306.34061,3481375.43,15.0,0.0,0.0,120000,363.808258,1190.6813,2276171.98,10.0,15000,0.55,120000,339.394558,1167.87762,1409648.31,10.0,35000,0.78,120000
173,-0.0075023320194376,-0.0041343037904144,-0.002591798977521,-0.0026269827341949,-0.0183823573852423,-0.0025991421405039,-0.0144312450154932,-0.0022297338067679,-0.0070675209410601,-0.0029713868669721,337.821029,1151.99288,1364632.08,10.0,35000,0.78,25000,388.180324,1306.78876,3481047.01,15.0,0.0,0.0,120000,363.82377,1191.09713,2275876.86,10.0,15000,0.55,120000,339.412113,1168.19351,1409481.6,10.0,35000,0.78,120000
174,-0.0075929182060334,-0.0041783876013902,-0.0026462204384367,-0.0026359895260965,-0.01854810693463,-0.0026478707291094,-0.0145493315639094,-0.0022721670858215,-0.0071262365818878,-0.0030075299628333,337.838177,1152.36549,1364491.65,10.0,35000,0.78,25000,388.196926,1307.23415,3480744.59,15.0,0.0,0.0,120000,363.838638,1191.52068,2275648.6,10.0,15000,0.55,120000,339.428833,1168.53654,1409351.03,10.0,35000,0.78,120000
175,-0.0076555631160125,-0.0042502864851151,-0.0026800539106129,-0.0026890694160376,-0.0187402686186418,-0.0027189676838225,-0.0146618654624138,-0.0023132712127578,-0.0072042096308518,-0.003040882902599,337.860779,1152.74006,1364363.17,10.0,35000,0.78,25000,388.211495,1307.64859,3480146.58,15.0,0.0,0.0,120000,363.852115,1191.89997,2275161.26,10.0,15000,0.55,120000,339.444314,1168.81351,1409056.29,10.0,35000,0.78,120000
176,-0.0077376702127319,-0.0042717509939448,-0.0026956141565668,-0.0027095872705126,-0.0189184513626271,-0.0027281535391573,-0.0148101247498444,-0.0023439938724608,-0.0072705056214567,-0.0030635646174172,337.88586,1153.14301,1364167.94,10.0,35000,0.78,25000,388.232939,1308.12505,3479606.82,15.0,0.0,0.0,120000,363.871721,1192.35132,2274754.24,10.0,15000,0.55,120000,339.467221,1169.15732,1408812.4,10.0,35000,0.78,120000
177,-0.0078082534272729,-0.004338441986368,-0.0027040137990894,-0.0027205207718376,-0.01909792076268,-0.0027636390872806,-0.0149813952520908,-0.0023568187636315,-0.0073233581094068,-0.0030749933970008,337.904983,1153.5731,1363897.99,10.0,35000,0.78,25000,388.249864,1308.6387,3478927.54,15.0,0.0,0.0,120000,363.886615,1192.83905,2274265.92,10.0,15000,0.55,120000,339.48477,1169.54272,1408508.54,10.0,35000,0.78,120000
178,-0.00787067254332,-0.0043806321151843,-0.0027107096252916,-0.0027398599114168,-0.0193417771624943,-0.0027915352186829,-0.0151199535321949,-0.0023681687010218,-0.0074068872608541,-0.0030982429343997,337.928346,1154.0329,1363638.93,10.0,35000,0.78,25000,388.269796,1309.18687,3478233.47,15.0,0.0,0.0,120000,363.90451,1193.35789,2273756.59,10.0,15000,0.55,120000,339.50629,1169.94985,1408196.07,10.0,35000,0.78,120000
179,-0.0079567192589075,-0.0044653798809652,-0.0027670364565967,-0.0027651571038243,-0.0195068632499477,-0.0028412287958317,-0.0152557117463368,-0.0023749448342054,-0.007454097442626,-0.0031180486083841,337.945775,1154.42493,1363425.42,10.0,35000,0.78,25000,388.283984,1309.64278,3477618.3,15.0,0.0,0.0,120000,363.91701,1193.78431,2273296.97,10.0,15000,0.55,120000,339.520878,1170.29684,1407907.59,10.0,35000,0.78,120000
180,-0.0080641918068385,-0.0045005819566434,-0.0027912735843328,-0.0028194501675974,-0.0196844664594626,-0.002871338724887,-0.015369079983163,-0.0024016839559321,-0.007510933656761,-0.0031273902253838,337.976477,1154.77491,1363292.97,10.0,35000,0.78,25000,388.305908,1310.03142,3476980.37,15.0,0.0,0.0,120000,363.93749,1194.13955,2272780.86,10.0,15000,0.55,120000,339.545277,1170.55694,1407587.51,10.0,35000,0.78,120000
181,-0.0081423007872486,-0.0045462223271338,-0.0028168977525102,-0.0028390512302917,-0.0198342515145695,-0.0029273208863264,-0.0154988534537633,-0.0024141032288221,-0.007577739888631,-0.0031565194513141,337.995677,1155.13811,1363109.47,10.0,35000,0.78,25000,388.322359,1310.46067,3476461.86,15.0,0.0,0.0,120000,363.952233,1194.54357,2272393.99,10.0,15000,0.55,120000,339.562914,1170.88464,1407348.34,10.0,35000,0.78,120000
182,-0.0082184313489758,-0.0046098907968231,-0.0028285460503387,-0.0028727664460672,-0.0199980875152923,-0.0029371843301495,-0.0156457435544765,-0.0024298918926102,-0.0076657075014006,-0.0032310061848056,338.019887,1155.56318,1362875.84,10.0,35000,0.78,25000,388.340946,1310.95295,3475708.08,15.0,0.0,0.0,120000,363.968925,1195.00436,2271826.62,10.0,15000,0.55,120000,339.583367,1171.24948,1406988.97,10.0,35000,0.78,120000
183,-0.0083116113105908,-0.0046464186050239,-0.0028834981757834,-0.0028810444503075,-0.0201665172199108,-0.00295110657617,-0.0157762652418843,-0.0024374248991199,-0.0077368718726849,-0.0032395938375324,338.037682,1155.95763,1362691.78,10.0,35000,0.78,25000,388.358659,1311.42987,3475312.27,15.0,0.0,0.0,120000,363.984711,1195.45769,2271537.92,10.0,15000,0.55,120000,339.602242,1171.63774,1406809.76,10.0,35000,0.78,120000
184,-0.0083664261151976,-0.0047333282369325,-0.0029049081691006,-0.0029223060640447,-0.020333476672989,-0.0029851038769672,-0.0159128382178174,-0.0024586291593161,-0.0078076271554787,-0.0032590115256635,338.056503,1156.33877,1362509.39,10.0,35000,0.78,25000,388.371097,1311.86267,3474640.0,15.0,0.0,0.0,120000,363.995764,1195.85748,2271015.9,10.0,15000,0.55,120000,339.616126,1171.95811,1406474.81,10.0,35000,0.78,120000
185,-0.0084429749062917,-0.0047593344641554,-0.0029140860686076,-0.0029574072737292,-0.0205013440273514,-0.0030202385434985,-0.0160379803492466,-0.0024779495315625,-0.0078774312730507,-0.0032725292724162,338.081905,1156.69408,1362352.12,10.0,35000,0.78,25000,388.390641,1312.27595,3474061.9,15.0,0.0,0.0,120000,364.013687,1196.2424,2270565.72,10.0,15000,0.55,120000,339.638353,1172.26248,1406193.21,10.0,35000,0.78,120000
186,-0.0084994623805316,-0.0047930581934908,-0.0029625863099073,-0.0029953542904879,-0.0206711716136571,-0.0030274798424442,-0.01615070189493,-0.0024807083253688,-0.0079248946183647,-0.003320355279066,338.106126,1157.05501,1362155.03,10.0,35000,0.78,25000,388.408503,1312.69525,3473361.37,15.0,0.0,0.0,120000,364.029984,1196.63245,2270030.62,10.0,15000,0.55,120000,339.658937,1172.56986,1405854.25,10.0,35000,0.78,120000
187,-0.0085551551412036,-0.0048180496307339,-0.0029779676354083,-0.0030096409231392,-0.0208264513789366,-0.0030342422879167,-0.0162684699050751,-0.0025034543182857,-0.0080383478704395,-0.0033782961532617,338.123873,1157.43314,1362002.37,10.0,35000,0.78,25000,388.424656,1313.1503,3472971.31,15.0,0.0,0.0,120000,364.044409,1197.06408,2269737.16,10.0,15000,0.55,120000,339.677024,1172.93761,1405671.31,10.0,35000,0.78,120000
188,-0.0086155307772252,-0.0048723767223639,-0.003047346926755,-0.0030199766451216,-0.0210377454163395,-0.0030914326769254,-0.0164055621780807,-0.0025523425408583,-0.0081262346157309,-0.003399767217324,338.138888,1157.87731,1361862.11,10.0,35000,0.78,25000,388.43952,1313.68935,3472678.45,15.0,0.0,0.0,120000,364.057319,1197.57553,2269511.78,10.0,15000,0.55,120000,339.693201,1173.38398,1405531.44,10.0,35000,0.78,120000
189,-0.0086941503706137,-0.004912520127447,-0.0030728213383853,-0.0030546823385265,-0.0212293434441425,-0.0031106263475503,-0.016535894671489,-0.0026199911773667,-0.0081760295554284,-0.0034411194206654,338.165964,1158.26649,1361735.04,10.0,35000,0.78,25000,388.460233,1314.14683,3472157.33,15.0,0.0,0.0,120000,364.076076,1198.00352,2269095.16,10.0,15000,0.55,120000,339.716931,1173.72692,1405263.97,10.0,35000,0.78,120000
190,-0.0087506298214827,-0.0049605733074087,-0.0030899596173418,-0.0030649754955511,-0.0214470264879977,-0.0031526707432885,-0.0166698928200929,-0.0026522005023483,-0.0082416057891843,-0.0034675750377424,338.18547,1158.69012,1361529.74,10.0,35000,0.78,25000,388.477616,1314.6657,3471622.84,15.0,0.0,0.0,120000,364.091252,1198.49656,2268704.49,10.0,15000,0.55,120000,339.736432,1174.14273,1405015.25,10.0,35000,0.78,120000
191,-0.0088400510651406,-0.0050316934764615,-0.0031347058540042,-0.0030766641123344,-0.0216039165005914,-0.003188015459557,-0.0168054667932693,-0.0026990771864995,-0.0083195895055561,-0.0035046276882461,338.201201,1159.08779,1361391.67,10.0,35000,0.78,25000,388.492433,1315.14482,3471288.41,15.0,0.0,0.0,120000,364.104064,1198.95005,2268449.79,10.0,15000,0.55,120000,339.752131,1174.54076,1404851.63,10.0,35000,0.78,120000
192,-0.0089417074344453,-0.0050808944005966,-0.0031546272824333,-0.0031008009841227,-0.0217588014461476,-0.0031921127001618,-0.0169582452780536,-0.0026998481944323,-0.0083944898675827,-0.0035190763600458,338.225074,1159.48988,1361177.56,10.0,35000,0.78,25000,388.512506,1315.62583,3470651.98,15.0,0.0,0.0,120000,364.122019,1199.40241,2267974.84,10.0,15000,0.55,120000,339.774406,1174.92399,1404548.34,10.0,35000,0.78,120000
193,-0.0090351499137949,-0.0051461015503792,-0.0031842596911246,-0.0031311844492319,-0.0219070684890102,-0.0032243225148443,-0.0170890786850355,-0.0027045499800104,-0.0084581365054692,-0.0035614290618916,338.247478,1159.86536,1360978.4,10.0,35000,0.78,25000,388.530041,1316.06827,3469989.42,15.0,0.0,0.0,120000,364.137616,1199.81534,2267475.54,10.0,15000,0.55,120000,339.793825,1175.27071,1404231.5,10.0,35000,0.78,120000
194,-0.0091051698377591,-0.0051686677428991,-0.0032060064328866,-0.0031805440083609,-0.0220741554871972,-0.0032764159994064,-0.0172335850428475,-0.0027174069067073,-0.0085094129562403,-0.0035993228258469,338.279546,1160.23975,1360790.15,10.0,35000,0.78,25000,388.552749,1316.50718,3469183.54,15.0,0.0,0.0,120000,364.158454,1200.21879,2266852.63,10.0,15000,0.55,120000,339.820576,1175.58743,1403841.23,10.0,35000,0.78,120000
195,-0.0091909602383263,-0.0052082973355639,-0.0032150678273906,-0.0031877128442922,-0.0222780387680352,-0.0033171699758932,-0.0173756981269441,-0.0027460936964707,-0.0085681748465896,-0.0036176696222689,338.302196,1160.65766,1360582.9,10.0,35000,0.78,25000,388.573432,1317.0262,3468647.08,15.0,0.0,0.0,120000,364.176653,1200.70893,2266468.39,10.0,15000,0.55,120000,339.843592,1176.00797,1403597.17,10.0,35000,0.78,120000
196,-0.009284284537977,-0.0052536386406572,-0.0032388372150991,-0.0032042871393697,-0.0224779120263591,-0.0033803897567259,-0.0174936162099004,-0.0027670858680605,-0.0086562024082923,-0.0036618497880707,338.324278,1161.07128,1360404.6,10.0,35000,0.78,25000,388.593052,1317.52971,3468142.28,15.0,0.0,0.0,120000,364.194047,1201.18047,2266096.91,10.0,15000,0.55,120000,339.865265,1176.41692,1403365.91,10.0,35000,0.78,120000
197,-0.0093536400594622,-0.0052786390451971,-0.0032779446301475,-0.00326207669638,-0.0226342180369659,-0.0034047545898469,-0.0176193742150355,-0.0027857555332827,-0.0087383818922103,-0.003672611454304,338.352609,1161.42114,1360296.7,10.0,35000,0.78,25000,388.612191,1317.92847,3467538.85,15.0,0.0,0.0,120000,364.211967,1201.54061,2265603.84,10.0,15000,0.55,120000,339.888025,1176.70932,1403058.85,10.0,35000,0.78,120000
198,-0.0094183372183623,-0.0053225159990942,-0.0032869407088816,-0.0032733248830502,-0.0228205968291443,-0.0034369354342451,-0.0177547374740859,-0.0027918084593259,-0.0087933124214708,-0.0036872732060003,338.372655,1161.81296,1360070.57,10.0,35000,0.78,25000,388.629763,1318.41084,3466920.46,15.0,0.0,0.0,120000,364.22747,1201.99375,2265162.05,10.0,15000,0.55,120000,339.907876,1177.09695,1402779.46,10.0,35000,0.78,120000
199,-0.0094789981980086,-0.0053446538915928,-0.0033174609213517,-0.0033663658636717,-0.0229728565212885,-0.003487927601389,-0.0179196158783488,-0.0027956936439909,-0.0088721370268573,-0.0037233060498122,338.412869,1162.19888,1359907.19,10.0,35000,0.78,25000,388.653879,1318.83601,3465882.65,15.0,0.0,0.0,120000,364.250528,1202.3677,2264327.95,10.0,15000,0.55,120000,339.93772,1177.37381,1402261.52,10.0,35000,0.78,120000
200,-0.0095295788918824,-0.0053933369347984,-0.0033676260652926,-0.0034433243884453,-0.0231284885068865,-0.0035117317049071,-0.018056975764218,-0.0028304063533202,-0.0089332120939558,-0.0037306635064358,338.442314,1162.54754,1359813.28,10.0,35000,0.78,25000,388.670787,1319.22021,3465160.58,15.0,0.0,0.0,120000,364.266662,1202.70695,2263727.87,10.0,15000,0.55,120000,339.958628,1177.63724,1401885.11,10.0,35000,0.78,120000
201,-0.0096493102681942,-0.0054399244908836,-0.0034155593236321,-0.0034738628595712,-0.0232777327075908,-0.0035611268740573,-0.0182050593295926,-0.0028364242809946,-0.008983866671113,-0.0037531912608521,338.468844,1162.94075,1359621.98,10.0,35000,0.78,25000,388.692696,1319.68929,3464519.5,15.0,0.0,0.0,120000,364.286631,1203.14027,2263247.93,10.0,15000,0.55,120000,339.983048,1178.00631,1401586.81,10.0,35000,0.78,120000
202,-0.0097334939777287,-0.0054782763895721,-0.003462297226059,-0.0034852370387963,-0.0234329566387103,-0.0036280759808435,-0.0183766079548833,-0.0028421310847581,-0.0090328928298232,-0.0038024745820249,338.491919,1163.37388,1359375.0,10.0,35000,0.78,25000,388.713787,1320.225,3463854.41,15.0,0.0,0.0,120000,364.305505,1203.64277,2262777.5,10.0,15000,0.55,120000,340.006678,1178.43875,1401297.52,10.0,35000,0.78,120000
203,-0.0098348633603793,-0.0055428922155367,-0.0034825910008406,-0.003552698126668,-0.023589390628698,-0.0036403537084905,-0.0185333990486404,-0.0028578852563292,-0.009087736668592,-0.003873219407083,338.527775,1163.78781,1359159.8,10.0,35000,0.78,25000,388.737674,1320.69656,3462829.81,15.0,0.0,0.0,120000,364.327838,1204.06717,2261986.35,10.0,15000,0.55,120000,340.034739,1178.77133,1400800.42,10.0,35000,0.78,120000
204,-0.0099187557701314,-0.0055843906432248,-0.0034950163131281,-0.0035695569153954,-0.0237533925019816,-0.0036591184674125,-0.0186860183002736,-0.0028794869808838,-0.0091644850277898,-0.0038916876468269,338.549619,1164.19583,1358972.06,10.0,35000,0.78,25000,388.756935,1321.19448,3462286.24,15.0,0.0,0.0,120000,364.345287,1204.53195,2261588.78,10.0,15000,0.55,120000,340.056377,1179.17241,1400555.31,10.0,35000,0.78,120000
205,-0.0100013709826453,-0.0056537918720007,-0.0035058340685382,-0.0036587430526889,-0.0239032527465659,-0.003688669828255,-0.0188418967235221,-0.0029287393314438,-0.0092251431725544,-0.0039118774243296,338.585342,1164.56348,1358864.47,10.0,35000,0.78,25000,388.777349,1321.59144,3461392.91,15.0,0.0,0.0,120000,364.364926,1204.87786,2260855.1,10.0,15000,0.55,120000,340.081134,1179.42901,1400095.66,10.0,35000,0.78,120000
206,-0.0100617806507471,-0.0056894672119366,-0.0035415929673274,-0.0037077122627121,-0.0240909328672648,-0.0036980224167413,-0.0189770414221023,-0.0029462532727557,-0.0092721025010669,-0.0039571443012406,338.61515,1164.96386,1358670.16,10.0,35000,0.78,25000,388.798435,1322.06309,3460565.51,15.0,0.0,0.0,120000,364.384612,1205.30812,2260222.8,10.0,15000,0.55,120000,340.10617,1179.77385,1399706.8,10.0,35000,0.78,120000
207,-0.0101603439636667,-0.0057304776328713,-0.003555662255832,-0.0037662632682957,-0.0242806862470552,-0.0037221819682026,-0.0191093641162329,-0.0029563687066453,-0.0093491846774979,-0.0039677113179654,338.647632,1165.3621,1358503.63,10.0,35000,0.78,25000,388.821271,1322.52118,3459767.2,15.0,0.0,0.0,120000,364.406061,1205.72169,2259597.55,10.0,15000,0.55,120000,340.132764,1180.10674,1399324.15,10.0,35000,0.78,120000
208,-0.0102294268184157,-0.0057833699145393,-0.0035844121367633,-0.003773078506171,-0.0244293667777939,-0.0037287493715487,-0.0192270141599674,-0.0029673123944701,-0.0094138235190003,-0.0040274653250045,338.663449,1165.7387,1358304.37,10.0,35000,0.78,25000,388.836368,1322.98362,3459253.76,15.0,0.0,0.0,120000,364.419358,1206.15601,2259235.82,10.0,15000,0.55,120000,340.14923,1180.48612,1399103.85,10.0,35000,0.78,120000
209,-0.0103124819951224,-0.0058453777474025,-0.0035945746236915,-0.0038105579196247,-0.0246471603554245,-0.0037641821821369,-0.0193772127998906,-0.0030113567928108,-0.0094670512691409,-0.0040494398196718,338.691544,1166.18294,1358113.37,10.0,35000,0.78,25000,388.8576,1323.51224,3458512.58,15.0,0.0,0.0,120000,364.438682,1206.64221,2258672.66,10.0,15000,0.55,120000,340.17356,1180.88574,1398757.54,10.0,35000,0.78,120000
210,-0.0103665687703629,-0.0058903188317834,-0.0036025121396198,-0.0038431947589067,-0.0248378074449471,-0.0037987658519767,-0.0195344098030955,-0.0030821988462882,-0.0095315498429871,-0.0040585533333576,338.715636,1166.5952,1357992.59,10.0,35000,0.78,25000,388.875852,1324.00519,3457999.92,15.0,0.0,0.0,120000,364.455295,1207.09645,2258267.95,10.0,15000,0.55,120000,340.194799,1181.26191,1398514.69,10.0,35000,0.78,120000
211,-0.0104290319538333,-0.0059310281056587,-0.0036668840686372,-0.0039131734317063,-0.0249895724949749,-0.0038147965630712,-0.0196747815852504,-0.0031010778939119,-0.0096007781181196,-0.0040880826992291,338.745437,1166.97688,1357867.12,10.0,35000,0.78,25000,388.894705,1324.43455,3457249.23,15.0,0.0,0.0,120000,364.473131,1207.47868,2257660.55,10.0,15000,0.55,120000,340.217339,1181.56578,1398149.16,10.0,35000,0.78,120000
212,-0.0104988446802395,-0.0059860137523024,-0.0036985513610077,-0.0039338427321221,-0.0251496057310494,-0.0038196799937283,-0.0197923870008242,-0.003159580864062,-0.0096758943993493,-0.0041488171416896,338.763941,1167.36134,1357753.48,10.0,35000,0.78,25000,388.910329,1324.89565,3456860.68,15.0,0.0,0.0,120000,364.487035,1207.90662,2257361.25,10.0,15000,0.55,120000,340.234653,1181.93443,1397969.68,10.0,35000,0.78,120000
213,-0.0106143605871098,-0.0060432966419807,-0.0037036085073808,-0.0039464277263001,-0.0253511666368257,-0.0038807482236868,-0.0199493097850629,-0.0031691300425188,-0.0097802229096811,-0.0042021866121687,338.788575,1167.85565,1357504.7,10.0,35000,0.78,25000,388.933319,1325.49809,3456187.53,15.0,0.0,0.0,120000,364.507392,1208.46909,2256883.9,10.0,15000,0.55,120000,340.259644,1182.42339,1397684.23,10.0,35000,0.78,120000
214,-0.0106977711732751,-0.0060780490445891,-0.0037278991314124,-0.0039623169358137,-0.025527275992441,-0.0038902658287703,-0.0201444279731003,-0.0031697690717804,-0.0098968407766757,-0.0042532079546007,338.813695,1168.37599,1357240.6,10.0,35000,0.78,25000,388.956461,1326.13525,3455474.3,15.0,0.0,0.0,120000,364.528037,1209.06434,2256375.27,10.0,15000,0.55,120000,340.285553,1182.93889,1397386.64,10.0,35000,0.78,120000
215,-0.010773994508053,-0.0061902576930565,-0.0037428174576119,-0.0039857081283693,-0.0256885940025107,-0.0039079216025408,-0.0202875484752513,-0.0032140009466409,-0.0099631897678069,-0.0042684764734755,338.828053,1168.7806,1357077.69,10.0,35000,0.78,25000,388.967581,1326.61106,3454942.09,15.0,0.0,0.0,120000,364.537377,1209.50296,2255975.29,10.0,15000,0.55,120000,340.297197,1183.31944,1397135.91,10.0,35000,0.78,120000
216,-0.010854423720127,-0.0062339887631763,-0.0037945932534468,-0.0040598460347305,-0.0258551304559507,-0.0039289408755425,-0.0204082603968458,-0.0032393744589555,-0.0100194170871452,-0.0042892088477253,338.860263,1169.14482,1356968.69,10.0,35000,0.78,25000,388.987735,1327.01384,3454180.85,15.0,0.0,0.0,120000,364.556317,1209.85746,2255355.68,10.0,15000,0.55,120000,340.321056,1183.59276,1396766.05,10.0,35000,0.78,120000
217,-0.0109426886529845,-0.0063388898024725,-0.0038173665260951,-0.0040758478222536,-0.0260318800498737,-0.0039425245673681,-0.0205259412349049,-0.0032563432060864,-0.0100985922944376,-0.0043302432189873,338.874375,1169.56232,1356768.47,10.0,35000,0.78,25000,389.000196,1327.51053,3453615.51,15.0,0.0,0.0,120000,364.566756,1210.31794,2254946.95,10.0,15000,0.55,120000,340.33384,1183.99822,1396514.45,10.0,35000,0.78,120000
218,-0.0110188411198936,-0.0063774284884112,-0.0038311749315191,-0.0040970978203128,-0.0262040457424957,-0.0039538509382457,-0.0206595250277615,-0.0033247659479088,-0.0102026361421493,-0.0043862451492941,338.89616,1169.98369,1356666.79,10.0,35000,0.78,25000,389.018974,1328.01698,3453258.06,15.0,0.0,0.0,120000,364.583491,1210.78765,2254668.31,10.0,15000,0.55,120000,340.354826,1184.40129,1396357.6,10.0,35000,0.78,120000
219,-0.0111310018459812,-0.0064179317302671,-0.0038931233619315,-0.0041119900401778,-0.0263719205825605,-0.003960766452007,-0.0207853190187672,-0.003374511032693,-0.0102717878559683,-0.0044166250361043,338.917209,1170.39518,1356556.66,10.0,35000,0.78,25000,389.038855,1328.51438,3452956.09,15.0,0.0,0.0,120000,364.601186,1211.25042,2254438.01,10.0,15000,0.55,120000,340.376297,1184.80802,1396229.64,10.0,35000,0.78,120000
220,-0.0112067206618325,-0.0064732868323234,-0.0039262156955915,-0.0041356760806393,-0.026562943117018,-0.003974202289008,-0.0209363125164384,-0.0033801286361617,-0.0103594819068775,-0.0044245326837277,338.938143,1170.84866,1356349.15,10.0,35000,0.78,25000,389.056686,1329.05878,3452333.51,15.0,0.0,0.0,120000,364.616904,1211.75349,2253980.96,10.0,15000,0.55,120000,340.396101,1185.24144,1395961.6,10.0,35000,0.78,120000
221,-0.0112659376165586,-0.00651895924212,-0.0039469095095774,-0.0042011635312939,-0.0267803672009925,-0.0039782064098489,-0.0211213830196358,-0.0033933954492078,-0.0104074615054409,-0.0044452563784189,338.975368,1171.33726,1356096.73,10.0,35000,0.78,25000,389.081503,1329.62678,3451213.23,15.0,0.0,0.0,120000,364.639519,1212.26466,2253128.2,10.0,15000,0.55,120000,340.42561,1185.63561,1395455.81,10.0,35000,0.78,120000
222,-0.0113161145880708,-0.0065538953906421,-0.0039701469112738,-0.0042183397798008,-0.0269793436016394,-0.0040259934837004,-0.0212504042336683,-0.0034201793363291,-0.0104701739590945,-0.0044654240276775,338.995656,1171.7495,1355920.15,10.0,35000,0.78,25000,389.098768,1330.1277,3450672.32,15.0,0.0,0.0,120000,364.654669,1212.72848,2252734.32,10.0,15000,0.55,120000,340.44518,1186.02748,1395230.59,10.0,35000,0.78,120000
223,-0.0113985896017282,-0.0065993863098517,-0.0039774282445745,-0.0042298974613885,-0.0271363371658439,-0.0040911974104358,-0.0213698878469854,-0.0034456020664295,-0.0105451367271176,-0.0045007018852929,339.014145,1172.12664,1355763.22,10.0,35000,0.78,25000,389.115555,1330.58314,3450223.99,15.0,0.0,0.0,120000,364.669275,1213.15001,2252413.18,10.0,15000,0.55,120000,340.463428,1186.39232,1395046.59,10.0,35000,0.78,120000
224,-0.0114509781880853,-0.0066296457134378,-0.0039963750150058,-0.0042584809452045,-0.027288703840602,-0.0041040606883756,-0.0215419540841581,-0.0034781538733245,-0.010634085406759,-0.0045246701297592,339.037545,1172.55816,1355599.86,10.0,35000,0.78,25000,389.134238,1331.09951,3449650.25,15.0,0.0,0.0,120000,364.68586,1213.62382,2251982.71,10.0,15000,0.55,120000,340.484878,1186.79006,1394799.95,10.0,35000,0.78,120000
225,-0.0115100005129722,-0.0066507303164295,-0.0040491447355216,-0.0042831581960756,-0.0274471279157325,-0.0041302604398435,-0.0216568497453225,-0.0034934908397557,-0.0106942551900981,-0.0046254359550653,339.061817,1172.95979,1355411.12,10.0,35000,0.78,25000,389.154153,1331.58315,3449009.88,15.0,0.0,0.0,120000,364.703513,1214.06829,2251516.74,10.0,15000,0.55,120000,340.507491,1187.15904,1394536.87,10.0,35000,0.78,120000
226,-0.0115796788895084,-0.0066956741859335,-0.0040575225470843,-0.0043324605672268,-0.0276276198462393,-0.0041393470020532,-0.0218065797481433,-0.0035299734862706,-0.0107637680953603,-0.0046511388302247,339.091596,1173.38185,1355250.54,10.0,35000,0.78,25000,389.174945,1332.07292,3448259.31,15.0,0.0,0.0,120000,364.722193,1214.50932,2250938.07,10.0,15000,0.55,120000,340.531542,1187.51051,1394199.76,10.0,35000,0.78,120000
227,-0.0116845919504522,-0.0067379692467287,-0.0041084754900576,-0.0043500973074825,-0.0277790792527028,-0.0041556225699317,-0.0219459000015156,-0.0035763327011736,-0.0108096715604308,-0.0046581507161758,339.113255,1173.77301,1355131.64,10.0,35000,0.78,25000,389.194206,1332.54229,3447888.5,15.0,0.0,0.0,120000,364.739166,1214.94194,2250659.27,10.0,15000,0.55,120000,340.552438,1187.88381,1394043.54,10.0,35000,0.78,120000
228,-0.0117678716879577,-0.0068253714944807,-0.0041510389184834,-0.0044062967004741,-0.0279322297474224,-0.0041607026283462,-0.0220697149876984,-0.0035946966867997,-0.0109146396084538,-0.0047178039356883,339.136723,1174.18964,1354987.47,10.0,35000,0.78,25000,389.20941,1333.01074,3447192.72,15.0,0.0,0.0,120000,364.752626,1215.36029,2250112.93,10.0,15000,0.55,120000,340.569366,1188.23366,1393720.11,10.0,35000,0.78,120000
229,-0.0118240288485498,-0.0068550598914598,-0.0041895824088199,-0.0044668198655386,-0.0281251879310805,-0.0042094156880789,-0.0221915087195069,-0.0036069547684189,-0.0110703314617042,-0.0047625365167911,339.164068,1174.63496,1354875.14,10.0,35000,0.78,25000,389.22807,1333.51888,3446582.57,15.0,0.0,0.0,120000,364.76964,1215.8144,2249619.79,10.0,15000,0.55,120000,340.591249,1188.6152,1393446.62,10.0,35000,0.78,120000
230,-0.0055336510990392,-0.0031186180280503,-0.0017816707567485,-0.0018182281474932,-0.0137606896705126,-0.0017909771906407,-0.0107602235728751,-0.0015121219221375,-0.0051733169670365,-0.0021019893323574,337.20176,1141.87213,1369486.08,10.0,35000,0.78,25000,387.688875,1294.90183,3495927.14,15.0,0.0,0.0,120000,363.365695,1179.99563,2287281.82,10.0,15000,0.55,120000,338.949013,1160.72094,1415385.42,10.0,35000,0.78,120000
231,-0.0058096999266461,-0.0032387367272416,-0.001835298580658,-0.0018617275337088,-0.0146229985897061,-0.0018774352326362,-0.0113880289038985,-0.0015498974210122,-0.0054787171460643,-0.0021580451332435,337.290324,1143.52222,1368466.99,10.0,35000,0.78,25000,387.769803,1296.9999,3493482.95,15.0,0.0,0.0,120000,363.440234,1181.98035,2285530.95,10.0,15000,0.55,120000,339.018514,1162.02271,1414591.64,10.0,35000,0.78,120000
232,-0.0059327282064458,-0.0032931736091778,-0.0018536046170147,-0.0019129325186051,-0.0150621579071427,-0.0018946075700991,-0.0117323408447094,-0.0015994729599897,-0.0056192673042349,-0.0021942760845109,337.344531,1144.38743,1367955.82,10.0,35000,0.78,25000,387.813841,1298.06008,3492059.98,15.0,0.0,0.0,120000,363.481741,1182.97503,2284476.18,10.0,15000,0.55,120000,339.057587,1162.62865,1414089.69,10.0,35000,0.78,120000
233,-0.0060158531885748,-0.0033546047003024,-0.0018776491917245,-0.0019377571777115,-0.0152942460269442,-0.0019222082299705,-0.0119451434341417,-0.0016262351154524,-0.0057347756841593,-0.0022223793755033,337.370607,1144.92463,1367665.9,10.0,35000,0.78,25000,387.836082,1298.70864,3491330.89,15.0,0.0,0.0,120000,363.502384,1183.58436,2283936.46,10.0,15000,0.55,120000,339.07686,1163.04402,1413828.19,10.0,35000,0.78,120000
234,-0.0061279690636161,-0.0033896376533209,-0.0018903202307561,-0.002004763499734,-0.015501512904514,-0.0019651026321152,-0.0121155571455485,-0.0016397660685082,-0.0058427318176831,-0.002229453481908,337.407341,1145.36534,1367460.46,10.0,35000,0.78,25000,387.862154,1299.20819,3490488.98,15.0,0.0,0.0,120000,363.527457,1184.03769,2283269.93,10.0,15000,0.55,120000,339.101568,1163.30544,1413486.52,10.0,35000,0.78,120000
235,-0.0062280301270691,-0.00341003206183,-0.0018979821687658,-0.0020207964938739,-0.0156626664845522,-0.0020218908121903,-0.0122336377957429,-0.0016631577373053,-0.0059219529987573,-0.0023000521941747,337.431732,1145.72674,1367271.33,10.0,35000,0.78,25000,387.883732,1299.64433,3489985.12,15.0,0.0,0.0,120000,363.547486,1184.44758,2282901.57,10.0,15000,0.55,120000,339.121844,1163.58218,1413309.39,10.0,35000,0.78,120000
236,-0.0062988856758981,-0.0034914490402155,-0.0019620706621072,-0.0020430176657212,-0.0158375686887358,-0.0020912823924009,-0.0123860589878328,-0.0016822132285786,-0.0059724458942278,-0.0023149538071882,337.447946,1146.12987,1367058.64,10.0,35000,0.78,25000,387.89716,1300.12049,3489424.52,15.0,0.0,0.0,120000,363.559629,1184.89186,2282485.25,10.0,15000,0.55,120000,339.133152,1163.90444,1413089.9,10.0,35000,0.78,120000
237,-0.0063853841110037,-0.0035131948970144,-0.0019752269832342,-0.0020733427205185,-0.0160159099277676,-0.0021390170521546,-0.0124982887097616,-0.001693357928677,-0.0060206748194755,-0.0023405725181639,337.474075,1146.46811,1366865.04,10.0,35000,0.78,25000,387.917774,1300.5142,3488802.57,15.0,0.0,0.0,120000,363.579025,1185.25932,2282016.26,10.0,15000,0.55,120000,339.152909,1164.13183,1412847.0,10.0,35000,0.78,120000
238,-0.0064356079121773,-0.003555410764999,-0.0019864482282557,-0.0021025293268935,-0.0162051632990348,-0.0021660357258988,-0.0126165496315557,-0.0017459978947965,-0.0060701096027392,-0.0023478135719112,337.494587,1146.80886,1366726.27,10.0,35000,0.78,25000,387.932991,1300.90774,3488339.01,15.0,0.0,0.0,120000,363.593265,1185.62703,2281651.43,10.0,15000,0.55,120000,339.166957,1164.36518,1412661.86,10.0,35000,0.78,120000
239,-0.0064925880546314,-0.0036098275139604,-0.0020221078700078,-0.0021693833315044,-0.0163727323435643,-0.0021855454571741,-0.0127384424543834,-0.0017861977089933,-0.0061379328780692,-0.0023965883969038,337.522297,1147.16312,1366587.32,10.0,35000,0.78,25000,387.949735,1301.28751,3487629.16,15.0,0.0,0.0,120000,363.609428,1185.9695,2281073.11,10.0,15000,0.55,120000,339.182856,1164.55212,1412348.82,10.0,35000,0.78,120000
240,-0.006561518567277,-0.0036566999460268,-0.0020618132210817,-0.0022048360077801,-0.0165446384043936,-0.0022375140278895,-0.012847023875474,-0.0018364497496964,-0.0062415572693659,-0.0024300876876415,337.541204,1147.52333,1366501.95,10.0,35000,0.78,25000,387.96421,1301.6966,3487310.55,15.0,0.0,0.0,120000,363.622986,1186.34933,2280801.19,10.0,15000,0.55,120000,339.196492,1164.82647,1412216.46,10.0,35000,0.78,120000
241,-0.0066581062362582,-0.0036777908907771,-0.0020947314463633,-0.0022407878142197,-0.0167208989500491,-0.0022634583874892,-0.0129740860771837,-0.0018604416930786,-0.00632846197533,-0.0024639814798246,337.568192,1147.90957,1366340.2,10.0,35000,0.78,25000,387.985825,1302.13896,3486786.54,15.0,0.0,0.0,120000,363.643318,1186.76209,2280389.81,10.0,15000,0.55,120000,339.217639,1165.10617,1412005.38,10.0,35000,0.78,120000
242,-0.0067029685579171,-0.0037539822413798,-0.0021154673233764,-0.0023063546159871,-0.0169450175551268,-0.0022827839683699,-0.0130755907788856,-0.0018844223977018,-0.0064145778235902,-0.0024788571995328,337.592174,1148.28959,1366177.62,10.0,35000,0.78,25000,387.999417,1302.54679,3486041.32,15.0,0.0,0.0,120000,363.656322,1187.13081,2279788.33,10.0,15000,0.55,120000,339.230398,1165.33054,1411666.84,10.0,35000,0.78,120000
243,-0.0067870039429094,-0.0037872826174836,-0.0021335417902137,-0.002387766549258,-0.0171196414530395,-0.0023166617320301,-0.0132094126641103,-0.0019262910646174,-0.0065072982238501,-0.0025439562984808,337.629108,1148.67703,1366038.39,10.0,35000,0.78,25000,388.02278,1302.95491,3485225.52,15.0,0.0,0.0,120000,363.678884,1187.49712,2279117.83,10.0,15000,0.55,120000,339.254246,1165.5279,1411296.02,10.0,35000,0.78,120000
244,-0.0068737366951087,-0.0038110098794409,-0.0021676330584174,-0.0023984889495938,-0.0172947021717152,-0.0023293436655431,-0.0133657529149092,-0.0019351964612296,-0.0065615836362392,-0.0025740073383806,337.65268,1149.09648,1365784.18,10.0,35000,0.78,25000,388.044295,1303.45426,3484629.65,15.0,0.0,0.0,120000,363.698572,1187.97289,2278688.94,10.0,15000,0.55,120000,339.275247,1165.87238,1411064.43,10.0,35000,0.78,120000
245,-0.0069271409131555,-0.0038684532924791,-0.0021919331444625,-0.0024576050237866,-0.0174627979610889,-0.0024012852577801,-0.0135224321110235,-0.0019645303617182,-0.0066267653692706,-0.0026326686196683,337.681234,1149.49842,1365579.12,10.0,35000,0.78,25000,388.062623,1303.89515,3483781.9,15.0,0.0,0.0,120000,363.715829,1188.37661,2278025.18,10.0,15000,0.55,120000,339.293803,1166.12478,1410685.0,10.0,35000,0.78,120000
246,-0.0070027289380188,-0.0039114014558982,-0.0022010399390429,-0.0024890392430399,-0.0176512721090772,-0.0024346761984498,-0.0136663601773667,-0.0020037061220316,-0.0067174978706955,-0.0026740473725521,337.705861,1149.91742,1365393.18,10.0,35000,0.78,25000,388.082062,1304.37544,3483206.73,15.0,0.0,0.0,120000,363.733762,1188.82727,2277581.01,10.0,15000,0.55,120000,339.313209,1166.44664,1410438.04,10.0,35000,0.78,120000
247,-0.0070588003948442,-0.0039302660331,-0.0022284382695632,-0.0025057400909285,-0.0178571665917859,-0.002498485133299,-0.0138231414677722,-0.002039196242024,-0.0067679310819506,-0.0027057931291306,337.730317,1150.34224,1365170.08,10.0,35000,0.78,25000,388.103012,1304.88341,3482618.66,15.0,0.0,0.0,120000,363.752944,1189.30981,2277146.41,10.0,15000,0.55,120000,339.334633,1166.79414,1410198.02,10.0,35000,0.78,120000
248,-0.007107868486015,-0.0040038901286813,-0.0022491711906025,-0.0025677878211851,-0.0180769186685554,-0.0025744637930291,-0.0139402381021933,-0.0020502878910114,-0.0068445529496052,-0.0027173334206308,337.755077,1150.7308,1364979.67,10.0,35000,0.78,25000,388.117843,1305.30947,3481802.42,15.0,0.0,0.0,120000,363.766864,1189.697,2276500.92,10.0,15000,0.55,120000,339.349934,1167.05473,1409816.7,10.0,35000,0.78,120000
249,-0.0072061904705839,-0.0040807039187448,-0.0022565915882413,-0.002578480820501,-0.0182465054210956,-0.0025997747168947,-0.0140452951278119,-0.0020857398162545,-0.0068861801911801,-0.0027437574889947,337.771592,1151.07676,1364799.58,10.0,35000,0.78,25000,388.132533,1305.71549,3481346.29,15.0,0.0,0.0,120000,363.779835,1190.08162,2276163.86,10.0,15000,0.55,120000,339.363826,1167.35164,1409614.12,10.0,35000,0.78,120000
250,-0.0072835258263552,-0.0040988306658587,-0.0022758889681047,-0.0026098671773169,-0.0184245730625016,-0.0026088684704324,-0.0141606201813996,-0.0021088754069745,-0.0069329963611672,-0.0027553566057149,337.797203,1151.42204,1364631.13,10.0,35000,0.78,25000,388.152584,1306.11391,3480785.58,15.0,0.0,0.0,120000,363.798478,1190.45462,2275731.37,10.0,15000,0.55,120000,339.384937,1167.61369,1409361.68,10.0,35000,0.78,120000
251,-0.0074018583476702,-0.0041479772396676,-0.0023142827019763,-0.002652209334719,-0.0185956109305156,-0.0026547619625126,-0.0142771928787825,-0.0021370082128699,-0.0069902902189869,-0.002800495182535,337.825233,1151.79569,1364469.2,10.0,35000,0.78,25000,388.174032,1306.53532,3480173.15,15.0,0.0,0.0,120000,363.81833,1190.84498,2275249.36,10.0,15000,0.55,120000,339.407226,1167.89625,1409074.6,10.0,35000,0.78,120000
252,-0.0074650829877024,-0.0041793749552282,-0.0023224583379684,-0.0027074669535583,-0.0187618817492326,-0.0027183204682937,-0.0143918181790926,-0.0021593729200153,-0.0070480717245074,-0.0028408900872774,337.85407,1152.12942,1364310.43,10.0,35000,0.78,25000,388.193197,1306.90279,3479438.62,15.0,0.0,0.0,120000,363.836368,1191.18034,2274667.48,10.0,15000,0.55,120000,339.428269,1168.11519,1408725.93,10.0,35000,0.78,120000
253,-0.0075200050373114,-0.0042459388120029,-0.0023471305266976,-0.0027685176948108,-0.0190309995040261,-0.0027833874039094,-0.0144974620738267,-0.0021769663045793,-0.0071076153155635,-0.0028578807054642,337.882647,1152.54949,1364099.18,10.0,35000,0.78,25000,388.211401,1307.37031,3478557.96,15.0,0.0,0.0,120000,363.853278,1191.60851,2273976.47,10.0,15000,0.55,120000,339.448194,1168.41252,1408304.06,10.0,35000,0.78,120000
254,-0.0076224498460415,-0.0042947239392843,-0.0023719548224667,-0.0027837422809489,-0.0192750063596577,-0.0028042367861534,-0.0146131430219513,-0.0022670108742835,-0.0071737106950391,-0.0028705627124973,337.905126,1152.97423,1363992.34,10.0,35000,0.78,25000,388.23163,1307.87421,3478293.63,15.0,0.0,0.0,120000,363.871505,1192.08703,2273757.59,10.0,15000,0.55,120000,339.469282,1168.79341,1408171.94,10.0,35000,0.78,120000
255,-0.0077005167040825,-0.0043428083150459,-0.0023782813364364,-0.0028217901789765,-0.019476389344997,-0.0028319136030031,-0.0147520143474805,-0.0022755280769304,-0.0072474727103305,-0.0029248337581582,337.933287,1153.40291,1363738.7,10.0,35000,0.78,25000,388.252956,1308.36834,3477459.09,15.0,0.0,0.0,120000,363.890982,1192.54902,2273129.17,10.0,15000,0.55,120000,339.49252,1169.13737,1407784.03,10.0,35000,0.78,120000
256,-0.0077680264406922,-0.0044090584390746,-0.0023938397266808,-0.0028482119943185,-0.0196601117027664,-0.0028768934347414,-0.0148766975668554,-0.0023168939082622,-0.0073065409470147,-0.0029409026397823,337.952278,1153.77545,1363580.07,10.0,35000,0.78,25000,388.267701,1308.80089,3476947.51,15.0,0.0,0.0,120000,363.904156,1192.95396,2272734.24,10.0,15000,0.55,120000,339.508233,1169.45587,1407536.79,10.0,35000,0.78,120000
257,-0.0078195855348994,-0.004429700491509,-0.0024045547475591,-0.0028652827805992,-0.0198612015161906,-0.0029066695436537,-0.0150015665808179,-0.0023578707877465,-0.0073507927419178,-0.0030102585546883,337.977104,1154.1711,1363368.08,10.0,35000,0.78,25000,388.288359,1309.27541,3476327.25,15.0,0.0,0.0,120000,363.922793,1193.4047,2272276.45,10.0,15000,0.55,120000,339.531216,1169.79919,1407254.33,10.0,35000,0.78,120000
258,-0.0078643128231407,-0.0044755844908536,-0.0024240479056105,-0.0029187099184275,-0.0200417199940595,-0.0029286452744824,-0.0151336025168574,-0.0023684270290456,-0.0074348558293749,-0.0030562986670461,338.003427,1154.56329,1363168.91,10.0,35000,0.78,25000,388.305795,1309.71702,3475531.11,15.0,0.0,0.0,120000,363.93891,1193.81107,2271655.01,10.0,15000,0.55,120000,339.551227,1170.10178,1406865.97,10.0,35000,0.78,120000
259,-0.0079347095086603,-0.004519718351387,-0.0024805988172213,-0.0029997917708071,-0.0202272521368119,-0.0029625167692603,-0.0152738593138654,-0.0024069042293647,-0.0074807553840003,-0.0031024536375944,338.03933,1154.95617,1363019.22,10.0,35000,0.78,25000,388.327966,1310.14226,3474651.49,15.0,0.0,0.0,120000,363.959815,1194.19378,2270937.28,10.0,15000,0.55,120000,339.577249,1170.36801,1406415.7,10.0,35000,0.78,120000
260,-0.0080353994348921,-0.0045637459205478,-0.0025063765021327,-0.0030026843540924,-0.020421358128913,-0.0030701095807008,-0.0154014361966359,-0.0024165577351905,-0.0075321462603474,-0.0031537416630462,338.06052,1155.36736,1362778.4,10.0,35000,0.78,25000,388.348596,1310.64564,3474076.87,15.0,0.0,0.0,120000,363.977995,1194.67373,2270533.51,10.0,15000,0.55,120000,339.599282,1170.76704,1406167.53,10.0,35000,0.78,120000
261,-0.0081370158169895,-0.004607401172717,-0.0025162354694819,-0.003042550371361,-0.0206274923899167,-0.0030835838294345,-0.0155304218678928,-0.0024334340571515,-0.0075901189966662,-0.0032334425675789,338.093325,1155.79834,1362528.31,10.0,35000,0.78,25000,388.373747,1311.14666,3473198.81,15.0,0.0,0.0,120000,364.000868,1195.14206,2269871.59,10.0,15000,0.55,120000,339.627649,1171.12815,1405747.59,10.0,35000,0.78,120000
262,-0.0082462870451347,-0.0046500987141005,-0.0025418450422642,-0.0030794101289825,-0.0208928343571888,-0.0031001075044597,-0.0156814989507094,-0.0024937358427124,-0.0076916772301017,-0.0032655505090954,338.125385,1156.30951,1362351.68,10.0,35000,0.78,25000,388.399952,1311.74967,3472603.9,15.0,0.0,0.0,120000,364.024649,1195.7084,2269400.08,10.0,15000,0.55,120000,339.657104,1171.59038,1405447.79,10.0,35000,0.78,120000
263,-0.0083197864329101,-0.0046997214727289,-0.0026012119810451,-0.0030997013656385,-0.0210727702657338,-0.0031222263744175,-0.0157997668452965,-0.0025157712992638,-0.0077540361191362,-0.0032881980646555,338.143598,1156.69396,1362190.98,10.0,35000,0.78,25000,388.415745,1312.20762,3472157.37,15.0,0.0,0.0,120000,364.038688,1196.13969,2269059.83,10.0,15000,0.55,120000,339.674503,1171.95659,1405231.98,10.0,35000,0.78,120000
264,-0.0083729240145204,-0.0047202154639756,-0.0026144395331819,-0.0031322435898351,-0.0212715033605508,-0.00313340607262,-0.0159443001830597,-0.0025706005082935,-0.0078534152411392,-0.0033009316481501,338.168292,1157.10522,1362070.03,10.0,35000,0.78,25000,388.435199,1312.69458,3471715.43,15.0,0.0,0.0,120000,364.056416,1196.59665,2268700.63,10.0,15000,0.55,120000,339.697174,1172.33161,1405005.4,10.0,35000,0.78,120000
265,-0.0084214985355467,-0.004823805083571,-0.002661470729035,-0.0031505873488613,-0.0214579307079388,-0.0031488031727801,-0.0160654326404566,-0.0026136334996827,-0.0079063578216375,-0.0033388696859139,338.180269,1157.50176,1361894.31,10.0,35000,0.78,25000,388.444718,1313.16358,3471219.38,15.0,0.0,0.0,120000,364.064215,1197.03797,2268326.78,10.0,15000,0.55,120000,339.707357,1172.70967,1404757.73,10.0,35000,0.78,120000
266,-0.0084988796626181,-0.0048649824460695,-0.0026952808964657,-0.0031898412248065,-0.0216943769546199,-0.0031581845162303,-0.016194419034976,-0.0026246268252886,-0.0079559857850165,-0.0033521470230014,338.209399,1157.93045,1361670.7,10.0,35000,0.78,25000,388.466832,1313.66979,3470435.31,15.0,0.0,0.0,120000,364.084251,1197.51057,2267728.74,10.0,15000,0.55,120000,339.732931,1173.0907,1404376.49,10.0,35000,0.78,120000
267,-0.0085969499205985,-0.0049424379395421,-0.0027109076798084,-0.0031934400206348,-0.0218865982306512,-0.003191636049037,-0.016339027593806,-0.0026633884097838,-0.0080503459688678,-0.0033832816216765,338.225994,1158.37548,1361480.21,10.0,35000,0.78,25000,388.48353,1314.21256,3470018.94,15.0,0.0,0.0,120000,364.098549,1198.02731,2267427.57,10.0,15000,0.55,120000,339.750553,1173.54445,1404180.15,10.0,35000,0.78,120000
268,-0.0086830633155134,-0.0049681920315608,-0.0027342270697799,-0.0032269182133503,-0.0220638215023768,-0.0032227857779584,-0.0164516972185677,-0.0026734258838282,-0.0080916529651744,-0.0034221342432492,338.254197,1158.73025,1361291.3,10.0,35000,0.78,25000,388.505324,1314.6342,3469329.65,15.0,0.0,0.0,120000,364.118349,1198.42104,2266904.49,10.0,15000,0.55,120000,339.775538,1173.86021,1403851.24,10.0,35000,0.78,120000
269,-0.0087390083365803,-0.0050148662988472,-0.0027572271198283,-0.0032493616177581,-0.0222533293122782,-0.0032698861192021,-0.0165553980114913,-0.002721433113893,-0.0081674835667099,-0.0034299605267001,338.271474,1159.08043,1361194.27,10.0,35000,0.78,25000,388.519265,1315.05349,3468999.42,15.0,0.0,0.0,120000,364.130705,1198.81425,2266637.55,10.0,15000,0.55,120000,339.791259,1174.19529,1403683.02,10.0,35000,0.78,120000
270,-0.0087871693003283,-0.0050713914192391,-0.0027759517182739,-0.0032582057784844,-0.022451526968811,-0.0032926301203875,-0.0166886341983454,-0.0027518725539758,-0.0082699277101634,-0.0034753165700084,338.287407,1159.51064,1361006.06,10.0,35000,0.78,25000,388.533971,1315.58195,3468540.14,15.0,0.0,0.0,120000,364.143357,1199.31628,2266301.52,10.0,15000,0.55,120000,339.807643,1174.63252,1403470.4,10.0,35000,0.78,120000
271,-0.0088364721651439,-0.0051077532218954,-0.0028237534523538,-0.0032702793208206,-0.0226223075021756,-0.0033023735109024,-0.0168209764394319,-0.0028400324337489,-0.008316001943507,-0.0035158154333292,338.305653,1159.88312,1360921.68,10.0,35000,0.78,25000,388.549857,1316.04028,3468295.14,15.0,0.0,0.0,120000,364.15738,1199.75152,2266102.31,10.0,15000,0.55,120000,339.825742,1175.00381,1403342.82,10.0,35000,0.78,120000
272,-0.0088824841436964,-0.0051571265269853,-0.0028637211029288,-0.0032769257270398,-0.0228011738393413,-0.0033539687311537,-0.0169879165375021,-0.0028659104441463,-0.0084041551823926,-0.0035302108581828,338.321064,1160.32046,1360730.66,10.0,35000,0.78,25000,388.564699,1316.58187,3467858.33,15.0,0.0,0.0,120000,364.170196,1200.26397,2265787.33,10.0,15000,0.55,120000,339.842349,1175.45488,1403146.06,10.0,35000,0.78,120000
273,-0.0089791700306396,-0.00522866769339,-0.0028825547757075,-0.0032936143812257,-0.0230313865541978,-0.0033881917545828,-0.017089420263066,-0.0028832596994769,-0.0084846917350669,-0.003546242942768,338.340435,1160.7353,1360542.41,10.0,35000,0.78,25000,388.581803,1317.08447,3467333.16,15.0,0.0,0.0,120000,364.185173,1200.73366,2265401.36,10.0,15000,0.55,120000,339.860933,1175.86543,1402899.74,10.0,35000,0.78,120000
274,-0.009042634887883,-0.0053153074644471,-0.0028955912373109,-0.0033272498845753,-0.0232092275526682,-0.0034098424173916,-0.0172291521601216,-0.0029860614146859,-0.0085560099199171,-0.0036054553834656,338.361157,1161.13736,1360455.78,10.0,35000,0.78,25000,388.59658,1317.55709,3466908.95,15.0,0.0,0.0,120000,364.198183,1201.17079,2265053.76,10.0,15000,0.55,120000,339.877823,1176.23356,1402671.49,10.0,35000,0.78,120000
275,-0.0091559329424195,-0.0053728735536847,-0.0029239333845318,-0.0033391795978214,-0.0234143724141861,-0.0034244337460924,-0.0173332004668331,-0.0030115935499644,-0.0086042275814974,-0.0036154611105749,338.382034,1161.52335,1360282.45,10.0,35000,0.78,25000,388.615674,1318.02757,3466441.22,15.0,0.0,0.0,120000,364.215118,1201.61193,2264712.61,10.0,15000,0.55,120000,339.898572,1176.61836,1402452.88,10.0,35000,0.78,120000
276,-0.0092175481370405,-0.0054124743914287,-0.0029561852600287,-0.0033531079781166,-0.0235833907455837,-0.0034800464774441,-0.0174464573246194,-0.0030377315104444,-0.0086595674928217,-0.0036431268497638,338.39972,1161.87732,1360130.19,10.0,35000,0.78,25000,388.631153,1318.46031,3466006.93,15.0,0.0,0.0,120000,364.228879,1202.01649,2264393.15,10.0,15000,0.55,120000,339.915971,1176.96748,1402254.78,10.0,35000,0.78,120000
277,-0.0092655026152561,-0.005459402279867,-0.0029736734590444,-0.003357229986912,-0.0237787599137655,-0.0035076899451101,-0.0175580939073442,-0.0030808302862914,-0.0087113671467809,-0.0036772742818426,338.415466,1162.25263,1359965.25,10.0,35000,0.78,25000,388.645842,1318.92683,3465590.45,15.0,0.0,0.0,120000,364.241686,1202.45654,2264096.36,10.0,15000,0.55,120000,339.932492,1177.34845,1402067.04,10.0,35000,0.78,120000
278,-0.009349270105686,-0.0055454862651322,-0.0029884668783388,-0.0033841271559771,-0.0239915301468094,-0.0035318406833785,-0.0176605839180037,-0.0030944279241867,-0.0087737685056656,-0.0036996017299984,338.434928,1162.64715,1359764.56,10.0,35000,0.78,25000,388.66104,1319.39596,3464933.59,15.0,0.0,0.0,120000,364.255125,1202.89033,2263608.76,10.0,15000,0.55,120000,339.949327,1177.71985,1401755.37,10.0,35000,0.78,120000
279,-0.0094327908178299,-0.0056130309376476,-0.0030181232382897,-0.003424692239924,-0.024181689461233,-0.0035550548114109,-0.0177917160616914,-0.0031329511031084,-0.0088364274312208,-0.003720441320125,338.45933,1163.04655,1359613.51,10.0,35000,0.78,25000,388.678945,1319.86509,3464312.86,15.0,0.0,0.0,120000,364.271458,1203.32045,2263125.58,10.0,15000,0.55,120000,339.969836,1178.08051,1401450.28,10.0,35000,0.78,120000
280,-0.0094891729919031,-0.0056368838308889,-0.0030699896833902,-0.0034461677312979,-0.0243521691775545,-0.0035877912096189,-0.0179112592775533,-0.0031570572277304,-0.008895926151808,-0.0037524712193485,338.479674,1163.41619,1359467.28,10.0,35000,0.78,25000,388.696184,1320.31551,3463851.07,15.0,0.0,0.0,120000,364.287187,1203.73951,2262778.98,10.0,15000,0.55,120000,339.989671,1178.43951,1401240.61,10.0,35000,0.78,120000
281,-0.0095419302720586,-0.0056546385114877,-0.0031021611479288,-0.0034541501032826,-0.0245290333185517,-0.0036185805378419,-0.0180672763581983,-0.0032171543687962,-0.0089391431049464,-0.0037789312955067,338.501003,1163.81834,1359317.31,10.0,35000,0.78,25000,388.715674,1320.81838,3463443.64,15.0,0.0,0.0,120000,364.304809,1204.21274,2262482.01,10.0,15000,0.55,120000,340.012091,1178.84337,1401060.36,10.0,35000,0.78,120000
282,-0.0095940448308409,-0.0057133206026629,-0.0031510943335622,-0.0034937046091483,-0.0246994049109639,-0.003649474636995,-0.0181805355619542,-0.0032535505489447,-0.0089939794587542,-0.0038236719518177,338.521835,1164.18271,1359184.75,10.0,35000,0.78,25000,388.730304,1321.2452,3462871.93,15.0,0.0,0.0,120000,364.318275,1204.60269,2262035.94,10.0,15000,0.55,120000,340.029159,1179.16882,1400783.49,10.0,35000,0.78,120000
283,-0.0096385615110589,-0.0057769295629317,-0.0031685614667035,-0.0035221607446355,-0.0249011184961686,-0.0036946250539518,-0.0182935210329563,-0.0032684821336522,-0.0090397754902636,-0.0038311731952795,338.540613,1164.55298,1358995.91,10.0,35000,0.78,25000,388.744131,1321.68758,3462214.14,15.0,0.0,0.0,120000,364.330758,1205.00998,2261546.3,10.0,15000,0.55,120000,340.045179,1179.50941,1400478.13,10.0,35000,0.78,120000
284,-0.0097166645192476,-0.0058047905729411,-0.003190254005553,-0.0035298145730719,-0.0250677867363689,-0.0037027461701102,-0.0184009322718925,-0.0032805602765601,-0.0090838225374084,-0.0038718646854524,338.560718,1164.90977,1358804.14,10.0,35000,0.78,25000,388.762756,1322.1301,3461693.85,15.0,0.0,0.0,120000,364.34756,1205.42561,2261178.67,10.0,15000,0.55,120000,340.065963,1179.86537,1400253.71,10.0,35000,0.78,120000
285,-0.0097839379534459,-0.005820116459238,-0.0032059507440718,-0.0035678713830628,-0.0252420014493309,-0.0037427740550117,-0.0185114102480787,-0.0033108699710138,-0.0091486680174118,-0.0039055114638328,338.587565,1165.26077,1358677.41,10.0,35000,0.78,25000,388.783039,1322.54633,3461124.63,15.0,0.0,0.0,120000,364.366482,1205.80666,2260735.99,10.0,15000,0.55,120000,340.089682,1180.17534,1399988.65,10.0,35000,0.78,120000
286,-0.0098640835599915,-0.00585904474854,-0.0032373046435353,-0.0035866923501611,-0.02541985882144,-0.0037839453498211,-0.0186168967982133,-0.003350259800109,-0.0092094185100495,-0.0039648119248615,338.608989,1165.63776,1358534.07,10.0,35000,0.78,25000,388.801517,1323.00321,3460659.02,15.0,0.0,0.0,120000,364.383189,1206.23176,2260388.85,10.0,15000,0.55,120000,340.110337,1180.53765,1399780.75,10.0,35000,0.78,120000
287,-0.0099371002703438,-0.0059278223767985,-0.0033030406374024,-0.0036160690651336,-0.0256223730050876,-0.0038029433994971,-0.0187497022403344,-0.0033979626307065,-0.009266731983414,-0.0040242774445699,338.630915,1166.08409,1358366.83,10.0,35000,0.78,25000,388.819158,1323.53738,3460081.36,15.0,0.0,0.0,120000,364.39902,1206.7261,2259949.72,10.0,15000,0.55,120000,340.130177,1180.95935,1399512.49,10.0,35000,0.78,120000
288,-0.0100009926096697,-0.0059464006358941,-0.0033536039702743,-0.0036553733556607,-0.0257904384794899,-0.0038404035380388,-0.0188754957755967,-0.0034155773232347,-0.0093285876159511,-0.0040895519259412,338.658415,1166.47595,1358199.12,10.0,35000,0.78,25000,388.84018,1324.00367,3459410.45,15.0,0.0,0.0,120000,364.418463,1207.15359,2259436.68,10.0,15000,0.55,120000,340.154691,1181.3105,1399208.06,10.0,35000,0.78,120000
289,-0.0100439233520443,-0.0059787254104414,-0.0033848320225159,-0.0036894513679794,-0.0259643629094177,-0.0038881705832201,-0.0190287579688395,-0.0034267463306885,-0.0093732538398353,-0.0041114360351934,338.683147,1166.87554,1357992.19,10.0,35000,0.78,25000,388.858728,1324.48312,3458660.55,15.0,0.0,0.0,120000,364.435395,1207.59407,2258876.94,10.0,15000,0.55,120000,340.176507,1181.67099,1398870.05,10.0,35000,0.78,120000
290,-0.0101035177114143,-0.0059968541598472,-0.0034200865371561,-0.003692004263801,-0.0261692888764266,-0.0039029563667894,-0.0191580201942482,-0.0034649810933585,-0.0094245933973218,-0.0041245747737079,338.702472,1167.28676,1357825.39,10.0,35000,0.78,25000,388.877683,1324.99794,3458262.52,15.0,0.0,0.0,120000,364.45228,1208.07855,2258595.49,10.0,15000,0.55,120000,340.197803,1182.0903,1398708.24,10.0,35000,0.78,120000
291,-0.0101517331197434,-0.0060286325617107,-0.0034661202211146,-0.0037117283278741,-0.0263446535651327,-0.0039445259736198,-0.0192607601669145,-0.0034866387709497,-0.0094802411996969,-0.0041511896079705,338.720082,1167.64242,1357684.9,10.0,35000,0.78,25000,388.892532,1325.42817,3457816.78,15.0,0.0,0.0,120000,364.4656,1208.47703,2258262.98,10.0,15000,0.55,120000,340.214666,1182.43136,1398512.7,10.0,35000,0.78,120000
292,-0.0102350507618251,-0.0060743608573635,-0.0034957018344095,-0.0037413733487226,-0.0265620284505115,-0.0039517755576354,-0.0193695388735702,-0.0035125804147763,-0.0095331476688381,-0.0041850338826166,338.745407,1168.05527,1357503.78,10.0,35000,0.78,25000,388.912849,1325.9224,3457170.23,15.0,0.0,0.0,120000,364.483933,1208.93269,2257778.85,10.0,15000,0.55,120000,340.237622,1182.81132,1398221.72,10.0,35000,0.78,120000
293,-0.0103063971303345,-0.0061574062065622,-0.0035158477759817,-0.0037646426938691,-0.0267658797473203,-0.0039661925444552,-0.0194904745429736,-0.0035460812062949,-0.0096084523551139,-0.0042281156436721,338.763971,1168.48672,1357317.24,10.0,35000,0.78,25000,388.927948,1326.4372,3456570.51,15.0,0.0,0.0,120000,364.49706,1209.40885,2257334.8,10.0,15000,0.55,120000,340.254185,1183.21963,1397951.22,10.0,35000,0.78,120000
294,-0.0104051312244448,-0.0062242952495348,-0.0035653317170251,-0.0037762697116397,-0.0269679352969161,-0.0039962096759636,-0.0195943985006875,-0.0035766165335284,-0.0096565043253202,-0.0042655090019164,338.782431,1168.89732,1357144.04,10.0,35000,0.78,25000,388.945177,1326.93486,3456097.58,15.0,0.0,0.0,120000,364.512091,1209.87242,2256993.71,10.0,15000,0.55,120000,340.272583,1183.62411,1397747.24,10.0,35000,0.78,120000
295,-0.0104829397198768,-0.0062656147094243,-0.0036021184915887,-0.0038101543670513,-0.0271466826488395,-0.004042290221838,-0.0197212703132762,-0.0036097908115041,-0.0097286041711351,-0.0043124816143548,338.80717,1169.30529,1356995.14,10.0,35000,0.78,25000,388.964613,1327.41785,3455520.37,15.0,0.0,0.0,120000,364.529629,1210.3153,2256552.69,10.0,15000,0.55,120000,340.294625,1183.99498,1397488.96,10.0,35000,0.78,120000
296,-0.0106104912344501,-0.0063024391502523,-0.0036779145227357,-0.0038337637112026,-0.0273518998980799,-0.0040560504979165,-0.0198286096933966,-0.003655492574864,-0.0097878412196727,-0.0043303085319802,338.831972,1169.72464,1356889.01,10.0,35000,0.78,25000,388.986897,1327.92044,3455172.17,15.0,0.0,0.0,120000,364.549726,1210.78013,2256279.56,10.0,15000,0.55,120000,340.318926,1184.39946,1397335.02,10.0,35000,0.78,120000
297,-0.0106913848673761,-0.0063219650316248,-0.0037197522231998,-0.0038596920861904,-0.0275315806237267,-0.0041044342126789,-0.0199608453800992,-0.003679091670553,-0.0098377160557282,-0.0043924533458668,338.859573,1170.14127,1356700.27,10.0,35000,0.78,25000,389.009813,1328.42385,3454522.94,15.0,0.0,0.0,120000,364.570367,1211.24467,2255801.31,10.0,15000,0.55,120000,340.344976,1184.784,1397059.22,10.0,35000,0.78,120000
298,-0.0107863399284827,-0.0063839038795369,-0.0037934865898131,-0.0038889732747083,-0.027706937876488,-0.0041285368567049,-0.0200867777606833,-0.0037275482103826,-0.0099022458927126,-0.0044941241712619,338.883681,1170.58963,1356541.8,10.0,35000,0.78,25000,389.029741,1328.95639,3453959.33,15.0,0.0,0.0,120000,364.587997,1211.73542,2255376.03,10.0,15000,0.55,120000,340.366927,1185.20147,1396811.96,10.0,35000,0.78,120000
299,-0.0108857181801362,-0.0064069337463891,-0.0038272384488611,-0.0039377603158928,-0.0278907816797462,-0.00413992538416,-0.0202013795677152,-0.0037438327514264,-0.0099534165439559,-0.0045100826073468,338.915318,1170.96859,1356394.87,10.0,35000,0.78,25000,389.053105,1329.39616,3453266.32,15.0,0.0,0.0,120000,364.609473,1212.13216,2254837.34,10.0,15000,0.55,120000,340.393747,1185.51815,1396497.66,10.0,35000,0.78,120000
300,-0.0109327343459076,-0.0064225024746246,-0.0038730993120748,-0.0039597089406384,-0.0280685465083812,-0.0041494840729701,-0.020304734694249,-0.0037657378994553,-0.0099949703973204,-0.0045471259387874,338.936795,1171.33031,1356241.47,10.0,35000,0.78,25000,389.070723,1329.83462,3452744.75,15.0,0.0,0.0,120000,364.625224,1212.53632,2254451.67,10.0,15000,0.55,120000,340.414008,1185.85349,1396278.15,10.0,35000,0.78,120000
301,-0.0110217601182652,-0.006524503557224,-0.0038976623535109,-0.0039712319147574,-0.0282463873749252,-0.0041688031967421,-0.0204211842247261,-0.0038152108388809,-0.0100531041649059,-0.0045698993974821,338.950069,1171.72981,1356093.66,10.0,35000,0.78,25000,389.082812,1330.31095,3452334.4,15.0,0.0,0.0,120000,364.635164,1212.97703,2254152.95,10.0,15000,0.55,120000,340.426259,1186.24214,1396095.54,10.0,35000,0.78,120000
302,-0.0110766685326273,-0.0065419537072041,-0.0039665445928487,-0.0039962838424039,-0.0284158168545909,-0.0042097041616972,-0.0205568079108015,-0.0038419459478681,-0.0101108003736302,-0.0045852565710953,338.971543,1172.12762,1355959.17,10.0,35000,0.78,25000,389.100781,1330.78959,3451883.56,15.0,0.0,0.0,120000,364.651215,1213.41664,2253812.38,10.0,15000,0.55,120000,340.446798,1186.61653,1395907.47,10.0,35000,0.78,120000
303,-0.0111353411863351,-0.0066074345199998,-0.0040125084311736,-0.0040164659595044,-0.0286007463931894,-0.0042430372433724,-0.0206585578920304,-0.0038914831018749,-0.0102247270060449,-0.0046292823241685,338.984985,1172.53731,1355869.43,10.0,35000,0.78,25000,389.112675,1331.27543,3451612.54,15.0,0.0,0.0,120000,364.661329,1213.86421,2253599.45,10.0,15000,0.55,120000,340.459569,1187.01565,1395788.5,10.0,35000,0.78,120000
304,-0.0112367072533419,-0.006628985771844,-0.004035284411991,-0.0040717931255779,-0.0288698236786904,-0.0042598302443368,-0.0208059232695105,-0.0039100195640128,-0.0102789534176691,-0.0046938165564274,339.028077,1173.06546,1355609.76,10.0,35000,0.78,25000,389.144745,1331.89979,3450528.91,15.0,0.0,0.0,120000,364.690314,1214.42931,2252788.95,10.0,15000,0.55,120000,340.496649,1187.45812,1395319.84,10.0,35000,0.78,120000
305,-0.0113090282322834,-0.0067019680843047,-0.0041257736624095,-0.0040769493240017,-0.0291025006220027,-0.0042738144519507,-0.0209459555208022,-0.0039446629263322,-0.0103438495154559,-0.0047194402407072,339.043353,1173.57256,1355413.9,10.0,35000,0.78,25000,389.160605,1332.51962,3450092.01,15.0,0.0,0.0,120000,364.703529,1215.00655,2252484.11,10.0,15000,0.55,120000,340.513405,1187.97154,1395148.39,10.0,35000,0.78,120000
306,-0.0113654475097944,-0.00678362750718,-0.0041531959156714,-0.0040868379464558,-0.0292764807241219,-0.00433008142993,-0.0210775212236537,-0.0039765449527719,-0.0104356798659406,-0.0047467448777515,339.055062,1173.99576,1355252.45,10.0,35000,0.78,25000,389.171706,1333.02782,3449682.52,15.0,0.0,0.0,120000,364.71253,1215.47712,2252191.66,10.0,15000,0.55,120000,340.52499,1188.39019,1394978.46,10.0,35000,0.78,120000
307,-0.0114328532435511,-0.0068514413149283,-0.0041629870968574,-0.004114686103937,-0.0294541186785587,-0.0043473812876314,-0.0212127641977227,-0.0040409010531841,-0.010504310501714,-0.0047948985312955,339.076793,1174.41467,1355116.64,10.0,35000,0.78,25000,389.188335,1333.52268,3449150.08,15.0,0.0,0.0,120000,364.726879,1215.92949,2251788.11,10.0,15000,0.55,120000,340.543497,1188.76847,1394744.44,10.0,35000,0.78,120000
308,-0.0114956707925844,-0.0069253420904922,-0.0041914941801766,-0.0041325751934153,-0.0296544830166331,-0.0043652508921014,-0.0213384681467546,-0.0040674108428498,-0.010571041629857,-0.0048257397501184,339.094486,1174.85129,1354923.57,10.0,35000,0.78,25000,389.203169,1334.04599,3448568.88,15.0,0.0,0.0,120000,364.739379,1216.41046,2251366.81,10.0,15000,0.55,120000,340.559636,1189.18314,1394499.76,10.0,35000,0.78,120000
309,-0.0115698226896542,-0.0069414192315203,-0.0042382293595322,-0.0041454460261808,-0.029828102656013,-0.004413625297565,-0.0214774970425818,-0.0041217844854426,-0.0106141699248164,-0.0048386684266796,339.11693,1175.2516,1354805.15,10.0,35000,0.78,25000,389.223264,1334.53436,3448213.65,15.0,0.0,0.0,120000,364.757075,1216.86133,2251103.55,10.0,15000,0.55,120000,340.582138,1189.56963,1394361.47,10.0,35000,0.78,120000
310,-0.0116231338836883,-0.0069843039462465,-0.0042803597396607,-0.0041868146249725,-0.0300143354091928,-0.0044253763185844,-0.021612711477247,-0.0041352510166379,-0.0106672195332484,-0.0048839209429398,339.143764,1175.67886,1354605.17,10.0,35000,0.78,25000,389.242463,1335.03669,3447423.45,15.0,0.0,0.0,120000,364.77404,1217.31493,2250511.27,10.0,15000,0.55,120000,340.604343,1189.93976,1394020.61,10.0,35000,0.78,120000
311,-0.011719273638538,-0.0070249295108265,-0.0043296965212538,-0.0042331765332579,-0.0301922836469243,-0.0044490454209908,-0.0217435837271894,-0.0042396469503608,-0.0107297997368529,-0.0048941779476104,339.171728,1176.07524,1354599.49,10.0,35000,0.78,25000,389.262874,1335.4922,3447134.03,15.0,0.0,0.0,120000,364.792429,1217.72372,2250243.96,10.0,15000,0.55,120000,340.627493,1190.28063,1393877.89,10.0,35000,0.78,120000
312,-0.0117916052850433,-0.0070434594243486,-0.0043710276436354,-0.0042450137514793,-0.0303991084328378,-0.0044842374422337,-0.0218715492361559,-0.0042589716931277,-0.0107849740977384,-0.004971052289524,339.197891,1176.53776,1354374.61,10.0,35000,0.78,25000,389.286082,1336.06009,3446481.44,15.0,0.0,0.0,120000,364.812644,1218.24848,2249785.11,10.0,15000,0.55,120000,340.65353,1190.72628,1393624.91,10.0,35000,0.78,120000
313,-0.0118368343190664,-0.0070608141229565,-0.0043931092710706,-0.0042491895132344,-0.0305990987147186,-0.0045250709405592,-0.0219987838915291,-0.0042723808571513,-0.010830423323546,-0.0049920170870869,339.218252,1176.9523,1354163.64,10.0,35000,0.78,25000,389.304681,1336.57409,3445921.47,15.0,0.0,0.0,120000,364.828637,1218.72517,2249398.46,10.0,15000,0.55,120000,340.674534,1191.13436,1393411.02,10.0,35000,0.78,120000
314,-0.0119100969651242,-0.0070760958538593,-0.0044337854093934,-0.0042661889076481,-0.0307733590351424,-0.0045633290198764,-0.0221280952197795,-0.004324071349804,-0.0108866599840562,-0.0050021634506692,339.240954,1177.34534,1354059.74,10.0,35000,0.78,25000,389.324325,1337.04969,3445579.44,15.0,0.0,0.0,120000,364.845949,1219.1623,2249139.74,10.0,15000,0.55,120000,340.696614,1191.51122,1393276.31,10.0,35000,0.78,120000
315,-0.0119783922300195,-0.0070942499386762,-0.0044677433772094,-0.0042895897719599,-0.0309448501452281,-0.0046120788404839,-0.0222714814476889,-0.0043873269009788,-0.0109488164583808,-0.0050292486025431,339.266048,1177.75721,1353956.27,10.0,35000,0.78,25000,389.344848,1337.54416,3445178.52,15.0,0.0,0.0,120000,364.864046,1219.61467,2248831.91,10.0,15000,0.55,120000,340.719951,1191.89601,1393113.42,10.0,35000,0.78,120000
316,-0.0120783918653336,-0.0071132604841542,-0.0045075192484299,-0.0043358652059885,-0.0311356331645399,-0.0046312694633314,-0.0223823698066298,-0.0044107726112663,-0.0110034215589532,-0.005068992783973,339.299444,1178.1616,1353811.41,10.0,35000,0.78,25000,389.369554,1338.01513,3444494.42,15.0,0.0,0.0,120000,364.886306,1220.03695,2248305.6,10.0,15000,0.55,120000,340.748166,1192.24065,1392817.67,10.0,35000,0.78,120000
317,-0.012158606280921,-0.0071800403907757,-0.0045649926706087,-0.0043583837233107,-0.0313451991632651,-0.0046409177051756,-0.0225143448239127,-0.0044428996611899,-0.0110712826647085,-0.0051497938714093,339.323289,1178.65537,1353601.72,10.0,35000,0.78,25000,389.389242,1338.60685,3443829.88,15.0,0.0,0.0,120000,364.903063,1220.57936,2247824.54,10.0,15000,0.55,120000,340.769757,1192.70962,1392543.78,10.0,35000,0.78,120000
318,-0.0122449131210119,-0.0072043384444634,-0.0045892018512818,-0.004366293573567,-0.0315167877013546,-0.0047146329937779,-0.0226210160985857,-0.0045168068874169,-0.0111508269133192,-0.0051814979174037,339.342732,1179.03428,1353545.46,10.0,35000,0.78,25000,389.407428,1339.06594,3443679.44,15.0,0.0,0.0,120000,364.918881,1221.00397,2247707.13,10.0,15000,0.55,120000,340.789602,1193.08789,1392492.77,10.0,35000,0.78,120000
319,-0.0122891744446868,-0.007218852502145,-0.0046402835618992,-0.0044055468085223,-0.0316977435644922,-0.0047350452051174,-0.0227312737741806,-0.0045528003359919,-0.0112461380239422,-0.0052289039848035,339.367471,1179.43807,1353447.96,10.0,35000,0.78,25000,389.425576,1339.54025,3443210.96,15.0,0.0,0.0,120000,364.935054,1221.43226,2247336.67,10.0,15000,0.55,120000,340.810739,1193.45211,1392294.29,10.0,35000,0.78,120000
320,-0.0123507700406791,-0.007269524824829,-0.0046534125212583,-0.0044302445197439,-0.0319352214667389,-0.0047520755064536,-0.0228638952230438,-0.0045892000548899,-0.0113293770420414,-0.0052361015097849,339.3912,1179.91159,1353272.69,10.0,35000,0.78,25000,389.444413,1340.1067,3442621.29,15.0,0.0,0.0,120000,364.951223,1221.9497,2246901.19,10.0,15000,0.55,120000,340.831924,1193.89801,1392049.29,10.0,35000,0.78,120000
321,-0.0124120911580299,-0.00731150114395,-0.0046755863496964,-0.0044652121047925,-0.032109792648823,-0.0047706611052741,-0.0229693207164607,-0.0046211564051631,-0.0114193880900453,-0.0052484000049847,339.412427,1180.28849,1353172.0,10.0,35000,0.78,25000,389.459944,1340.54439,3442172.68,15.0,0.0,0.0,120000,364.964867,1222.34444,2246548.61,10.0,15000,0.55,120000,340.849498,1194.23829,1391852.07,10.0,35000,0.78,120000
322,-0.0124782019930399,-0.0073437920610255,-0.0047088431704336,-0.0045236012879226,-0.0323201616084415,-0.0047833531874532,-0.0230874743653482,-0.0046716300557689,-0.0114989781031887,-0.0052649667907076,339.443869,1180.71079,1353079.64,10.0,35000,0.78,25000,389.480909,1341.02529,3441558.45,15.0,0.0,0.0,120000,364.983713,1222.77104,2246051.61,10.0,15000,0.55,120000,340.874012,1194.58863,1391573.1,10.0,35000,0.78,120000
323,-0.0125678833431733,-0.0073613614083113,-0.0047288853698937,-0.0045304027391928,-0.0325077687110379,-0.0048061833029163,-0.0232092634565756,-0.0047023715061074,-0.0115849221179993,-0.0052866570784923,339.466056,1181.13872,1352932.32,10.0,35000,0.78,25000,389.501948,1341.54626,3441186.23,15.0,0.0,0.0,120000,365.002013,1223.25317,2245788.97,10.0,15000,0.55,120000,340.897043,1195.01683,1391436.4,10.0,35000,0.78,120000
324,-0.0126490820268685,-0.0073792482796498,-0.0047641720392141,-0.0045559711725061,-0.0326981252395044,-0.0048489721175559,-0.0233305479936437,-0.0047418256227653,-0.0116954868976427,-0.0052952781750432,339.489409,1181.56687,1352841.12,10.0,35000,0.78,25000,389.521776,1342.05306,3440862.51,15.0,0.0,0.0,120000,365.019581,1223.71584,2245534.28,10.0,15000,0.55,120000,340.919235,1195.42748,1391306.4,10.0,35000,0.78,120000
325,-0.0127269945518814,-0.0074033857805582,-0.0048034865545409,-0.0045867482725969,-0.0328826193613109,-0.0048656584666647,-0.0235018361939013,-0.0048154616115401,-0.0117717376659036,-0.0053157569125651,339.518234,1182.04471,1352730.77,10.0,35000,0.78,25000,389.544829,1342.61896,3440407.88,15.0,0.0,0.0,120000,365.03995,1224.23094,2245181.15,10.0,15000,0.55,120000,340.945468,1195.87093,1391117.84,10.0,35000,0.78,120000
326,-0.0127722324617495,-0.0074491249369431,-0.0048162048664644,-0.0046093946353451,-0.0330753928846662,-0.0049079230606845,-0.0236271574457383,-0.0048358159225798,-0.0118515914357719,-0.0053535997213476,339.539224,1182.47736,1352543.62,10.0,35000,0.78,25000,389.561283,1343.13249,3439792.97,15.0,0.0,0.0,120000,365.054082,1224.69901,2244735.36,10.0,15000,0.55,120000,340.964159,1196.27592,1390864.75,10.0,35000,0.78,120000
327,-0.0128413803515942,-0.0074896951053939,-0.0048689409936786,-0.0046175494721595,-0.0332917239897056,-0.0049358024457139,-0.0237790034257689,-0.0048674252286321,-0.0119242790960233,-0.0053603219604225,339.559541,1182.97463,1352356.02,10.0,35000,0.78,25000,389.58038,1343.7353,3439327.53,15.0,0.0,0.0,120000,365.070451,1225.25531,2244409.54,10.0,15000,0.55,120000,340.98523,1196.77319,1390688.46,10.0,35000,0.78,120000
328,-0.0128935888226063,-0.0075340036171569,-0.004944917069806,-0.0046628336110908,-0.0334647751304038,-0.0050033033409125,-0.0238998347039908,-0.0049244317872278,-0.0119729660032985,-0.0053683697371934,339.582225,1183.35972,1352290.26,10.0,35000,0.78,25000,389.59562,1344.1733,3438904.9,15.0,0.0,0.0,120000,365.084095,1225.64554,2244061.8,10.0,15000,0.55,120000,341.00303,1197.10799,1390494.19,10.0,35000,0.78,120000
329,-0.0129675844906658,-0.0075806153413447,-0.0049546843682491,-0.0046693273609183,-0.0336430407566744,-0.0050215605626832,-0.0240043825812882,-0.0049516028863588,-0.0120156394097816,-0.0054397849300577,339.603102,1183.76605,1352085.35,10.0,35000,0.78,25000,389.613997,1344.66396,3438316.43,15.0,0.0,0.0,120000,365.099855,1226.09708,2243656.53,10.0,15000,0.55,120000,341.023216,1197.49998,1390262.32,10.0,35000,0.78,120000
330,-0.0130253024010169,-0.0076103532104902,-0.0049894210420356,-0.0046839357811583,-0.0338169967222386,-0.0050453013111887,-0.0241844021501463,-0.0049669063851735,-0.0120760316974249,-0.005446818179322,339.626397,1184.24518,1351862.01,10.0,35000,0.78,25000,389.634087,1345.24238,3437676.62,15.0,0.0,0.0,120000,365.117349,1226.62624,2243209.68,10.0,15000,0.55,120000,341.045975,1197.96347,1390011.93,10.0,35000,0.78,120000
331,-0.0131076040300552,-0.0076562505134337,-0.0049982680793001,-0.0046963074358235,-0.0340017721981681,-0.005060252011203,-0.0242895852069871,-0.0050270036560616,-0.0121382631873866,-0.0054928858955103,339.647426,1184.65152,1351736.66,10.0,35000,0.78,25000,389.652306,1345.72789,3437275.43,15.0,0.0,0.0,120000,365.13316,1227.06925,2242923.8,10.0,15000,0.55,120000,341.065982,1198.35303,1389853.17,10.0,35000,0.78,120000
332,-0.0131748400910903,-0.007673114853571,-0.0050474994094439,-0.0047249771059646,-0.034216212903276,-0.0050879026176604,-0.02439896210868,-0.0050468563842488,-0.0121868029976482,-0.0055070757022002,339.67394,1185.07822,1351573.09,10.0,35000,0.78,25000,389.673276,1346.23302,3436687.48,15.0,0.0,0.0,120000,365.151933,1227.52382,2242494.08,10.0,15000,0.55,120000,341.090089,1198.74545,1389613.97,10.0,35000,0.78,120000
333,-0.013273739525253,-0.0077511435807644,-0.0050931277327249,-0.0047375446062807,-0.0344122433065262,-0.0050985671206445,-0.0245466757399979,-0.0050578899506151,-0.0122386712355161,-0.0055324518897823,339.694888,1185.572,1351327.62,10.0,35000,0.78,25000,389.691966,1346.82204,3436014.84,15.0,0.0,0.0,120000,365.167881,1228.0605,2242029.61,10.0,15000,0.55,120000,341.11012,1199.2258,1389343.34,10.0,35000,0.78,120000
334,-0.0133358236229253,-0.0077977306230926,-0.005134975351668,-0.004799070246015,-0.0346110729014916,-0.0051389808753921,-0.0246877971221712,-0.0051589331480193,-0.0122936956063986,-0.0055626608908875,339.72711,1186.01554,1351274.56,10.0,35000,0.78,25000,389.712447,1347.3186,3435458.94,15.0,0.0,0.0,120000,365.186591,1228.49469,2241572.68,10.0,15000,0.55,120000,341.134521,1199.58613,1389084.3,10.0,35000,0.78,120000
335,-0.0133970218791376,-0.0078242042150207,-0.0051612183110532,-0.0048332801676504,-0.0347928575837265,-0.0051933392867154,-0.0247918416324435,-0.0052504257804116,-0.0123391851215368,-0.0056039141978338,339.752974,1186.3927,1351225.42,10.0,35000,0.78,25000,389.731194,1347.75337,3435093.25,15.0,0.0,0.0,120000,365.203554,1228.88182,2241280.96,10.0,15000,0.55,120000,341.156394,1199.91519,1388924.65,10.0,35000,0.78,120000
336,-0.013495878168451,-0.0078701417348393,-0.0051850645439373,-0.004843178359562,-0.0350033398451481,-0.005216364069216,-0.0249019021534246,-0.0052872420836765,-0.0124342120203641,-0.005662959448071,339.775163,1186.87146,1351054.09,10.0,35000,0.78,25000,389.751725,1348.32618,3434632.29,15.0,0.0,0.0,120000,365.221512,1229.40429,2240964.61,10.0,15000,0.55,120000,341.178767,1200.38434,1388752.83,10.0,35000,0.78,120000
337,-0.0135641796063508,-0.0078966790440356,-0.0052210222599875,-0.0048600840967941,-0.0351879600599805,-0.0052381794090343,-0.0250380087860077,-0.0053043063317349,-0.012486927980067,-0.0057010066123108,339.799683,1187.3243,1350845.77,10.0,35000,0.78,25000,389.772368,1348.86706,3434000.29,15.0,0.0,0.0,120000,365.239794,1229.89464,2240525.18,10.0,15000,0.55,120000,341.202283,1200.81172,1388506.44,10.0,35000,0.78,120000
338,-0.0136122139538254,-0.007949498911022,-0.0053092592667839,-0.0048906304945114,-0.0353639504258009,-0.0052745569852799,-0.0252016969186886,-0.0053199321234578,-0.0125859462835414,-0.0057081991179809,339.818093,1187.81899,1350683.49,10.0,35000,0.78,25000,389.787046,1349.44538,3433495.82,15.0,0.0,0.0,120000,365.252649,1230.4159,2240152.93,10.0,15000,0.55,120000,341.219083,1201.28242,1388301.39,10.0,35000,0.78,120000
339,-0.0136792291423601,-0.0079700887281707,-0.0053332141241973,-0.0049127095460674,-0.035564514712462,-0.0052820620131517,-0.0253058612233093,-0.0053368384213469,-0.0126563915772693,-0.0057148614845729,339.84122,1188.23303,1350526.92,10.0,35000,0.78,25000,389.80598,1349.93462,3432981.46,15.0,0.0,0.0,120000,365.269571,1230.85678,2239783.72,10.0,15000,0.55,120000,341.240863,1201.66884,1388098.59,10.0,35000,0.78,120000
340,-0.0137605779748957,-0.0080239627512853,-0.0053626758563418,-0.0049704046797901,-0.0357988818707101,-0.0052987070510147,-0.025410434223939,-0.0053732804020336,-0.0127293348702897,-0.0057734210171581,339.874572,1188.70959,1350361.19,10.0,35000,0.78,25000,389.828163,1350.46884,3432161.98,15.0,0.0,0.0,120000,365.289682,1231.32766,2239159.96,10.0,15000,0.55,120000,341.267141,1202.06357,1387740.43,10.0,35000,0.78,120000
341,-0.0138070998551004,-0.0080657572763876,-0.0053760595249908,-0.0049935402391031,-0.035981480178624,-0.0053966500707713,-0.0255118684755281,-0.0054194510926856,-0.0128183294824119,-0.0057827859566669,339.89161,1189.09173,1350272.56,10.0,35000,0.78,25000,389.841246,1350.90927,3431832.24,15.0,0.0,0.0,120000,365.301202,1231.72639,2238907.83,10.0,15000,0.55,120000,341.282434,1202.41984,1387602.41,10.0,35000,0.78,120000
342,-0.01391748200163,-0.008101822885071,-0.0054097952977209,-0.0049997128959824,-0.0361508488931201,-0.005419233375679,-0.0256600598825592,-0.0054432078687203,-0.0129195367379239,-0.0058162697663348,339.913517,1189.58062,1350092.69,10.0,35000,0.78,25000,389.862597,1351.49075,3431413.14,15.0,0.0,0.0,120000,365.319942,1232.26204,2238621.99,10.0,15000,0.55,120000,341.305934,1202.90848,1387450.61,10.0,35000,0.78,120000
343,-0.0139728338176407,-0.0081491527521654,-0.0054784821705397,-0.0050086173965452,-0.0363461305318365,-0.0054469449969002,-0.0257870137869682,-0.005474140158973,-0.013006910971638,-0.0058610710944172,339.929604,1190.06412,1349925.76,10.0,35000,0.78,25000,389.877885,1352.06487,3431016.49,15.0,0.0,0.0,120000,365.333017,1232.78987,2238347.78,10.0,15000,0.55,120000,341.323159,1203.38999,1387307.04,10.0,35000,0.78,120000
344,-0.0140461257720731,-0.0081990889205424,-0.0054971393862348,-0.005019507764285,-0.0365396223772351,-0.0054613681960777,-0.0259178351707692,-0.0055291396444424,-0.0131063119579867,-0.0059068096092706,339.949163,1190.54471,1349779.38,10.0,35000,0.78,25000,389.895444,1352.63155,3430623.23,15.0,0.0,0.0,120000,365.348186,1233.30954,2238070.51,10.0,15000,0.55,120000,341.342994,1203.85895,1387159.03,10.0,35000,0.78,120000
345,-0.0141128797096179,-0.0082172148030245,-0.0055139244990036,-0.0050931385573884,-0.0367709235742872,-0.0054768246480643,-0.0260696707485729,-0.0055597161925129,-0.0131934750749686,-0.0059571438326496,339.991913,1191.07336,1349586.86,10.0,35000,0.78,25000,389.923084,1353.21917,3429612.39,15.0,0.0,0.0,120000,365.373643,1233.82458,2237296.97,10.0,15000,0.55,120000,341.377264,1204.28148,1386718.94,10.0,35000,0.78,120000
346,-0.0141586548280461,-0.0082359489769366,-0.005555044832858,-0.0051354773616761,-0.0369808776094732,-0.0054925716846532,-0.0261782429589717,-0.0056201949773417,-0.0132540461903209,-0.0060059024232389,340.020744,1191.51268,1349475.72,10.0,35000,0.78,25000,389.943168,1353.71921,3429049.8,15.0,0.0,0.0,120000,365.391813,1234.27085,2236863.89,10.0,15000,0.55,120000,341.401936,1204.66149,1386480.83,10.0,35000,0.78,120000
347,-0.0142064795107235,-0.008311948959055,-0.0056056618498868,-0.0051591991866119,-0.0371735530123402,-0.0055242453313401,-0.0262826881534722,-0.0056744045386755,-0.0133062114540187,-0.0060421671694547,340.036885,1191.93522,1349347.71,10.0,35000,0.78,25000,389.955004,1354.20449,3428603.35,15.0,0.0,0.0,120000,365.401787,1234.71015,2236532.31,10.0,15000,0.55,120000,341.415734,1205.05371,1386292.3,10.0,35000,0.78,120000
348,-0.0078740399381728,-0.0044797002975153,-0.0028159727023538,-0.0026943712862644,-0.0206951493969356,-0.0028383747493553,-0.0151137635319454,-0.0026885247110671,-0.0074208506084107,-0.0031116731259591,337.968941,1155.32805,1363235.07,10.0,35000,0.78,25000,388.313727,1310.82323,3477685.98,15.0,0.0,0.0,120000,363.941869,1194.94198,2273377.43,10.0,15000,0.55,120000,339.554246,1171.22728,1407956.71,10.0,35000,0.78,120000
349,-0.00813272007924,-0.0045670779791721,-0.0028732113536862,-0.0027392773404619,-0.0216441616586227,-0.0028966308163769,-0.0157241637806716,-0.0027645061377514,-0.007674356257663,-0.0032335433033095,338.071838,1157.196,1362178.48,10.0,35000,0.78,25000,388.405986,1313.10597,3474962.14,15.0,0.0,0.0,120000,364.024296,1197.11757,2271408.83,10.0,15000,0.55,120000,339.658114,1172.9947,1406717.24,10.0,35000,0.78,120000
350,-0.0082728642199063,-0.0046027526435381,-0.0029174937743342,-0.0027711925970481,-0.0220920952948392,-0.002928916342665,-0.0159646677357259,-0.0027903975121911,-0.0077776322866082,-0.0032416125009932,338.120026,1157.99642,1361762.4,10.0,35000,0.78,25000,388.448093,1314.08222,3473806.21,15.0,0.0,0.0,120000,364.062126,1198.04316,2270556.11,10.0,15000,0.55,120000,339.705954,1173.75773,1406178.95,10.0,35000,0.78,120000
351,-0.0083691564088719,-0.0046483372247353,-0.0029658018980874,-0.0027848344158704,-0.0224127403452077,-0.0029441358433839,-0.0161506679184503,-0.0028203971607077,-0.0078479903675793,-0.003270358674191,338.151635,1158.60372,1361446.79,10.0,35000,0.78,25000,388.476813,1314.83123,3472997.78,15.0,0.0,0.0,120000,364.087507,1198.7563,2269969.48,10.0,15000,0.55,120000,339.738302,1174.35792,1405805.88,10.0,35000,0.78,120000
352,-0.0084360839348489,-0.0046784493874381,-0.0029965386243337,-0.0028018268885909,-0.0226114126783245,-0.0029632733943444,-0.0163060517312145,-0.0028498646466166,-0.0079141242592397,-0.003286410541514,338.175128,1159.03366,1361250.35,10.0,35000,0.78,25000,388.497217,1315.35754,3472450.06,15.0,0.0,0.0,120000,364.105668,1199.25505,2269560.5,10.0,15000,0.55,120000,339.761484,1174.77806,1405547.22,10.0,35000,0.78,120000
353,-0.00853908540148,-0.0047514412636497,-0.0030194643038869,-0.0028347833891256,-0.0227928710415852,-0.0029853338748769,-0.0164414827274181,-0.0028879505756475,-0.007969392092287,-0.0033145251343429,338.199908,1159.43244,1361079.21,10.0,35000,0.78,25000,388.516369,1315.82739,3471832.01,15.0,0.0,0.0,120000,364.12271,1199.69353,2269083.08,10.0,15000,0.55,120000,339.782759,1175.14289,1405239.78,10.0,35000,0.78,120000
354,-0.0086077654176517,-0.0047837811853617,-0.0030812882304011,-0.0028578778346636,-0.0230185845904139,-0.0030064616113577,-0.016554215740333,-0.0029326366342759,-0.0080164157009534,-0.0033975432921831,338.226139,1159.86195,1360896.79,10.0,35000,0.78,25000,388.538111,1316.35241,3471246.88,15.0,0.0,0.0,120000,364.142096,1200.18812,2268642.65,10.0,15000,0.55,120000,339.807618,1175.55567,1404963.18,10.0,35000,0.78,120000
355,-0.0086756894847798,-0.0048187526974566,-0.0031305856831307,-0.0029112331633016,-0.023187780796732,-0.0030872538431959,-0.0166885192195475,-0.0029605140657768,-0.0080592930955343,-0.0034354326327392,338.255941,1160.2267,1360751.33,10.0,35000,0.78,25000,388.558491,1316.77598,3470533.01,15.0,0.0,0.0,120000,364.160821,1200.5732,2268079.03,10.0,15000,0.55,120000,339.831639,1175.86116,1404612.13,10.0,35000,0.78,120000
356,-0.0087221823341454,-0.0048835836436574,-0.0031458736563754,-0.002919173661425,-0.0233594113564169,-0.0031165016481248,-0.0167963118021655,-0.0029729402470844,-0.0081107222414238,-0.0034816860358223,338.270122,1160.58355,1360543.04,10.0,35000,0.78,25000,388.570949,1317.21467,3469974.86,15.0,0.0,0.0,120000,364.171386,1200.98589,2267683.09,10.0,15000,0.55,120000,339.845437,1176.21695,1404356.57,10.0,35000,0.78,120000
357,-0.0088401415422574,-0.004903822548327,-0.0031735193244369,-0.002997826172238,-0.0235328318857454,-0.0031860547990486,-0.0169208633959466,-0.0030256360731736,-0.0081559200331906,-0.0034982304935482,338.310721,1160.92403,1360473.73,10.0,35000,0.78,25000,388.597799,1317.59111,3469261.67,15.0,0.0,0.0,120000,364.196748,1201.31852,2267083.8,10.0,15000,0.55,120000,339.877149,1176.46289,1403983.67,10.0,35000,0.78,120000
358,-0.0088941680508651,-0.0049291594783739,-0.0032348736479927,-0.0030224860809621,-0.0236989469885661,-0.003224764075763,-0.0170239172684393,-0.0030657184466358,-0.0081980571832583,-0.0035107947193043,338.329635,1161.24959,1360381.34,10.0,35000,0.78,25000,388.613043,1317.98294,3468921.53,15.0,0.0,0.0,120000,364.210578,1201.68192,2266812.98,10.0,15000,0.55,120000,339.894729,1176.77262,1403816.79,10.0,35000,0.78,120000
359,-0.0089909554919485,-0.0050002483302184,-0.0032527484819773,-0.0030394244163928,-0.0239336552037646,-0.0032488263901546,-0.0171493374470108,-0.0031011154190083,-0.0082608059499478,-0.0035551255096574,338.353027,1161.7023,1360164.18,10.0,35000,0.78,25000,388.633293,1318.53412,3468287.02,15.0,0.0,0.0,120000,364.228424,1202.19801,2266350.43,10.0,15000,0.55,120000,339.917206,1177.21544,1403521.21,10.0,35000,0.78,120000
360,-0.009049281375105,-0.0050176581308809,-0.0032730352265249,-0.0030525972920352,-0.0241336576688253,-0.0032750726827851,-0.017273342902263,-0.0031299438246621,-0.0083207306036039,-0.0036099738604935,338.376649,1162.10541,1359969.24,10.0,35000,0.78,25000,388.654015,1319.03509,3467723.09,15.0,0.0,0.0,120000,364.247066,1202.66879,2265942.38,10.0,15000,0.55,120000,339.941105,1177.61353,1403269.07,10.0,35000,0.78,120000
361,-0.0091110261537402,-0.0050367810758258,-0.0033012103074975,-0.0030809042736414,-0.0243196933192618,-0.0032937333109705,-0.0174623247738795,-0.0032126897800027,-0.0083843291460399,-0.0036555051580708,338.406045,1162.56258,1359826.26,10.0,35000,0.78,25000,388.677921,1319.5944,3467189.91,15.0,0.0,0.0,120000,364.268899,1203.19058,2265529.42,10.0,15000,0.55,120000,339.969204,1178.04813,1403013.3,10.0,35000,0.78,120000
362,-0.0091654877788973,-0.0050743643980739,-0.0033328460945039,-0.0030918889455044,-0.0245089354870409,-0.0033212938260686,-0.0175768681322962,-0.0032286037860845,-0.0084546803341514,-0.0036752985784977,338.422785,1162.94453,1359652.58,10.0,35000,0.78,25000,388.693343,1320.0653,3466735.38,15.0,0.0,0.0,120000,364.282639,1203.63195,2265201.47,10.0,15000,0.55,120000,339.986617,1178.43333,1402811.14,10.0,35000,0.78,120000
363,-0.0092352396703723,-0.0050890037263063,-0.0033704633913039,-0.0031004320654807,-0.0246787984543675,-0.0033534773626619,-0.0177727517285723,-0.0032865535753288,-0.0085112782508113,-0.0036979807493723,338.447276,1163.39783,1359477.88,10.0,35000,0.78,25000,388.716152,1320.63199,3466278.82,15.0,0.0,0.0,120000,364.303275,1204.16565,2264870.03,10.0,15000,0.55,120000,340.012735,1178.89175,1402609.78,10.0,35000,0.78,120000
364,-0.0092956511312284,-0.0051446420745873,-0.0033978850021494,-0.0031287402866819,-0.024856204917162,-0.0033622939115244,-0.0178832586640893,-0.0033388278145549,-0.0085900749234435,-0.0037298389520885,338.465783,1163.76771,1359374.04,10.0,35000,0.78,25000,388.730639,1321.07182,3465875.35,15.0,0.0,0.0,120000,364.316432,1204.57192,2264550.82,10.0,15000,0.55,120000,340.029273,1179.24069,1402410.74,10.0,35000,0.78,120000
365,-0.00935111867707,-0.0051781548955473,-0.0034118470751635,-0.0031726312699843,-0.025027382321476,-0.0034086284673598,-0.017992240243532,-0.0033970410559417,-0.0086855473464451,-0.0038006324720906,338.490836,1164.13486,1359286.91,10.0,35000,0.78,25000,388.74857,1321.50075,3465376.74,15.0,0.0,0.0,120000,364.33318,1204.96313,2264147.53,10.0,15000,0.55,120000,340.050427,1179.56246,1402165.74,10.0,35000,0.78,120000
366,-0.0094142602256454,-0.0052156758364137,-0.0034462660967709,-0.0031925896977429,-0.025218850772217,-0.0034246898544457,-0.0181134131751829,-0.0034527774858608,-0.0087285681142517,-0.0038324076928194,338.512346,1164.51804,1359152.67,10.0,35000,0.78,25000,388.766607,1321.96774,3464922.59,15.0,0.0,0.0,120000,364.349597,1205.39786,2263804.44,10.0,15000,0.55,120000,340.071076,1179.92991,1401955.09,10.0,35000,0.78,120000
367,-0.0094600947355694,-0.0052351518221004,-0.0034547863586341,-0.003213702809536,-0.0254394234291844,-0.0034872839213292,-0.0182325713917544,-0.0034859537165424,-0.0087764066098174,-0.0038573748405655,338.536487,1164.90995,1358973.85,10.0,35000,0.78,25000,388.786354,1322.44893,3464319.53,15.0,0.0,0.0,120000,364.367656,1205.84506,2263360.23,10.0,15000,0.55,120000,340.094169,1180.29917,1401687.44,10.0,35000,0.78,120000
368,-0.009514742222557,-0.0052938078990987,-0.0035031818825173,-0.0032260341307552,-0.0256122816864555,-0.0035130992147055,-0.0183446643255999,-0.0035195887813824,-0.0088373805803225,-0.0038866224748377,338.550213,1165.28454,1358831.05,10.0,35000,0.78,25000,388.798961,1322.90435,3463936.02,15.0,0.0,0.0,120000,364.378747,1206.27031,2263078.09,10.0,15000,0.55,120000,340.108038,1180.67306,1401515.17,10.0,35000,0.78,120000
369,-0.0095956457204866,-0.0053658720219788,-0.0035118202419467,-0.0032345060046618,-0.0257909664463103,-0.0035326044447122,-0.018463955837593,-0.0035557560419144,-0.0089213058971923,-0.0039148303147289,338.565142,1165.68227,1358671.22,10.0,35000,0.78,25000,388.81325,1323.38778,3463526.75,15.0,0.0,0.0,120000,364.391226,1206.72287,2262781.67,10.0,15000,0.55,120000,340.123349,1181.07327,1401331.09,10.0,35000,0.78,120000
370,-0.0096912018304642,-0.0053809890881951,-0.0035580315864398,-0.0032442879113583,-0.0259599611806287,-0.0035656398574693,-0.018599638593475,-0.0035671600626674,-0.0089699526763242,-0.0039312407584054,338.588057,1166.07697,1358486.43,10.0,35000,0.78,25000,388.834974,1323.87639,3463042.24,15.0,0.0,0.0,120000,364.410945,1207.18067,2262435.04,10.0,15000,0.55,120000,340.147555,1181.4693,1401125.82,10.0,35000,0.78,120000
371,-0.0097501788909687,-0.0054323767069062,-0.0035768378994442,-0.0032845963277387,-0.0261327853162523,-0.0035854244011932,-0.0187111924482765,-0.0036098293905406,-0.0090545007420124,-0.0039467282493509,338.608842,1166.43646,1358390.59,10.0,35000,0.78,25000,388.849765,1324.29426,3462570.81,15.0,0.0,0.0,120000,364.424565,1207.5614,2262052.72,10.0,15000,0.55,120000,340.164689,1181.78884,1400893.93,10.0,35000,0.78,120000
372,-0.0097939093206196,-0.0054566591430612,-0.0036143739245515,-0.0033032485699888,-0.0263240554804342,-0.0035928626235252,-0.0188510794121518,-0.0036642031916213,-0.0091094187392935,-0.0039870910510757,338.630781,1166.85118,1358240.92,10.0,35000,0.78,25000,388.868423,1324.80289,3462088.52,15.0,0.0,0.0,120000,364.441427,1208.03561,2261691.27,10.0,15000,0.55,120000,340.186307,1182.18875,1400680.32,10.0,35000,0.78,120000
373,-0.0098839139016281,-0.0054826168809733,-0.0036368473539091,-0.0033487996825103,-0.0264901086965464,-0.0036062062575765,-0.0189782665994807,-0.0036942950772679,-0.0091575884329592,-0.0040015760837148,338.660564,1167.21352,1358106.49,10.0,35000,0.78,25000,388.89042,1325.2259,3461444.24,15.0,0.0,0.0,120000,364.461872,1208.41959,2261186.32,10.0,15000,0.55,120000,340.211738,1182.49694,1400376.33,10.0,35000,0.78,120000
374,-0.0099758607220355,-0.0055624375984762,-0.0036718210555249,-0.0034263285849642,-0.0266810616963663,-0.003651596451054,-0.0191267559745097,-0.0037422069096714,-0.0092535588559063,-0.0040829729070876,338.694988,1167.67745,1357958.3,10.0,35000,0.78,25000,388.912307,1325.74575,3460551.45,15.0,0.0,0.0,120000,364.482167,1208.88354,2260470.86,10.0,15000,0.55,120000,340.237236,1182.86645,1399942.39,10.0,35000,0.78,120000
375,-0.010030199798106,-0.0055838793714869,-0.0036980637515548,-0.0034458033200051,-0.0268702883536276,-0.0036649717121306,-0.0192601461504797,-0.0037728386960245,-0.009301684122436,-0.0041054429889535,338.71797,1168.07559,1357783.32,10.0,35000,0.78,25000,388.931695,1326.23236,3459988.32,15.0,0.0,0.0,120000,364.499642,1209.33566,2260056.39,10.0,15000,0.55,120000,340.259512,1183.24429,1399697.34,10.0,35000,0.78,120000
376,-0.0101423284045836,-0.0056009275805648,-0.0037371868368962,-0.003494333517053,-0.0270487156482644,-0.0036752032659384,-0.0193879552558655,-0.003791219633642,-0.0093510702819795,-0.0041199145392203,338.75143,1168.46398,1357633.85,10.0,35000,0.78,25000,388.957128,1326.6859,3459297.19,15.0,0.0,0.0,120000,364.523225,1209.74691,2259518.09,10.0,15000,0.55,120000,340.288653,1183.57536,1399379.65,10.0,35000,0.78,120000
377,-0.0101910852350766,-0.0056233430160704,-0.0037452807555198,-0.0035208983036495,-0.0272272055339628,-0.0037069906293683,-0.0195089376201779,-0.0038019973622949,-0.0094351502931466,-0.00413182073183,338.772787,1168.84043,1357472.64,10.0,35000,0.78,25000,388.974262,1327.13785,3458741.14,15.0,0.0,0.0,120000,364.53873,1210.16314,2259101.94,10.0,15000,0.55,120000,340.30846,1183.9248,1399136.89,10.0,35000,0.78,120000
378,-0.010262923532282,-0.0056688739747204,-0.0037662805289317,-0.0035493591496943,-0.0274973871383591,-0.0037443477340805,-0.0196786839774782,-0.0038758606067277,-0.0095112579501676,-0.0041606425248589,338.802216,1169.37766,1357289.09,10.0,35000,0.78,25000,388.998477,1327.78833,3458097.26,15.0,0.0,0.0,120000,364.56032,1210.76526,2258616.49,10.0,15000,0.55,120000,340.336177,1184.42785,1398854.56,10.0,35000,0.78,120000
379,-0.0103386397427847,-0.0056843397238485,-0.0038045102651988,-0.0035535948344185,-0.0276936075229438,-0.0037813478383726,-0.0198021266679187,-0.0039042494245251,-0.0095924072549264,-0.0041896974963567,338.822034,1169.80193,1357130.25,10.0,35000,0.78,25000,389.018329,1328.31383,3457729.57,15.0,0.0,0.0,120000,364.577909,1211.25791,2258357.61,10.0,15000,0.55,120000,340.35815,1184.85894,1398713.8,10.0,35000,0.78,120000
380,-0.0103964612006462,-0.0057226061926612,-0.0038151924746606,-0.0035893335440381,-0.0278675189269367,-0.0037893635943404,-0.0199052891031001,-0.0039234420017299,-0.0096405055722687,-0.0042240138119666,338.845981,1170.15239,1356967.24,10.0,35000,0.78,25000,389.035742,1328.72604,3457060.22,15.0,0.0,0.0,120000,364.593627,1211.63311,2257851.74,10.0,15000,0.55,120000,340.378276,1185.15989,1398413.54,10.0,35000,0.78,120000
381,-0.0104959382258035,-0.0057855850170916,-0.0038708565383919,-0.0036363564946597,-0.0280586698753054,-0.0038405785867,-0.0200322284557338,-0.0039809590057296,-0.0097118835522138,-0.0042607332894382,338.872591,1170.57759,1356865.75,10.0,35000,0.78,25000,389.055372,1329.21666,3456530.64,15.0,0.0,0.0,120000,364.611342,1212.07767,2257424.1,10.0,15000,0.55,120000,340.400305,1185.53132,1398164.1,10.0,35000,0.78,120000
382,-0.0105390195358165,-0.0058671397518028,-0.0038798946161128,-0.003646883745625,-0.028252943263928,-0.0038943590839049,-0.0201605761248869,-0.0040215220613567,-0.0097632525515562,-0.0043273417908954,338.888521,1171.00354,1356650.9,10.0,35000,0.78,25000,389.068879,1329.73341,3455900.73,15.0,0.0,0.0,120000,364.622538,1212.5575,2256978.07,10.0,15000,0.55,120000,340.415136,1185.93811,1397897.09,10.0,35000,0.78,120000
383,-0.0105848088903782,-0.0058918139271635,-0.003913692341126,-0.0036534623490199,-0.0284654161225526,-0.0039174860545856,-0.0202752840841378,-0.0040628769444732,-0.0098238737871313,-0.0043366458920652,338.905903,1171.40899,1356507.03,10.0,35000,0.78,25000,389.085353,1330.2341,3455535.83,15.0,0.0,0.0,120000,364.636871,1213.02392,2256717.73,10.0,15000,0.55,120000,340.433652,1186.34112,1397753.55,10.0,35000,0.78,120000
384,-0.0106951198851967,-0.0059145817813628,-0.0039492873095353,-0.0036739610550121,-0.028643774968843,-0.0039360424788912,-0.0204299499653399,-0.0040925338192713,-0.0099092591855338,-0.0043561436266417,338.93256,1171.86199,1356345.3,10.0,35000,0.78,25000,389.109282,1330.78133,3455045.29,15.0,0.0,0.0,120000,364.658255,1213.52947,2256355.26,10.0,15000,0.55,120000,340.460158,1186.77594,1397551.91,10.0,35000,0.78,120000
385,-0.0107815605102314,-0.0059340316671334,-0.0039899788364418,-0.0036959134187209,-0.0288386138944549,-0.0039503723969129,-0.0205524932768265,-0.004116460197792,-0.0100530935965642,-0.0043645517839652,338.953107,1172.30621,1356241.16,10.0,35000,0.78,25000,389.128405,1331.31408,3454758.6,15.0,0.0,0.0,120000,364.675357,1214.02123,2256131.12,10.0,15000,0.55,120000,340.481297,1187.21406,1397436.38,10.0,35000,0.78,120000
386,-0.0108428332896911,-0.0059581059183688,-0.0040390879470838,-0.0037219970190818,-0.0290810513775009,-0.0039854896105635,-0.0206636550465282,-0.0041354115962402,-0.0101322143230216,-0.00437740621917,338.976701,1172.7539,1356075.41,10.0,35000,0.78,25000,389.148212,1331.8533,3454217.25,15.0,0.0,0.0,120000,364.692936,1214.51658,2255728.4,10.0,15000,0.55,120000,340.50382,1187.63532,1397211.51,10.0,35000,0.78,120000
387,-0.0109023427805418,-0.0059816744177375,-0.0040661106743857,-0.0037553617332008,-0.029317878406122,-0.0040185540357947,-0.0207746769948026,-0.0041464233928958,-0.0102170214170204,-0.0044468776961998,339.005144,1173.21704,1355862.58,10.0,35000,0.78,25000,389.170645,1332.40785,3453455.05,15.0,0.0,0.0,120000,364.712879,1215.0237,2255167.76,10.0,15000,0.55,120000,340.529589,1188.05277,1396892.69,10.0,35000,0.78,120000
388,-0.010980226612739,-0.0060222745026583,-0.0041001670689698,-0.0037708754300596,-0.029529042636228,-0.0040621674165542,-0.0208769448238189,-0.004194509545804,-0.0102644631956656,-0.0044708862140653,339.026129,1173.61583,1355729.15,10.0,35000,0.78,25000,389.188957,1332.88974,3453033.25,15.0,0.0,0.0,120000,364.728849,1215.46829,2254857.47,10.0,15000,0.55,120000,340.549787,1188.43116,1396718.51,10.0,35000,0.78,120000
389,-0.0110467124323761,-0.0060478995369282,-0.0041397802223412,-0.0037789264775588,-0.0297715974720101,-0.0040965552727199,-0.0209916073189732,-0.004203980368872,-0.0103169284008331,-0.0044952449795389,339.048482,1174.07085,1355504.71,10.0,35000,0.78,25000,389.209669,1333.45089,3452434.11,15.0,0.0,0.0,120000,364.746833,1215.9892,2254440.2,10.0,15000,0.55,120000,340.572858,1188.87615,1396484.73,10.0,35000,0.78,120000
390,-0.0110937089595953,-0.0060726538167399,-0.0041458630081762,-0.0038071385401746,-0.0300248089760597,-0.0041567500927456,-0.0211140555802411,-0.0042343965208645,-0.0103875992347806,-0.0045160491697821,339.075314,1174.52571,1355314.94,10.0,35000,0.78,25000,389.230714,1333.99854,3451754.94,15.0,0.0,0.0,120000,364.765369,1216.48975,2253938.57,10.0,15000,0.55,120000,340.59722,1189.28896,1396202.39,10.0,35000,0.78,120000
391,-0.0111360891623818,-0.0061726738750071,-0.004170463158977,-0.0038295984302039,-0.0302261082911224,-0.0041987432102679,-0.0212056686384324,-0.0042522296418635,-0.0104384869551732,-0.0045718020578767,339.089357,1174.92137,1355110.11,10.0,35000,0.78,25000,389.240788,1334.46514,3451083.01,15.0,0.0,0.0,120000,364.773397,1216.91534,2253451.22,10.0,15000,0.55,120000,340.608046,1189.65143,1395910.78,10.0,35000,0.78,120000
392,-0.0111936590524763,-0.006231678305754,-0.0042205462658784,-0.0038569289248339,-0.030496622886304,-0.0042161938223037,-0.0213320671033925,-0.0042675321047579,-0.0104961212626893,-0.0046023896572902,339.114053,1175.42896,1354868.46,10.0,35000,0.78,25000,389.260492,1335.07537,3450303.05,15.0,0.0,0.0,120000,364.790354,1217.47376,2252883.81,10.0,15000,0.55,120000,340.630293,1190.123,1395585.36,10.0,35000,0.78,120000
393,-0.0112383634488634,-0.0063219357284562,-0.0042536708914635,-0.0038785998203681,-0.0307368523610426,-0.004250387565578,-0.0214388992707915,-0.0043269677878615,-0.0105472768877928,-0.0046188478176554,339.129835,1175.86228,1354722.45,10.0,35000,0.78,25000,389.272495,1335.59041,3449806.88,15.0,0.0,0.0,120000,364.800143,1217.94478,2252512.27,10.0,15000,0.55,120000,340.643457,1190.52791,1395368.9,10.0,35000,0.78,120000
394,-0.0112795946227629,-0.0063363162234636,-0.0042711809469083,-0.0038983267202043,-0.0309600991456681,-0.0042700993515242,-0.0215334871866368,-0.0043715063109247,-0.0106228956501308,-0.00465892804328,339.152297,1176.26809,1354592.26,10.0,35000,0.78,25000,389.290993,1336.08231,3449353.18,15.0,0.0,0.0,120000,364.816352,1218.3963,2252174.83,10.0,15000,0.55,120000,340.664728,1190.9088,1395187.89,10.0,35000,0.78,120000
395,-0.0113595376270483,-0.0063564158713343,-0.0043140983015501,-0.0039118650269425,-0.0311662622508164,-0.0043203540014837,-0.021633658982048,-0.0043810230214761,-0.0106815989043259,-0.0047297076902098,339.176922,1176.69566,1354388.61,10.0,35000,0.78,25000,389.312819,1336.60381,3448754.64,15.0,0.0,0.0,120000,364.835418,1218.87714,2251752.05,10.0,15000,0.55,120000,340.689029,1191.32031,1394954.58,10.0,35000,0.78,120000
396,-0.0114029264910388,-0.0064011475743058,-0.0043165902430544,-0.0039894145287515,-0.0313904292526642,-0.0044012170714281,-0.0217653034828738,-0.0044038843448351,-0.0107556138809886,-0.0047589378796573,339.213072,1177.12717,1354220.16,10.0,35000,0.78,25000,389.334085,1337.08688,3447757.05,15.0,0.0,0.0,120000,364.854654,1219.29892,2250970.01,10.0,15000,0.55,120000,340.71483,1191.64156,1394500.35,10.0,35000,0.78,120000
397,-0.0114474333916223,-0.006440988968007,-0.0043457739409441,-0.0040101552841203,-0.0316040962426618,-0.0044387535179638,-0.0218705377074726,-0.0044332462208043,-0.0108103439204387,-0.0047752200166774,339.233135,1177.52858,1354062.77,10.0,35000,0.78,25000,389.350042,1337.56946,3447231.13,15.0,0.0,0.0,120000,364.868372,1219.74029,2250583.95,10.0,15000,0.55,120000,340.732956,1192.01786,1394283.21,10.0,35000,0.78,120000
398,-0.0114959130221536,-0.0064608444422938,-0.0043647972443013,-0.0040362196445031,-0.0318252714451187,-0.0044493998743863,-0.0219784290086816,-0.0044707401815868,-0.0108913413370079,-0.0048004644154931,339.257359,1177.95032,1353924.81,10.0,35000,0.78,25000,389.36918,1338.07589,3446721.53,15.0,0.0,0.0,120000,364.885163,1220.2026,2250200.99,10.0,15000,0.55,120000,340.75496,1192.40941,1394075.66,10.0,35000,0.78,120000
399,-0.0115597572454814,-0.0064791080865702,-0.0043979954618666,-0.0040775636121004,-0.0320681314290786,-0.00447114562655,-0.0220743992423701,-0.0044807389347667,-0.0109383110034858,-0.0048157970051424,339.288036,1178.3668,1353745.27,10.0,35000,0.78,25000,389.391514,1338.56818,3445974.12,15.0,0.0,0.0,120000,364.905069,1220.6457,2249638.74,10.0,15000,0.55,120000,340.780886,1192.77107,1393757.64,10.0,35000,0.78,120000
400,-0.0116350610797721,-0.0065094951182374,-0.0044800422665696,-0.0040972441202338,-0.0323152685991056,-0.004482886526006,-0.0221717927350435,-0.0045382029768164,-0.0110143116685562,-0.0048573855263056,339.310879,1178.83526,1353638.66,10.0,35000,0.78,25000,389.411551,1339.13379,3445640.13,15.0,0.0,0.0,120000,364.922485,1221.16559,2249383.69,10.0,15000,0.55,120000,340.803116,1193.22902,1393629.13,10.0,35000,0.78,120000
401,-0.0116746407816439,-0.0065436570112775,-0.0044955008222843,-0.0041135586006464,-0.0325682121462527,-0.0044864673806961,-0.022262380947661,-0.0045675563495765,-0.0110961093360022,-0.0048664190999034,339.330542,1179.2663,1353481.61,10.0,35000,0.78,25000,389.427933,1339.6562,3445159.15,15.0,0.0,0.0,120000,364.936474,1221.64535,2249033.73,10.0,15000,0.55,120000,340.821656,1193.64484,1393437.29,10.0,35000,0.78,120000
402,-0.0117527786409641,-0.006571825253745,-0.0045301550730115,-0.0041451108097115,-0.032835286273586,-0.0045353812282114,-0.0224091043119142,-0.0046551770459462,-0.0111689758333398,-0.0049126653635868,339.363414,1179.79768,1353348.54,10.0,35000,0.78,25000,389.454021,1340.29187,3444607.99,15.0,0.0,0.0,120000,364.959306,1222.22537,2248612.07,10.0,15000,0.55,120000,340.851399,1194.13602,1393210.92,10.0,35000,0.78,120000
403,-0.0117941804566612,-0.0066162146476525,-0.0045410957758819,-0.0041734040004599,-0.0330595097742063,-0.0045511855634943,-0.0225017032567609,-0.0047073237273559,-0.0112447288281504,-0.0049515821071861,339.385235,1180.20812,1353224.57,10.0,35000,0.78,25000,389.470224,1340.77702,3444103.79,15.0,0.0,0.0,120000,364.973224,1222.66606,2248229.31,10.0,15000,0.55,120000,340.869917,1194.51017,1392997.48,10.0,35000,0.78,120000
404,-0.011859189475334,-0.006632816622207,-0.0045761633651631,-0.0041799000724264,-0.033281067153738,-0.0045821997471357,-0.0225932375620596,-0.0047139866219225,-0.0113336955336363,-0.0049803167085012,339.404748,1180.63729,1353050.67,10.0,35000,0.78,25000,389.488938,1341.30129,3443676.16,15.0,0.0,0.0,120000,364.989363,1223.15132,2247932.32,10.0,15000,0.55,120000,340.890548,1194.94232,1392840.51,10.0,35000,0.78,120000
405,-0.0119272516049773,-0.0066731560157163,-0.00460209414876,-0.0042119425445292,-0.0335112617839071,-0.0046025533898243,-0.0227648744020092,-0.0047260448140834,-0.0114020961445409,-0.0050094624650168,339.435712,1181.16938,1352790.66,10.0,35000,0.78,25000,389.513086,1341.93533,3442797.12,15.0,0.0,0.0,120000,365.010368,1223.72836,2247294.49,10.0,15000,0.55,120000,340.918094,1195.43112,1392477.44,10.0,35000,0.78,120000
406,-0.0120029170005988,-0.0067225591616624,-0.0046119180850864,-0.004237188245207,-0.0337774387223411,-0.004662450436927,-0.0228660106619212,-0.0047771168040616,-0.0114984433907436,-0.0050287533572327,339.459957,1181.6445,1352652.99,10.0,35000,0.78,25000,389.53274,1342.49753,3442309.39,15.0,0.0,0.0,120000,365.027402,1224.24095,2246928.23,10.0,15000,0.55,120000,340.940088,1195.87853,1392275.07,10.0,35000,0.78,120000
407,-0.0120880239366778,-0.0067795897948926,-0.0046510981996052,-0.0042823423050423,-0.0339817375414188,-0.0046821786053499,-0.0229633542028417,-0.0048079526882554,-0.0115714991592061,-0.0050386463415854,339.485058,1182.04943,1352537.97,10.0,35000,0.78,25000,389.550438,1342.95884,3441751.66,15.0,0.0,0.0,120000,365.043134,1224.65275,2246490.18,10.0,15000,0.55,120000,340.960053,1196.23132,1392023.94,10.0,35000,0.78,120000
408,-0.012132561395175,-0.0068248438878453,-0.0047077688596684,-0.0043087800850276,-0.034189533579829,-0.0047273239668109,-0.0231087099736573,-0.0048223974337888,-0.0116349784517131,-0.0050645913447006,339.507509,1182.52593,1352329.97,10.0,35000,0.78,25000,389.568079,1343.52467,3441081.98,15.0,0.0,0.0,120000,365.058389,1225.16788,2246003.89,10.0,15000,0.55,120000,340.980257,1196.67894,1391749.09,10.0,35000,0.78,120000
409,-0.0121959823301106,-0.0068872371271351,-0.004768973391294,-0.0043313720074685,-0.0344574795760184,-0.0047320744756986,-0.023204773030903,-0.0048467465613205,-0.0117103183635973,-0.0051469990374901,339.530742,1183.04661,1352108.12,10.0,35000,0.78,25000,389.587244,1344.14496,3440393.21,15.0,0.0,0.0,120000,365.074793,1225.73443,2245511.52,10.0,15000,0.55,120000,341.001614,1197.17473,1391471.26,10.0,35000,0.78,120000
410,-0.0122499590182413,-0.0069462884967861,-0.0048025005370348,-0.0043791002363621,-0.0346743833345099,-0.0047675054387023,-0.0232964693351222,-0.0048684332565624,-0.0117722729278193,-0.005203812366212,339.556973,1183.46856,1351937.22,10.0,35000,0.78,25000,389.604528,1344.62712,3439625.82,15.0,0.0,0.0,120000,365.090085,1226.16237,2244933.55,10.0,15000,0.55,120000,341.021713,1197.53237,1391135.68,10.0,35000,0.78,120000
411,-0.0122890321453943,-0.0069630033704967,-0.0048374078297068,-0.0044085002133942,-0.0348894696492865,-0.004777904602508,-0.0234337083176197,-0.0048931807761056,-0.0118152965178459,-0.0052273528264137,339.584581,1183.9234,1351737.16,10.0,35000,0.78,25000,389.625565,1345.16954,3438904.39,15.0,0.0,0.0,120000,365.108758,1226.6517,2244412.16,10.0,15000,0.55,120000,341.046412,1197.94521,1390842.42,10.0,35000,0.78,120000
412,-0.0123465053976743,-0.0069786176864989,-0.0048413290129016,-0.0044488857496063,-0.0351785680126096,-0.0048458197893937,-0.0235726564985704,-0.0049066642875385,-0.0118765529054201,-0.0052750276122373,339.622322,1184.46947,1351462.88,10.0,35000,0.78,25000,389.653596,1345.81571,3437878.05,15.0,0.0,0.0,120000,365.133841,1227.23114,2243673.04,10.0,15000,0.55,120000,341.079457,1198.42719,1390421.34,10.0,35000,0.78,120000
413,-0.012387264596689,-0.0070288768010488,-0.0048553927879123,-0.0044834805780101,-0.0354170484494034,-0.0048876435884426,-0.0237144024475008,-0.0049276187461175,-0.0119193551872685,-0.0053324125928068,339.651774,1184.97218,1351198.1,10.0,35000,0.78,25000,389.674669,1346.40761,3436919.39,15.0,0.0,0.0,120000,365.152366,1227.76151,2242986.74,10.0,15000,0.55,120000,341.104209,1198.8722,1390022.54,10.0,35000,0.78,120000
414,-0.0124360171331633,-0.007059407153605,-0.0048913146494532,-0.0044969885134813,-0.0356514159639839,-0.0049254055056519,-0.0238618565512369,-0.0049823233563221,-0.0119889317724467,-0.0053650640571772,339.675341,1185.48477,1351017.68,10.0,35000,0.78,25000,389.694979,1347.02467,3436394.14,15.0,0.0,0.0,120000,365.170134,1228.32377,2242620.87,10.0,15000,0.55,120000,341.127467,1199.36844,1389822.71,10.0,35000,0.78,120000
415,-0.0124951391705989,-0.0070838212896046,-0.0049285153882675,-0.0045484561084893,-0.0358730390155196,-0.0049800751837304,-0.0239797142509632,-0.0050234540707787,-0.0120466485078995,-0.0054252261354164,339.708894,1185.94463,1350857.78,10.0,35000,0.78,25000,389.718063,1347.55208,3435617.49,15.0,0.0,0.0,120000,365.191234,1228.78872,2242036.47,10.0,15000,0.55,120000,341.154945,1199.75577,1389490.43,10.0,35000,0.78,120000
416,-0.0125708701240336,-0.0071112532941756,-0.0049747622165214,-0.0045588414615143,-0.0360762307781917,-0.0050126548769915,-0.024075323086821,-0.0050453450905515,-0.0120905347482467,-0.0054610105249596,339.730288,1186.36208,1350683.23,10.0,35000,0.78,25000,389.737181,1348.05352,3435127.73,15.0,0.0,0.0,120000,365.208089,1229.24534,2241699.55,10.0,15000,0.55,120000,341.176344,1200.16058,1389304.42,10.0,35000,0.78,120000
417,-0.0126116827652468,-0.0071309360398217,-0.0049759040214272,-0.0045651397532236,-0.036351884362985,-0.0050334500539034,-0.0242123943527634,-0.0050792186579108,-0.0121476877814338,-0.0054827541500683,339.756066,1186.89141,1350433.7,10.0,35000,0.78,25000,389.759616,1348.69793,3434432.16,15.0,0.0,0.0,120000,365.227692,1229.83324,2241229.75,10.0,15000,0.55,120000,341.20245,1200.67003,1389044.68,10.0,35000,0.78,120000
418,-0.0126885209712538,-0.0071485415321736,-0.0049858208731492,-0.004583684214521,-0.0365573194563558,-0.0050634839716402,-0.0243270006050717,-0.0051008049293298,-0.0122056054695343,-0.0055011812841877,339.782174,1187.32223,1350250.04,10.0,35000,0.78,25000,389.781291,1349.21019,3433842.03,15.0,0.0,0.0,120000,365.247043,1230.29604,2240814.15,10.0,15000,0.55,120000,341.227367,1201.07116,1388813.38,10.0,35000,0.78,120000
419,-0.0127944566691794,-0.0071742811748336,-0.0050233967559053,-0.0046139808072095,-0.0367589257639141,-0.0050908300474357,-0.0244641534739136,-0.0051396492265211,-0.0122566099967283,-0.0055147046037809,339.812934,1187.78692,1350089.0,10.0,35000,0.78,25000,389.805942,1349.75367,3433245.52,15.0,0.0,0.0,120000,365.269228,1230.78334,2240378.2,10.0,15000,0.55,120000,341.25563,1201.49331,1388570.45,10.0,35000,0.78,120000
420,-0.0128518246115983,-0.0071919261876964,-0.0050244124427026,-0.0046482328541866,-0.0370151185258735,-0.005100410364889,-0.0245694797643539,-0.005191825648578,-0.0123027751677313,-0.0055303464915006,339.844089,1188.24084,1349928.88,10.0,35000,0.78,25000,389.828819,1350.28245,3432573.89,15.0,0.0,0.0,120000,365.289829,1231.25598,2239883.7,10.0,15000,0.55,120000,341.283065,1201.88956,1388293.02,10.0,35000,0.78,120000
421,-0.0129006618888693,-0.0072099287235606,-0.0050274904999679,-0.004676010518873,-0.0372209195647972,-0.0051332971125671,-0.0246797498488068,-0.0052452570410913,-0.012382863134712,-0.0055655861938474,339.869466,1188.66877,1349804.89,10.0,35000,0.78,25000,389.848073,1350.77949,3432077.27,15.0,0.0,0.0,120000,365.307096,1231.70452,2239514.31,10.0,15000,0.55,120000,341.306115,1202.27642,1388091.98,10.0,35000,0.78,120000
422,-0.0129793221514065,-0.0072498344370901,-0.0050576614979445,-0.0046842025453489,-0.0374503115979358,-0.0051885341771033,-0.0247710454586674,-0.0052670826915634,-0.0124274043938652,-0.0055767010575483,339.889751,1189.09858,1349621.94,10.0,35000,0.78,25000,389.866225,1351.2897,3431586.47,15.0,0.0,0.0,120000,365.322915,1232.17207,2239176.01,10.0,15000,0.55,120000,341.326676,1202.69345,1387903.21,10.0,35000,0.78,120000
423,-0.0130415854788256,-0.0072675721848047,-0.0050914398651034,-0.0047504194912131,-0.037681238353203,-0.0051950338516508,-0.0248801282087259,-0.0053026967107612,-0.0125545629712992,-0.005617235369511,339.923942,1189.58298,1349513.56,10.0,35000,0.78,25000,389.888746,1351.82779,3430912.32,15.0,0.0,0.0,120000,365.343737,1232.64555,2238639.11,10.0,15000,0.55,120000,341.354354,1203.09653,1387606.96,10.0,35000,0.78,120000
424,-0.0130936018871716,-0.0073081544474651,-0.0051024905822971,-0.0047972725989871,-0.0378815640261118,-0.0052538488675408,-0.0250124265772027,-0.0053288956644222,-0.0125998636326323,-0.0056474025098758,339.954341,1190.02497,1349319.15,10.0,35000,0.78,25000,389.908782,1352.3261,3430072.23,15.0,0.0,0.0,120000,365.36177,1233.08741,2238013.77,10.0,15000,0.55,120000,341.379009,1203.46519,1387244.66,10.0,35000,0.78,120000
425,-0.0131623787049704,-0.007368609536586,-0.0051222181926227,-0.004819835709534,-0.0381006722835335,-0.0053044724578727,-0.0251112598698254,-0.0053688056933926,-0.0126636474462102,-0.0056649128815142,339.974702,1190.45834,1349168.59,10.0,35000,0.78,25000,389.924604,1352.82629,3429566.11,15.0,0.0,0.0,120000,365.375503,1233.54062,2237644.14,10.0,15000,0.55,120000,341.397362,1203.86731,1387033.93,10.0,35000,0.78,120000
426,-0.0132089103228044,-0.0074207914955124,-0.0051282865836273,-0.0048340118352448,-0.0383701474424684,-0.0053660247836326,-0.0252555978013892,-0.0054083613213214,-0.0127116672319413,-0.005707387550757,340.000647,1191.00948,1348902.6,10.0,35000,0.78,25000,389.945383,1353.4771,3428770.7,15.0,0.0,0.0,120000,365.393365,1234.13493,2237092.06,10.0,15000,0.55,120000,341.422275,1204.38536,1386719.9,10.0,35000,0.78,120000
427,-0.0132603097503107,-0.0074668463916451,-0.0051390775200976,-0.0048676746893484,-0.038596880410539,-0.0054422669582814,-0.0253940911671827,-0.0054232516692495,-0.0127596807431799,-0.0057699919074184,340.030637,1191.51516,1348636.19,10.0,35000,0.78,25000,389.966789,1354.05928,3427828.83,15.0,0.0,0.0,120000,365.412211,1234.65908,2236417.33,10.0,15000,0.55,120000,341.448419,1204.83242,1386329.33,10.0,35000,0.78,120000
428,-0.0133025765928845,-0.007496822941138,-0.0051804032534166,-0.0049041840927724,-0.0388097755931967,-0.005476334022271,-0.0255014859167604,-0.0054568026511797,-0.0128141586251024,-0.0058193123643606,340.057068,1191.96202,1348469.92,10.0,35000,0.78,25000,389.985405,1354.56998,3427166.08,15.0,0.0,0.0,120000,365.428804,1235.1173,2235925.73,10.0,15000,0.55,120000,341.47135,1205.22715,1386052.24,10.0,35000,0.78,120000
429,-0.0133501565590098,-0.0075131247074345,-0.0052241274191409,-0.004938470046768,-0.0390271167622407,-0.0055071440183647,-0.025611713230036,-0.0054650507666409,-0.0128588601321844,-0.0058279100173864,340.084008,1192.39847,1348281.94,10.0,35000,0.78,25000,390.005002,1355.07156,3426476.2,15.0,0.0,0.0,120000,365.446401,1235.56787,2235419.53,10.0,15000,0.55,120000,341.495433,1205.61645,1385765.54,10.0,35000,0.78,120000
430,-0.0133992092348211,-0.0075517767055147,-0.0052277270514741,-0.0050033419570811,-0.0392288009456601,-0.0055094675011859,-0.0257357544267898,-0.0054780225456869,-0.0129076268945711,-0.00584279633164,340.118287,1192.82841,1348088.67,10.0,35000,0.78,25000,390.025425,1355.541,3425509.99,15.0,0.0,0.0,120000,365.465028,1235.97662,2234684.93,10.0,15000,0.55,120000,341.5214,1205.94968,1385335.73,10.0,35000,0.78,120000
431,-0.0134723305423668,-0.0076162976135214,-0.0052313870045129,-0.0050489791547408,-0.0394584460240026,-0.0055201582680599,-0.0258954858129238,-0.0055061693822809,-0.0129494072401006,-0.0058617181497414,340.151593,1193.3535,1347836.79,10.0,35000,0.78,25000,390.047902,1356.13409,3424528.23,15.0,0.0,0.0,120000,365.484879,1236.50635,2233964.16,10.0,15000,0.55,120000,341.548885,1206.40067,1384914.1,10.0,35000,0.78,120000
432,-0.0135288986656498,-0.007634615982533,-0.0052417504905008,-0.0050677588565034,-0.0397055812034275,-0.0055528575784751,-0.0260176959673734,-0.005578686304678,-0.013044703663685,-0.0059267940814748,340.179109,1193.88008,1347686.98,10.0,35000,0.78,25000,390.070349,1356.74945,3424038.31,15.0,0.0,0.0,120000,365.504619,1237.06862,2233610.02,10.0,15000,0.55,120000,341.575947,1206.89942,1384727.1,10.0,35000,0.78,120000
433,-0.0135686178369237,-0.007671070043731,-0.0052530953007362,-0.0050785493274288,-0.0399291082207333,-0.0055657804743371,-0.0261193197294942,-0.0055969062045719,-0.0131196522545752,-0.0059425289121151,340.197426,1194.32878,1347495.22,10.0,35000,0.78,25000,390.085777,1357.27695,3423512.94,15.0,0.0,0.0,120000,365.51784,1237.55203,2233244.13,10.0,15000,0.55,120000,341.594386,1207.33387,1384522.84,10.0,35000,0.78,120000
434,-0.0136330280055914,-0.0077188522281381,-0.0052613738250378,-0.0051244503348687,-0.0401391853551331,-0.0055935717022763,-0.0262172039686155,-0.0056182967789603,-0.0131727016235548,-0.005956039612981,340.225404,1194.74345,1347328.93,10.0,35000,0.78,25000,390.103982,1357.7369,3422774.16,15.0,0.0,0.0,120000,365.53412,1237.95968,2232686.55,10.0,15000,0.55,120000,341.616752,1207.68282,1384197.03,10.0,35000,0.78,120000
435,-0.0136781020422169,-0.0077391810618489,-0.0052841199133969,-0.0051573727782936,-0.04036484346135,-0.0056268380737223,-0.0263199966223283,-0.0056404192594224,-0.0132147979705026,-0.0059739837209047,340.252905,1195.17903,1347145.62,10.0,35000,0.78,25000,390.12357,1358.23469,3422081.69,15.0,0.0,0.0,120000,365.551566,1238.40736,2232178.19,10.0,15000,0.55,120000,341.641002,1208.06963,1383907.54,10.0,35000,0.78,120000
436,-0.0137293368950713,-0.0077629780399024,-0.0052890498608366,-0.0052018621728262,-0.0406068646139901,-0.0056283563962425,-0.0264254445308414,-0.0056791511926678,-0.0132938148676126,-0.0059921684385422,340.283557,1195.647,1346992.88,10.0,35000,0.78,25000,390.144457,1358.7614,3421398.38,15.0,0.0,0.0,120000,365.570319,1238.87799,2231659.49,10.0,15000,0.55,120000,341.666981,1208.47621,1383613.81,10.0,35000,0.78,120000
437,-0.0138131935476618,-0.0077885615502569,-0.0053042914853979,-0.0052258618740895,-0.0408439178975969,-0.0056860263767303,-0.0265413041164859,-0.0056915579355278,-0.0133468231902181,-0.006014959555779,340.31331,1196.13365,1346767.66,10.0,35000,0.78,25000,390.167895,1359.32366,3420669.08,15.0,0.0,0.0,120000,365.591051,1239.38878,2231138.77,10.0,15000,0.55,120000,341.694879,1208.92702,1383316.42,10.0,35000,0.78,120000
438,-0.0138675937330625,-0.0078492369201105,-0.0053564842572116,-0.0052757178036822,-0.0411027848601834,-0.0057408053181246,-0.026645077165224,-0.0057074748520615,-0.013430426928707,-0.0060306018243747,340.339806,1196.63719,1346589.36,10.0,35000,0.78,25000,390.185135,1359.88553,3419935.91,15.0,0.0,0.0,120000,365.606264,1239.89051,2230581.14,10.0,15000,0.55,120000,341.716126,1209.37225,1382994.77,10.0,35000,0.78,120000
439,-0.0139142250502421,-0.0078870348995776,-0.0053648370169222,-0.0052854940071341,-0.0413282389209485,-0.0057447269053079,-0.0267394829052311,-0.0057471582240743,-0.0134716745082129,-0.0060534524875054,340.360194,1197.07101,1346409.44,10.0,35000,0.78,25000,390.201775,1360.3936,3419412.03,15.0,0.0,0.0,120000,365.620506,1240.35621,2230214.82,10.0,15000,0.55,120000,341.735956,1209.78762,1382786.75,10.0,35000,0.78,120000
440,-0.0140021819071822,-0.0079583758684045,-0.0054095986378034,-0.0053243740329786,-0.0415485954353379,-0.0057733840077219,-0.0268721582674445,-0.0057573820631642,-0.0135177636016091,-0.0060729078424205,340.388291,1197.57596,1346177.02,10.0,35000,0.78,25000,390.221686,1360.96254,3418583.01,15.0,0.0,0.0,120000,365.63789,1240.86795,2229606.45,10.0,15000,0.55,120000,341.759503,1210.24153,1382428.59,10.0,35000,0.78,120000
441,-0.0140621109448507,-0.0079835318664658,-0.0054212936704767,-0.0053545035981551,-0.0417548557249306,-0.005849345962504,-0.026992198580061,-0.0058358334487781,-0.0135824119275567,-0.006089280911007,340.414821,1198.01524,1346089.29,10.0,35000,0.78,25000,390.241129,1361.46071,3418173.78,15.0,0.0,0.0,120000,365.655142,1241.31829,2229287.25,10.0,15000,0.55,120000,341.78311,1210.64135,1382253.27,10.0,35000,0.78,120000
442,-0.0141308971044452,-0.0080153346018743,-0.0054484000338345,-0.0054053227798795,-0.0420781486762403,-0.0058760818934055,-0.0270904289625878,-0.0058884524679536,-0.0136780611984706,-0.0061014938857178,340.449742,1198.57978,1345937.73,10.0,35000,0.78,25000,390.265396,1362.09518,3417482.61,15.0,0.0,0.0,120000,365.676833,1241.88725,2228753.64,10.0,15000,0.55,120000,341.81283,1211.14391,1381952.42,10.0,35000,0.78,120000
443,-0.0141710824863995,-0.0080437592142643,-0.0054803322690712,-0.0054272103087231,-0.0422972107713121,-0.0058885254075954,-0.0272132589862506,-0.0059266409326856,-0.0137576388473728,-0.0061123996948483,340.471717,1199.05887,1345782.12,10.0,35000,0.78,25000,390.282623,1362.64797,3416994.0,15.0,0.0,0.0,120000,365.691824,1242.39158,2228395.27,10.0,15000,0.55,120000,341.833628,1211.60026,1381753.36,10.0,35000,0.78,120000
444,-0.0142100937536398,-0.0080730815548747,-0.0055197541628838,-0.0054372760459906,-0.0424989796918083,-0.0059263005295332,-0.0273752134375838,-0.0059478054838108,-0.0138159167336435,-0.0061344431822942,340.493609,1199.579,1345546.99,10.0,35000,0.78,25000,390.301297,1363.25752,3416371.04,15.0,0.0,0.0,120000,365.707815,1242.95253,2227963.35,10.0,15000,0.55,120000,341.855915,1212.10884,1381511.0,10.0,35000,0.78,120000
445,-0.014304726866135,-0.0080999260453348,-0.0055611773480613,-0.0054520720342755,-0.0426994757393978,-0.005973027996134,-0.0275174934283357,-0.0059570915347609,-0.013889138398179,-0.0061633214146154,340.519817,1200.09469,1345324.27,10.0,35000,0.78,25000,390.324285,1363.85656,3415765.33,15.0,0.0,0.0,120000,365.727943,1243.50255,2227538.12,10.0,15000,0.55,120000,341.882335,1212.61154,1381271.83,10.0,35000,0.78,120000
446,-0.0143695233084581,-0.0081502940763728,-0.0055700882824276,-0.0054663585751715,-0.0429226816354723,-0.0060175907925548,-0.0276213141813883,-0.0059899897771051,-0.0139358906080494,-0.006205240350529,340.542335,1200.55814,1345117.24,10.0,35000,0.78,25000,390.342609,1364.39404,3415141.97,15.0,0.0,0.0,120000,365.743602,1243.99449,2227097.61,10.0,15000,0.55,120000,341.903652,1213.05403,1381015.64,10.0,35000,0.78,120000
447,-0.0144178164288357,-0.0081697320609284,-0.0055723793188427,-0.0054824011330763,-0.0431655286661763,-0.0060566876844078,-0.0277146745440184,-0.0060209502320636,-0.013983664566028,-0.0062305372060873,340.567073,1201.0113,1344923.21,10.0,35000,0.78,25000,390.362519,1364.92069,3414536.94,15.0,0.0,0.0,120000,365.760946,1244.47601,2226668.04,10.0,15000,0.55,120000,341.927407,1213.48336,1380770.65,10.0,35000,0.78,120000
448,-0.0144975820429239,-0.0082184563448663,-0.0056330998892516,-0.0055023243234574,-0.0433931028759318,-0.0060638471560597,-0.0278577285209025,-0.0060375688043701,-0.0140248023041958,-0.0062459273706513,340.592373,1201.54605,1344682.31,10.0,35000,0.78,25000,390.383605,1365.53738,3413844.54,15.0,0.0,0.0,120000,365.779218,1245.04214,2226173.47,10.0,15000,0.55,120000,341.951801,1213.9979,1380484.89,10.0,35000,0.78,120000
449,-0.0145545569997452,-0.0082510319547417,-0.0056924144155504,-0.0055716085685397,-0.0435967273845292,-0.0061054397671045,-0.0279734311517605,-0.006096713602082,-0.0140795818041319,-0.0063065537694135,340.627574,1202.01235,1344570.24,10.0,35000,0.78,25000,390.405364,1366.03616,3413107.17,15.0,0.0,0.0,120000,365.799017,1245.48163,2225581.17,10.0,15000,0.55,120000,341.978778,1214.37682,1380140.48,10.0,35000,0.78,120000
450,-0.0146117257547384,-0.0082903811316338,-0.0056968715175918,-0.0056227083678142,-0.0438154070659323,-0.0061187972791231,-0.0280925616692614,-0.0061273075128143,-0.0141281449994072,-0.006365335246702,340.661578,1202.49733,1344355.32,10.0,35000,0.78,25000,390.427908,1366.56795,3412186.56,15.0,0.0,0.0,120000,365.819095,1245.95728,2224890.04,10.0,15000,0.55,120000,342.006208,1214.78724,1379731.43,10.0,35000,0.78,120000
451,-0.0146829656018196,-0.008308255654606,-0.0057116229089128,-0.0056379653548358,-0.0440158591364234,-0.0061317115427295,-0.0282002815749549,-0.0061457121162949,-0.014189330882359,-0.0063849428992498,340.685451,1202.94347,1344168.21,10.0,35000,0.78,25000,390.448268,1367.0813,3411645.24,15.0,0.0,0.0,120000,365.837035,1246.4295,2224503.31,10.0,15000,0.55,120000,342.029766,1215.21638,1379511.32,10.0,35000,0.78,120000
452,-0.0147369722404702,-0.0083266508759404,-0.0057617326790764,-0.0056739287421233,-0.0442311178446097,-0.0061685311146906,-0.0283000732077151,-0.0061664797687062,-0.014232592566049,-0.0064057106034256,340.71241,1203.38694,1344000.83,10.0,35000,0.78,25000,390.468081,1367.5773,3411015.12,15.0,0.0,0.0,120000,365.854804,1246.87823,2224029.73,10.0,15000,0.55,120000,342.053514,1215.61715,1379237.9,10.0,35000,0.78,120000
453,-0.0147850086119007,-0.0083456993195423,-0.0057646209756062,-0.005688415584529,-0.0444412328381592,-0.0061981255821887,-0.0284211180456105,-0.0062230645667007,-0.0142961739026607,-0.0064403697991854,340.736089,1203.85808,1343839.74,10.0,35000,0.78,25000,390.487743,1368.11819,3410528.78,15.0,0.0,0.0,120000,365.872071,1247.37638,2223678.41,10.0,15000,0.55,120000,342.076708,1216.06835,1379038.74,10.0,35000,0.78,120000
454,-0.0148268410285507,-0.0083766677409469,-0.0058036673735712,-0.0057083721809016,-0.0446501044712198,-0.0062005797259363,-0.0285866298264079,-0.0062628331476503,-0.0143412780189029,-0.0064773757890403,340.761963,1204.40301,1343604.91,10.0,35000,0.78,25000,390.508563,1368.74218,3409827.42,15.0,0.0,0.0,120000,365.890309,1247.94991,2223176.4,10.0,15000,0.55,120000,342.101439,1216.58649,1378747.72,10.0,35000,0.78,120000
455,-0.0098761994265447,-0.0055784138216649,-0.0036315824181246,-0.0035293523138359,-0.0282929337101401,-0.0037036556877683,-0.0189854031466066,-0.0036609242549154,-0.009449251080179,-0.0040732451270999,338.776044,1169.11026,1357102.35,10.0,35000,0.78,25000,388.970805,1327.51126,3457552.8,15.0,0.0,0.0,120000,364.534988,1210.50843,2258289.27,10.0,15000,0.55,120000,340.310158,1184.15393,1398657.26,10.0,35000,0.78,120000
456,-0.0101232743507652,-0.0057124353277869,-0.0036565381198357,-0.0035531332972328,-0.0294239060086188,-0.0037714549649724,-0.0195166331532836,-0.0037337521720059,-0.0097099918212503,-0.0041152998369212,338.870939,1171.11745,1356068.0,10.0,35000,0.78,25000,389.059044,1330.00459,3454814.07,15.0,0.0,0.0,120000,364.612026,1212.83806,2256379.26,10.0,15000,0.55,120000,340.409479,1186.13028,1397551.78,10.0,35000,0.78,120000
457,-0.0102108377252758,-0.0057401325823882,-0.0037109671092829,-0.003559792178301,-0.0299687049849441,-0.0037896296304666,-0.019752055787023,-0.0037440399482143,-0.0097963980026137,-0.0041355499304672,338.916064,1172.05273,1355553.67,10.0,35000,0.78,25000,389.101409,1331.17549,3453479.09,15.0,0.0,0.0,120000,364.648908,1213.93038,2255461.63,10.0,15000,0.55,120000,340.457609,1187.05203,1397031.15,10.0,35000,0.78,120000
458,-0.0102775151891554,-0.0057710410309978,-0.0037517902575134,-0.0035875998840403,-0.0302989720142841,-0.0038138707236183,-0.019899096346587,-0.0037604166609519,-0.0098887924088181,-0.0041550374181495,338.947015,1172.64546,1355288.74,10.0,35000,0.78,25000,389.127556,1331.89634,3452656.0,15.0,0.0,0.0,120000,364.671925,1214.59454,2254865.08,10.0,15000,0.55,120000,340.487438,1187.61032,1396694.11,10.0,35000,0.78,120000
459,-0.0103306570278784,-0.0058027846037527,-0.0037713630164408,-0.0036200682060618,-0.0305549763261873,-0.0038649060807093,-0.0200515972474548,-0.0038395269271355,-0.0099718669031476,-0.0041850206630848,338.975521,1173.14813,1355152.11,10.0,35000,0.78,25000,389.149965,1332.49918,3452099.96,15.0,0.0,0.0,120000,364.691705,1215.14676,2254438.21,10.0,15000,0.55,120000,340.513305,1188.06717,1396459.04,10.0,35000,0.78,120000
460,-0.0104050109851715,-0.0058293337775332,-0.0038204009107527,-0.0036602421159413,-0.0307702518011054,-0.0038686348473218,-0.0201553716762553,-0.0039059429213735,-0.0100408723236145,-0.0041980359329762,339.001768,1173.55069,1355088.0,10.0,35000,0.78,25000,389.169883,1332.97099,3451708.13,15.0,0.0,0.0,120000,364.709644,1215.57431,2254114.0,10.0,15000,0.55,120000,340.536069,1188.42185,1396281.09,10.0,35000,0.78,120000
461,-0.0104457322790003,-0.0059019471443501,-0.0038321541983655,-0.0036779064806176,-0.030978877962562,-0.0039271317881694,-0.0202523224400417,-0.0039673512339561,-0.0101210671903766,-0.0042453921329373,339.016469,1173.95157,1354968.88,10.0,35000,0.78,25000,389.181686,1333.4488,3451307.57,15.0,0.0,0.0,120000,364.719397,1216.01363,2253814.94,10.0,15000,0.55,120000,340.549039,1188.79999,1396109.95,10.0,35000,0.78,120000
462,-0.0105254776315276,-0.0059385544581662,-0.0038354992657013,-0.0037251406354582,-0.0311887206664006,-0.0039590829079462,-0.0203746839993605,-0.0040346747269827,-0.010179806105355,-0.0042811601468415,339.048306,1174.36472,1354855.36,10.0,35000,0.78,25000,389.204344,1333.92874,3450669.36,15.0,0.0,0.0,120000,364.739719,1216.44472,2253312.75,10.0,15000,0.55,120000,340.575181,1189.14205,1395824.07,10.0,35000,0.78,120000
463,-0.0105757894633977,-0.005993887387953,-0.0038422631402667,-0.0037315391654011,-0.0314065066562837,-0.0039641672553077,-0.0205283382179585,-0.0040672249592466,-0.0102304618931676,-0.0043288260373624,339.069734,1174.84813,1354600.71,10.0,35000,0.78,25000,389.223293,1334.5233,3449958.21,15.0,0.0,0.0,120000,364.755676,1216.99566,2252817.54,10.0,15000,0.55,120000,340.596281,1189.60841,1395540.31,10.0,35000,0.78,120000
464,-0.0106436239285253,-0.0060132388166533,-0.0038569407569874,-0.0037733292091055,-0.0316494978452067,-0.0039925624521897,-0.0206894396439903,-0.0040752899836485,-0.0102826844176206,-0.0043646109672329,339.106192,1175.35311,1354334.13,10.0,35000,0.78,25000,389.250676,1335.12727,3448955.95,15.0,0.0,0.0,120000,364.780025,1217.54315,2252080.35,10.0,15000,0.55,120000,340.628126,1190.04774,1395119.76,10.0,35000,0.78,120000
465,-0.0106883287304003,-0.0060371753326674,-0.0038682272034257,-0.0038189089994495,-0.0318569457761037,-0.0039981828581397,-0.0208703522710188,-0.0040866699537998,-0.0103792564370286,-0.0044236258558825,339.139819,1175.87203,1354084.09,10.0,35000,0.78,25000,389.275175,1335.7439,3447995.35,15.0,0.0,0.0,120000,364.80172,1218.10154,2251367.31,10.0,15000,0.55,120000,340.656905,1190.50256,1394715.81,10.0,35000,0.78,120000
466,-0.0107283232483775,-0.0060705612861943,-0.0039023026090267,-0.0038437604525549,-0.0320856668292686,-0.0040233735940904,-0.0209812511242875,-0.004108327166869,-0.0104594076218548,-0.0044319064136501,339.160562,1176.30233,1353924.61,10.0,35000,0.78,25000,389.291706,1336.26046,3447463.88,15.0,0.0,0.0,120000,364.816058,1218.57357,2250972.27,10.0,15000,0.55,120000,340.675854,1190.90718,1394497.0,10.0,35000,0.78,120000
467,-0.0107959428160272,-0.0061307060558293,-0.0039389942362541,-0.0038694366432421,-0.03231299953636,-0.0040778319097046,-0.021142132308137,-0.0041771681817899,-0.0105244802918037,-0.0044671151794004,339.185866,1176.80603,1353761.33,10.0,35000,0.78,25000,389.311886,1336.86357,3446888.86,15.0,0.0,0.0,120000,364.833352,1219.12537,2250542.68,10.0,15000,0.55,120000,340.698544,1191.37809,1394257.49,10.0,35000,0.78,120000
468,-0.0108584050215798,-0.006179805676148,-0.0039557135451422,-0.0039151664587989,-0.0325136991755617,-0.0040960758787072,-0.0212979395454539,-0.0041974812602436,-0.0105928071767125,-0.0045026824488789,339.216399,1177.27292,1353549.54,10.0,35000,0.78,25000,389.333304,1337.41093,3446023.22,15.0,0.0,0.0,120000,364.852167,1219.61809,2249893.36,10.0,15000,0.55,120000,340.723312,1191.78166,1393883.68,10.0,35000,0.78,120000
469,-0.0109047740407556,-0.0062216385562608,-0.0039783202975338,-0.0039568345445858,-0.0327242259657224,-0.0041426693407266,-0.0214308198389215,-0.0042668335615692,-0.0106903354284087,-0.004552951900317,339.24285,1177.72672,1353446.09,10.0,35000,0.78,25000,389.352021,1337.94266,3445492.06,15.0,0.0,0.0,120000,364.868557,1220.09827,2249473.43,10.0,15000,0.55,120000,340.745072,1192.185,1393652.49,10.0,35000,0.78,120000
470,-0.0109460568475517,-0.0062513666335629,-0.0039964556169126,-0.0039734108830303,-0.0329521520005366,-0.0041492855029883,-0.0215651804384503,-0.0043332460742743,-0.0107476961757088,-0.0045687179346123,339.266019,1178.17503,1353305.9,10.0,35000,0.78,25000,389.370952,1338.48855,3445022.89,15.0,0.0,0.0,120000,364.884813,1220.59987,2249127.5,10.0,15000,0.55,120000,340.766717,1192.61182,1393465.1,10.0,35000,0.78,120000
471,-0.0110252468016992,-0.0062785162213627,-0.0040440014777139,-0.0040000283540537,-0.0331902460123268,-0.004162507312029,-0.0216602486070023,-0.0043818701329635,-0.0107939449425637,-0.00461546895348,339.293909,1178.61088,1353163.73,10.0,35000,0.78,25000,389.393308,1339.01108,3444481.88,15.0,0.0,0.0,120000,364.90441,1221.07629,2248722.9,10.0,15000,0.55,120000,340.791921,1193.01446,1393243.08,10.0,35000,0.78,120000
472,-0.0110839370360703,-0.0062988270505857,-0.0040770250411555,-0.0040419186882281,-0.0334717808141295,-0.004213398532445,-0.02176149489461,-0.0043954581777702,-0.0108622351903133,-0.0046298235321458,339.325387,1179.08145,1352974.27,10.0,35000,0.78,25000,389.416519,1339.56765,3443721.03,15.0,0.0,0.0,120000,364.924949,1221.57848,2248151.48,10.0,15000,0.55,120000,340.818892,1193.4324,1392922.73,10.0,35000,0.78,120000
473,-0.0111440526293056,-0.0063240990487869,-0.0040804951163075,-0.0040852087322901,-0.0336760293796264,-0.0042435693216987,-0.0218743709534671,-0.0044106844174937,-0.0109182698463029,-0.0046643411889453,339.356256,1179.48637,1352789.7,10.0,35000,0.78,25000,389.438274,1340.03985,3442923.1,15.0,0.0,0.0,120000,364.944238,1222.00152,2247552.63,10.0,15000,0.55,120000,340.84418,1193.77456,1392579.97,10.0,35000,0.78,120000
474,-0.0112000566034962,-0.006347584560082,-0.0041228987939207,-0.0040915173419706,-0.033879698780428,-0.0042486232597703,-0.0219984626904764,-0.0044573600257179,-0.0109594479029801,-0.0047124296149777,339.378284,1179.92643,1352616.53,10.0,35000,0.78,25000,389.458194,1340.57939,3442445.2,15.0,0.0,0.0,120000,364.96128,1222.50051,2247218.27,10.0,15000,0.55,120000,340.866419,1194.20658,1392399.82,10.0,35000,0.78,120000
475,-0.0112400274448277,-0.0063940436202603,-0.0041291301818445,-0.0041347359058222,-0.0340815960491041,-0.0042685081472609,-0.0221224545693809,-0.0044643522893404,-0.0110264108439833,-0.0047565445514442,339.405597,1180.35706,1352400.64,10.0,35000,0.78,25000,389.476659,1341.08,3441576.89,15.0,0.0,0.0,120000,364.977409,1222.94919,2246573.82,10.0,15000,0.55,120000,340.888027,1194.57529,1392026.61,10.0,35000,0.78,120000
476,-0.0113131053869367,-0.0064182739207254,-0.0041373857795014,-0.0041661418226134,-0.0343217088349052,-0.0042704232773464,-0.0222219997514491,-0.0045143431721268,-0.0110970688587655,-0.0047696578422526,339.433675,1180.78635,1352275.11,10.0,35000,0.78,25000,389.498377,1341.58693,3441049.39,15.0,0.0,0.0,120000,364.996655,1223.40823,2246172.39,10.0,15000,0.55,120000,340.912861,1194.96355,1391804.98,10.0,35000,0.78,120000
477,-0.0113812238884991,-0.0064349671121205,-0.0041576078546764,-0.0042148106964805,-0.0345397064334914,-0.0042757540445862,-0.0223647375235476,-0.0045671762709016,-0.0111431185182846,-0.0047996279848238,339.46966,1181.24421,1352118.53,10.0,35000,0.78,25000,389.523968,1342.11973,3440285.75,15.0,0.0,0.0,120000,365.019659,1223.88458,2245589.12,10.0,15000,0.55,120000,340.94291,1195.35006,1391476.24,10.0,35000,0.78,120000
478,-0.011468576420018,-0.0064995059947448,-0.0041852856839943,-0.0042625661121061,-0.0347594525861363,-0.004289805639051,-0.0225029495651236,-0.0045931344507127,-0.0112077458929683,-0.0048219402654749,339.500117,1181.72308,1351924.29,10.0,35000,0.78,25000,389.545439,1342.67083,3439472.41,15.0,0.0,0.0,120000,365.03867,1224.37744,2244976.24,10.0,15000,0.55,120000,340.967407,1195.76543,1391120.32,10.0,35000,0.78,120000
479,-0.0115313783888908,-0.006517158220338,-0.0042016873086661,-0.0043114855689247,-0.0349731851165702,-0.0043240717505537,-0.0226069994962879,-0.0046115305992949,-0.0112710008739267,-0.0048738008146138,339.533166,1182.14556,1351749.62,10.0,35000,0.78,25000,389.568497,1343.15748,3438669.32,15.0,0.0,0.0,120000,365.059555,1224.81024,2244371.2,10.0,15000,0.55,120000,340.994582,1196.11876,1390776.04,10.0,35000,0.78,120000
480,-0.0115776336044496,-0.006547355959661,-0.0042459121489254,-0.0043162960929674,-0.0352041158100367,-0.0043314003234623,-0.0227190314010711,-0.0046268941843023,-0.0113462740461934,-0.0049460901891066,339.55352,1182.636,1351519.2,10.0,35000,0.78,25000,389.587459,1343.75588,3438077.97,15.0,0.0,0.0,120000,365.075847,1225.36244,2243969.96,10.0,15000,0.55,120000,341.015886,1196.60688,1390556.37,10.0,35000,0.78,120000
481,-0.0116190241659942,-0.0065633867817064,-0.0042816402009577,-0.0043329628287782,-0.0354193111395541,-0.0043369381078505,-0.0228525100579927,-0.0046800732710991,-0.0114045607210802,-0.0049855845952873,339.577816,1183.10054,1351358.38,10.0,35000,0.78,25000,389.607707,1344.316,3437564.79,15.0,0.0,0.0,120000,365.093693,1225.87424,2243602.87,10.0,15000,0.55,120000,341.039346,1197.0496,1390358.19,10.0,35000,0.78,120000
482,-0.011705230092121,-0.0065974640796427,-0.0043256984962811,-0.0043412503812667,-0.0356208524748314,-0.0043639448836617,-0.0229540264639078,-0.0047037908015217,-0.0114611637900233,-0.005009436791969,339.598036,1183.52258,1351194.6,10.0,35000,0.78,25000,389.626566,1344.82567,3437132.63,15.0,0.0,0.0,120000,365.110184,1226.34111,2243305.91,10.0,15000,0.55,120000,341.06,1197.46729,1390195.15,10.0,35000,0.78,120000
483,-0.0117482589769794,-0.0066324682350181,-0.0043494536168667,-0.00438922855713,-0.0358299041991909,-0.0043928422973202,-0.0231039306008857,-0.0047468698247879,-0.0115286395149947,-0.0050592011749963,339.629363,1184.00421,1351014.12,10.0,35000,0.78,25000,389.648018,1345.38312,3436326.11,15.0,0.0,0.0,120000,365.129482,1226.83646,2242704.4,10.0,15000,0.55,120000,341.085544,1197.88113,1389850.92,10.0,35000,0.78,120000
484,-0.011804371791574,-0.006683014847787,-0.0043540616785793,-0.0043933741856667,-0.0360463186829932,-0.0044196912602336,-0.0232316703206525,-0.0047850538117949,-0.0115800258787696,-0.0050686873060783,339.64797,1184.45274,1350817.8,10.0,35000,0.78,25000,389.664788,1345.92682,3435800.31,15.0,0.0,0.0,120000,365.143817,1227.33353,2242348.03,10.0,15000,0.55,120000,341.104219,1198.32155,1389647.88,10.0,35000,0.78,120000
485,-0.0118714532764277,-0.006714680737768,-0.0044368549301525,-0.0044474269337902,-0.0362533733259478,-0.0044618966192678,-0.023330558254803,-0.0047961876786526,-0.0116864379887586,-0.005098403379845,339.674247,1184.89646,1350704.75,10.0,35000,0.78,25000,389.683124,1346.4305,3435238.16,15.0,0.0,0.0,120000,365.160693,1227.77748,2241907.57,10.0,15000,0.55,120000,341.125642,1198.71226,1389403.38,10.0,35000,0.78,120000
486,-0.0119563337281628,-0.0067537403312449,-0.0044822436224112,-0.0044552964273443,-0.0364669046255046,-0.0045052422053411,-0.0234618308861757,-0.0048171925986488,-0.0117353265189013,-0.0051554642634502,339.698426,1185.39027,1350469.35,10.0,35000,0.78,25000,389.705035,1347.02636,3434599.87,15.0,0.0,0.0,120000,365.179843,1228.32138,2241475.62,10.0,15000,0.55,120000,341.150076,1199.19505,1389160.32,10.0,35000,0.78,120000
487,-0.0120317434707244,-0.0068029832666935,-0.0045057644866881,-0.0044634510982514,-0.0366756181520394,-0.0045506356747267,-0.0235685554994871,-0.0048353238140376,-0.0118190646419392,-0.0052045786484379,339.717553,1185.84923,1350271.03,10.0,35000,0.78,25000,389.722644,1347.5761,3434077.33,15.0,0.0,0.0,120000,365.195052,1228.82302,2241120.6,10.0,15000,0.55,120000,341.169515,1199.64757,1388960.81,10.0,35000,0.78,120000
488,-0.0121114670629008,-0.0068319119402848,-0.0045366945540854,-0.0044739763154331,-0.0369038856334941,-0.0045538268278489,-0.0236693958015904,-0.0048846092853374,-0.0118613738457668,-0.0052277576583498,339.740978,1186.29031,1350115.84,10.0,35000,0.78,25000,389.743275,1348.10615,3433622.03,15.0,0.0,0.0,120000,365.213214,1229.30486,2240805.22,10.0,15000,0.55,120000,341.19283,1200.07284,1388787.98,10.0,35000,0.78,120000
489,-0.0121542232484257,-0.0068774305980325,-0.0045444601904132,-0.004503905885199,-0.0371094645014129,-0.0045933122282532,-0.0237700026454873,-0.0049103045768144,-0.0119493291938214,-0.0052905532946084,339.763523,1186.7267,1349939.13,10.0,35000,0.78,25000,389.759767,1348.61429,3432971.28,15.0,0.0,0.0,120000,365.227727,1229.75966,2240334.64,10.0,15000,0.55,120000,341.212208,1200.46566,1388521.29,10.0,35000,0.78,120000
490,-0.0122388748293199,-0.0068928980177029,-0.0045456212864322,-0.0045372542489085,-0.037313709624283,-0.004617548265956,-0.0238703767523348,-0.0049480048211558,-0.0120086384018611,-0.0053225872453183,339.793991,1187.13766,1349794.43,10.0,35000,0.78,25000,389.782878,1349.09116,3432358.96,15.0,0.0,0.0,120000,365.248658,1230.18427,2239883.53,10.0,15000,0.55,120000,341.239236,1200.82459,1388268.62,10.0,35000,0.78,120000
491,-0.0123220213768893,-0.0069332450028621,-0.0045776420941383,-0.0045636751253282,-0.0375527975960174,-0.0046201508730941,-0.0239765801835575,-0.0049895581538999,-0.0120629651425221,-0.0053462546317176,339.820797,1187.60576,1349627.0,10.0,35000,0.78,25000,389.804171,1349.64042,3431766.67,15.0,0.0,0.0,120000,365.26753,1230.67783,2239455.56,10.0,15000,0.55,120000,341.263777,1201.25386,1388028.87,10.0,35000,0.78,120000
492,-0.0123704414935666,-0.0069858596327789,-0.0045926313372433,-0.0045765208862857,-0.0377655960813243,-0.0046361277240819,-0.0240680770585178,-0.0050031771168182,-0.0121126693809675,-0.0053585100548042,339.837976,1188.01256,1349432.69,10.0,35000,0.78,25000,389.818307,1350.12239,3431198.69,15.0,0.0,0.0,120000,365.279617,1231.11503,2239061.12,10.0,15000,0.55,120000,341.280011,1201.6395,1387801.98,10.0,35000,0.78,120000
493,-0.0124202732256549,-0.0070426833781123,-0.0046018915475542,-0.0045799089720136,-0.0379893254110145,-0.0046484753684264,-0.0241813391797651,-0.0050524267701785,-0.0121890700636853,-0.0054083954070178,339.855144,1188.48929,1349246.41,10.0,35000,0.78,25000,389.833949,1350.69097,3430722.93,15.0,0.0,0.0,120000,365.292802,1231.63821,2238738.4,10.0,15000,0.55,120000,341.297833,1202.10729,1387623.95,10.0,35000,0.78,120000
494,-0.0124646283648346,-0.0070665423566619,-0.0046600277978495,-0.0046154281854902,-0.0382146890883745,-0.0046512927443844,-0.0242764982062776,-0.0050853554560788,-0.0122344174598191,-0.0054814789479375,339.882938,1188.9446,1349068.92,10.0,35000,0.78,25000,389.854137,1351.2172,3430029.39,15.0,0.0,0.0,120000,365.310878,1232.11077,2238229.52,10.0,15000,0.55,120000,341.322298,1202.51009,1387339.83,10.0,35000,0.78,120000
495,-0.0125154067808334,-0.0070976017933346,-0.0046619036876505,-0.0046410400505037,-0.038438045196842,-0.0046895068531945,-0.0243828843241529,-0.0051304994005106,-0.0122938947846283,-0.0054906970152863,339.907099,1189.37091,1348922.13,10.0,35000,0.78,25000,389.872282,1351.71133,3429485.24,15.0,0.0,0.0,120000,365.326981,1232.55702,2237829.93,10.0,15000,0.55,120000,341.344118,1202.89604,1387115.78,10.0,35000,0.78,120000
496,-0.0125637350365864,-0.0071681150661615,-0.0046897873969158,-0.0046921801218373,-0.0386776255042432,-0.0047039946118934,-0.0244918634052015,-0.0051449014404423,-0.012349597919419,-0.0055285618823275,339.93489,1189.8464,1348703.04,10.0,35000,0.78,25000,389.889652,1352.2448,3428573.26,15.0,0.0,0.0,120000,365.342359,1233.02969,2237151.84,10.0,15000,0.55,120000,341.365498,1203.29608,1386719.52,10.0,35000,0.78,120000
497,-0.0126256392234608,-0.0072343205682582,-0.0046982499601217,-0.0047198263711801,-0.0389022557408145,-0.0047332117865158,-0.024602568233808,-0.0051978886552413,-0.0124039290559498,-0.0055853980065067,339.959352,1190.31422,1348520.0,10.0,35000,0.78,25000,389.907468,1352.78259,3427903.52,15.0,0.0,0.0,120000,365.357809,1233.51521,2236665.11,10.0,15000,0.55,120000,341.386661,1203.71677,1386438.37,10.0,35000,0.78,120000
498,-0.0126988667609265,-0.0072752123067113,-0.0047153284575954,-0.0047650461279323,-0.0391247412527164,-0.0047912171221122,-0.0247042731154104,-0.0052626129074482,-0.012482842415145,-0.0056280488172984,339.988648,1190.76205,1348416.69,10.0,35000,0.78,25000,389.9277,1353.28452,3427346.38,15.0,0.0,0.0,120000,365.376026,1233.96241,2236230.26,10.0,15000,0.55,120000,341.411133,1204.10193,1386194.03,10.0,35000,0.78,120000
499,-0.0127742445035651,-0.0072952124041356,-0.0047402564212108,-0.0048364135841671,-0.0393273703326924,-0.0048127323816806,-0.024836371433617,-0.0052972589515575,-0.012575728691945,-0.0056494032722853,340.026301,1191.22651,1348293.19,10.0,35000,0.78,25000,389.951721,1353.79137,3426569.25,15.0,0.0,0.0,120000,365.398259,1234.40504,2235614.75,10.0,15000,0.55,120000,341.440999,1204.47224,1385845.18,10.0,35000,0.78,120000
500,-0.0128415874129073,-0.0073096339537326,-0.0047728587152041,-0.0048767966311371,-0.0395433020494758,-0.0048339784884098,-0.0249393054260944,-0.0053339544372072,-0.0126335293755968,-0.005661380072171,340.055895,1191.65417,1348164.06,10.0,35000,0.78,25000,389.973005,1354.27635,3425988.08,15.0,0.0,0.0,120000,365.417567,1234.83846,2235171.57,10.0,15000,0.55,120000,341.466928,1204.84531,1385597.64,10.0,35000,0.78,120000
501,-0.0128836146809223,-0.0073418991059355,-0.0047794079062697,-0.0048824747558988,-0.0398077134813985,-0.0048618824083712,-0.0251092538611636,-0.0053559988346319,-0.0127677403705091,-0.0056817877185477,340.078044,1192.26705,1347910.28,10.0,35000,0.78,25000,389.993391,1355.00574,3425379.28,15.0,0.0,0.0,120000,365.435052,1235.511,2234758.03,10.0,15000,0.55,120000,341.491235,1205.45476,1385377.25,10.0,35000,0.78,120000
502,-0.0129503622427706,-0.0073814093580131,-0.0048419909104318,-0.004929603865906,-0.0400508126730475,-0.0049061614540581,-0.0252089950545013,-0.0053708991630025,-0.0128297102855267,-0.005726540785109,340.107984,1192.75321,1347722.31,10.0,35000,0.78,25000,390.014165,1355.55376,3424613.96,15.0,0.0,0.0,120000,365.453673,1236.0004,2234184.6,10.0,15000,0.55,120000,341.516585,1205.87992,1385050.82,10.0,35000,0.78,120000
503,-0.0130397560757932,-0.0074014146632952,-0.004897523309411,-0.0049352844570704,-0.0402574566369733,-0.0049538160412668,-0.0253420431286572,-0.0054275958590439,-0.0128843141053196,-0.0057429239552119,340.131071,1193.234,1347583.0,10.0,35000,0.78,25000,390.035694,1356.12305,3424285.23,15.0,0.0,0.0,120000,365.47256,1236.52536,2233956.22,10.0,15000,0.55,120000,341.541428,1206.3573,1384935.77,10.0,35000,0.78,120000
504,-0.0130894810883807,-0.0074587298853196,-0.0049598881436731,-0.0049584008935509,-0.0404693092753155,-0.0049875647714681,-0.0254497991522129,-0.005495409712615,-0.0129628703946162,-0.0057511634597513,340.147397,1193.68215,1347504.25,10.0,35000,0.78,25000,390.048555,1356.6377,3424018.91,15.0,0.0,0.0,120000,365.48358,1236.99363,2233745.17,10.0,15000,0.55,120000,341.556648,1206.78562,1384824.84,10.0,35000,0.78,120000
505,-0.0131686438565362,-0.0075195961905155,-0.0049823279193878,-0.0050486697914364,-0.0406807458494005,-0.0050231639523837,-0.0255552644037762,-0.0055801309865812,-0.0130382996266103,-0.0057694858842683,340.184719,1194.10681,1347472.15,10.0,35000,0.78,25000,390.068702,1357.07497,3423328.34,15.0,0.0,0.0,120000,365.50228,1237.365,2233156.79,10.0,15000,0.55,120000,341.58227,1207.08985,1384481.33,10.0,35000,0.78,120000
506,-0.0132264736447789,-0.0076013963631126,-0.0049908613949778,-0.0050744943379272,-0.0408866690002928,-0.0051083662342897,-0.0256688612286431,-0.005662449254182,-0.0130868374199717,-0.0057810485863436,340.203559,1194.52994,1347369.76,10.0,35000,0.78,25000,390.081715,1357.55287,3422905.83,15.0,0.0,0.0,120000,365.513266,1237.79678,2232833.39,10.0,15000,0.55,120000,341.597808,1207.47456,1384291.62,10.0,35000,0.78,120000
507,-0.0132778912812151,-0.0076201910945139,-0.0049997218547084,-0.0051572123761963,-0.0410963991823374,-0.0051265239563431,-0.0257851975283951,-0.0057042510298067,-0.0131553255241439,-0.0058081094176251,340.243906,1194.96443,1347249.74,10.0,35000,0.78,25000,390.1049,1358.01319,3422012.16,15.0,0.0,0.0,120000,365.53479,1238.19214,2232121.73,10.0,15000,0.55,120000,341.627763,1207.79357,1383879.56,10.0,35000,0.78,120000
508,-0.013365939817206,-0.0076673315894482,-0.0050198816455277,-0.0052239079983557,-0.0413326422941956,-0.005144349873179,-0.0258790871175141,-0.0057189295140599,-0.013206278245299,-0.0058452406461709,340.281395,1195.42267,1347059.52,10.0,35000,0.78,25000,390.128371,1358.50996,3421053.84,15.0,0.0,0.0,120000,365.556098,1238.62653,2231389.78,10.0,15000,0.55,120000,341.656679,1208.15736,1383451.39,10.0,35000,0.78,120000
509,-0.0134462345532556,-0.0076961407068337,-0.0050608226906216,-0.0052621288988523,-0.0416014553432284,-0.0051692071811674,-0.0260310529707,-0.0057478292670385,-0.0132464926762162,-0.0058707340656548,340.318147,1195.99762,1346807.87,10.0,35000,0.78,25000,390.155556,1359.16865,3420153.54,15.0,0.0,0.0,120000,365.580245,1239.22144,2230734.22,10.0,15000,0.55,120000,341.689706,1208.67567,1383075.46,10.0,35000,0.78,120000
510,-0.0135090309209333,-0.0077350184079993,-0.0050935777719681,-0.0053021300329786,-0.0418026574344805,-0.0051795222255438,-0.0261465016086179,-0.0057912887562562,-0.0133186409434811,-0.0059118794080931,340.345689,1196.45774,1346665.11,10.0,35000,0.78,25000,390.174786,1359.68578,3419545.38,15.0,0.0,0.0,120000,365.597328,1239.68576,2230271.8,10.0,15000,0.55,120000,341.713085,1209.08483,1382812.91,10.0,35000,0.78,120000
511,-0.013559474594259,-0.0078254514421885,-0.0051402459268459,-0.0053083204587445,-0.0420261894619291,-0.005211636983441,-0.0262553702894584,-0.0058174456645218,-0.0133837272104858,-0.005954278880008,340.358573,1196.95067,1346450.39,10.0,35000,0.78,25000,390.186333,1360.2615,3419015.76,15.0,0.0,0.0,120000,365.606439,1240.21601,2229908.1,10.0,15000,0.55,120000,341.726048,1209.57395,1382601.61,10.0,35000,0.78,120000
512,-0.0136221195849018,-0.0079085298120982,-0.0051673061654794,-0.0053189126435258,-0.0422578793275843,-0.0052411968600607,-0.0263636560938267,-0.0058966700279401,-0.0134499834771615,-0.0059748810172473,340.374212,1197.42856,1346327.69,10.0,35000,0.78,25000,390.199517,1360.81442,3418682.77,15.0,0.0,0.0,120000,365.617226,1240.72372,2229665.96,10.0,15000,0.55,120000,341.741032,1210.04092,1382464.71,10.0,35000,0.78,120000
513,-0.0136973040869709,-0.0079253369831197,-0.0051750976279505,-0.0053235026913712,-0.0424644022796049,-0.0053001033355111,-0.0265133829540263,-0.0059764789276706,-0.0135109491550828,-0.0059982385184756,340.399611,1197.92401,1346187.25,10.0,35000,0.78,25000,390.221968,1361.39775,3418315.58,15.0,0.0,0.0,120000,365.636788,1241.26236,2229409.11,10.0,15000,0.55,120000,341.767374,1210.52855,1382329.68,10.0,35000,0.78,120000
514,-0.0137435887192679,-0.0079665783562002,-0.005217626109809,-0.0053643283635072,-0.0426647700599895,-0.0053162124106574,-0.0266256330712828,-0.0060400202328706,-0.0135522199514919,-0.0060275867133707,340.42583,1198.35708,1346073.73,10.0,35000,0.78,25000,390.239279,1361.8811,3417762.16,15.0,0.0,0.0,120000,365.652101,1241.69512,2228979.7,10.0,15000,0.55,120000,341.788742,1210.90767,1382082.62,10.0,35000,0.78,120000
515,-0.0138113840987679,-0.0079945777957419,-0.0052464370325231,-0.0053677566656616,-0.0428906552386086,-0.0053204270788101,-0.026749473167612,-0.0060942593750916,-0.013623755536431,-0.0060407282670735,340.446693,1198.85383,1345917.86,10.0,35000,0.78,25000,390.258634,1362.46625,3417401.28,15.0,0.0,0.0,120000,365.668758,1242.23623,2228730.62,10.0,15000,0.55,120000,341.811106,1211.40461,1381950.85,10.0,35000,0.78,120000
516,-0.0138672299211078,-0.0080407331079498,-0.0052796494711281,-0.0053721626731239,-0.0430978959396974,-0.0053450290722455,-0.0268888373317795,-0.0061157141084768,-0.0136915342243759,-0.0060706236797031,340.46569,1199.36394,1345690.45,10.0,35000,0.78,25000,390.275966,1363.06507,3416845.32,15.0,0.0,0.0,120000,365.683378,1242.78936,2228351.25,10.0,15000,0.55,120000,341.831116,1211.91187,1381737.54,10.0,35000,0.78,120000
517,-0.0139066322967599,-0.0080668040928587,-0.0053047246443187,-0.005395217187323,-0.0433193920796084,-0.0053499170532496,-0.02699417937577,-0.0061293561916462,-0.0137563376445896,-0.0061555586061428,340.491898,1199.85979,1345449.83,10.0,35000,0.78,25000,390.296091,1363.63517,3416076.85,15.0,0.0,0.0,120000,365.700869,1243.30911,2227804.84,10.0,15000,0.55,120000,341.855396,1212.37306,1381425.74,10.0,35000,0.78,120000
518,-0.0139793848003282,-0.0080909402979257,-0.0053460467444382,-0.0054144412653652,-0.0435793401470835,-0.0053774626576356,-0.0271004374518413,-0.0061390439376451,-0.0138060445756999,-0.0061797951861961,340.519336,1200.37403,1345214.74,10.0,35000,0.78,25000,390.318837,1364.23239,3415381.55,15.0,0.0,0.0,120000,365.720769,1243.85532,2227312.7,10.0,15000,0.55,120000,341.882103,1212.86485,1381145.1,10.0,35000,0.78,120000
519,-0.0140432676134059,-0.0081170125215177,-0.0053507379565035,-0.0054293990569049,-0.0437948571612109,-0.0054274485427027,-0.0272081527776301,-0.0062003668081567,-0.0139349544179362,-0.0062251421893649,340.540335,1200.8594,1345108.14,10.0,35000,0.78,25000,390.337343,1364.79462,3415082.77,15.0,0.0,0.0,120000,365.736863,1244.37229,2227089.89,10.0,15000,0.55,120000,341.903534,1213.34312,1381031.46,10.0,35000,0.78,120000
520,-0.0140911699398582,-0.0081531425987811,-0.0053611052098191,-0.0054600703840316,-0.0440256514773809,-0.005470347132517,-0.0273026479348013,-0.0062284904883718,-0.0139800378953741,-0.0062772301974705,340.567266,1201.3162,1344903.76,10.0,35000,0.78,25000,390.356777,1365.31035,3414342.7,15.0,0.0,0.0,120000,365.75389,1244.84024,2226548.23,10.0,15000,0.55,120000,341.927001,1213.75493,1380713.89,10.0,35000,0.78,120000
521,-0.0141858415213616,-0.008215971182804,-0.0054030468047884,-0.0054836116274051,-0.0442345431860806,-0.0054873408516996,-0.0274222754865368,-0.0062448788795916,-0.014035758602689,-0.0063052350595252,340.591114,1201.80801,1344690.24,10.0,35000,0.78,25000,390.376203,1365.86943,3413692.38,15.0,0.0,0.0,120000,365.770712,1245.35172,2226077.0,10.0,15000,0.55,120000,341.949005,1214.22178,1380438.32,10.0,35000,0.78,120000
522,-0.0142682849071989,-0.0082461213759774,-0.0054494307845541,-0.0055601619152627,-0.0444426175308432,-0.0055179379177975,-0.0275135206352396,-0.0062540321241632,-0.0140893138638862,-0.0063587187929526,340.629853,1202.25139,1344522.82,10.0,35000,0.78,25000,390.400223,1366.3351,3412755.0,15.0,0.0,0.0,120000,365.79277,1245.75764,2225343.49,10.0,15000,0.55,120000,341.978311,1214.5667,1380005.1,10.0,35000,0.78,120000
523,-0.0143364878204202,-0.0083196729178569,-0.0054784393603534,-0.0055738409316825,-0.0446516070217695,-0.0055215432487409,-0.0276306082792773,-0.0062669575163906,-0.0141381849254264,-0.0064231096103865,340.650273,1202.75425,1344260.05,10.0,35000,0.78,25000,390.417313,1366.91209,3412016.74,15.0,0.0,0.0,120000,365.80714,1246.28902,2224826.68,10.0,15000,0.55,120000,341.997605,1215.05073,1379698.1,10.0,35000,0.78,120000
524,-0.0143802256550597,-0.0083687221548722,-0.0054874533209556,-0.0055814746772298,-0.044858343961808,-0.0055566247792634,-0.0277296817754508,-0.0062974163258073,-0.0142062651970134,-0.0064758259879069,340.667383,1203.20961,1344063.23,10.0,35000,0.78,25000,390.432285,1367.43835,3411494.38,15.0,0.0,0.0,120000,365.819779,1246.77578,2224462.33,10.0,15000,0.55,120000,342.014798,1215.49708,1379487.0,10.0,35000,0.78,120000
525,-0.0144398382741322,-0.0083978605047457,-0.0055089840930074,-0.005608792117971,-0.045079165809681,-0.0055677333614189,-0.0278485698567649,-0.00631034830569,-0.01429149107209,-0.006511098213592,340.693137,1203.71447,1343851.19,10.0,35000,0.78,25000,390.452624,1368.01044,3410821.26,15.0,0.0,0.0,120000,365.83778,1247.29876,2223971.75,10.0,15000,0.55,120000,342.038726,1215.97162,1379204.44,10.0,35000,0.78,120000
526,-0.0145041810448621,-0.0084850272735005,-0.0055550658908291,-0.0056341893807803,-0.0452968035357208,-0.0055790611985656,-0.0279876397519425,-0.0063448910106476,-0.014402382343149,-0.0065435871455601,340.710862,1204.26725,1343663.52,10.0,35000,0.78,25000,390.46698,1368.63518,3410279.6,15.0,0.0,0.0,120000,365.849913,1247.87169,2223570.5,10.0,15000,0.55,120000,342.054843,1216.50622,1378970.35,10.0,35000,0.78,120000
527,-0.0145893165307999,-0.0085390867196446,-0.0056054272479926,-0.0056697441400135,-0.0455070195477944,-0.0056135202927397,-0.0281021991897546,-0.0063634068422477,-0.0144897971558087,-0.006569918843634,340.735206,1204.76386,1343491.33,10.0,35000,0.78,25000,390.48568,1369.1882,3409688.24,15.0,0.0,0.0,120000,365.866548,1248.37422,2223124.1,10.0,15000,0.55,120000,342.076231,1216.96805,1378710.87,10.0,35000,0.78,120000
528,-0.0146592145730803,-0.0086004909817496,-0.0056196344291234,-0.0056764762166222,-0.0457189204728198,-0.0056329645525783,-0.0282026570715675,-0.006370039624382,-0.0145607239056112,-0.0066012862607761,340.752142,1205.2363,1343262.84,10.0,35000,0.78,25000,390.501265,1369.7324,3409114.99,15.0,0.0,0.0,120000,365.879829,1248.87793,2222728.42,10.0,15000,0.55,120000,342.093447,1217.4348,1378478.34,10.0,35000,0.78,120000
529,-0.0146994865947628,-0.0086532034389493,-0.0056602341051695,-0.0056895103223016,-0.0459262771565227,-0.0056948636734016,-0.0283562596136027,-0.0064025801633208,-0.0146109805349359,-0.0066492520421895,340.772698,1205.77237,1343020.0,10.0,35000,0.78,25000,390.518512,1370.34717,3408451.05,15.0,0.0,0.0,120000,365.894672,1249.44513,2222262.08,10.0,15000,0.55,120000,342.113547,1217.95375,1378205.62,10.0,35000,0.78,120000
530,-0.0147729256637198,-0.0086977384890257,-0.0057131010036333,-0.0057613492331809,-0.0461304773398253,-0.0057207651894806,-0.0284895648371605,-0.0064255627566431,-0.014703304824045,-0.0067402230215665,340.809866,1206.31901,1342822.25,10.0,35000,0.78,25000,390.542275,1370.93003,3407502.6,15.0,0.0,0.0,120000,365.916578,1249.96266,2221528.82,10.0,15000,0.55,120000,342.142304,1218.41108,1377773.6,10.0,35000,0.78,120000
531,-0.0149000040408535,-0.0087272408721144,-0.0057648291413108,-0.0057928771505754,-0.0463307350536182,-0.0057691333950596,-0.0285868072250905,-0.0064342635801376,-0.0147777191824927,-0.0067581812192865,340.83802,1206.78215,1342663.28,10.0,35000,0.78,25000,390.565521,1371.44534,3406973.35,15.0,0.0,0.0,120000,365.937732,1250.428,2221132.15,10.0,15000,0.55,120000,342.16846,1218.84491,1377545.06,10.0,35000,0.78,120000
532,-0.0149527964356735,-0.0087888514848731,-0.0057676175592532,-0.0058379405416502,-0.0465681064160537,-0.0057994517916885,-0.0287358721466665,-0.0064707863958475,-0.0148255520737452,-0.0067976513201648,340.869543,1207.33482,1342410.67,10.0,35000,0.78,25000,390.58663,1372.05103,3406018.21,15.0,0.0,0.0,120000,365.956691,1250.96986,2220427.18,10.0,15000,0.55,120000,342.19399,1219.3294,1377119.83,10.0,35000,0.78,120000
533,-0.0149945264955445,-0.0088280986271219,-0.0057813602784944,-0.0058433696492541,-0.0467827347268192,-0.005815695292708,-0.0288394197066996,-0.006496236715395,-0.0148731526498364,-0.0068502953598708,340.888544,1207.80997,1342181.69,10.0,35000,0.78,25000,390.603285,1372.59785,3405419.07,15.0,0.0,0.0,120000,365.971211,1251.47212,2220016.88,10.0,15000,0.55,120000,342.213284,1219.79333,1376879.09,10.0,35000,0.78,120000
534,-0.0150760301683339,-0.0088798473300834,-0.0057970712757394,-0.005863268188121,-0.0469943901397624,-0.0058192409206564,-0.0289489076630267,-0.0065271505848355,-0.0149619353376534,-0.006860668171923,340.909326,1208.29307,1342016.33,10.0,35000,0.78,25000,390.620743,1373.14172,3404941.1,15.0,0.0,0.0,120000,365.986757,1251.96719,2219667.75,10.0,15000,0.55,120000,342.233012,1220.2579,1376674.82,10.0,35000,0.78,120000
535,-0.0151527786360927,-0.0089094367791384,-0.005809120468121,-0.005897281520149,-0.0472038825912942,-0.0058743389778607,-0.0290441512313033,-0.0065595001617869,-0.0150157666038405,-0.0069029010726079,340.93781,1208.74394,1341844.55,10.0,35000,0.78,25000,390.6418,1373.63724,3404290.87,15.0,0.0,0.0,120000,366.00603,1252.41207,2219184.95,10.0,15000,0.55,120000,342.257814,1220.6621,1376388.5,10.0,35000,0.78,120000
536,-0.0152251413161501,-0.0089816431107578,-0.0058143671086074,-0.0059188524572942,-0.0474086229243965,-0.0058873614660024,-0.0291738768768181,-0.0066069515492483,-0.015083516663582,-0.0069276643611115,340.959017,1209.24421,1341656.52,10.0,35000,0.78,25000,390.658402,1374.19607,3403708.89,15.0,0.0,0.0,120000,366.020663,1252.91968,2218761.99,10.0,15000,0.55,120000,342.276761,1221.13405,1376134.04,10.0,35000,0.78,120000
537,-0.0152883951933779,-0.0090297345385511,-0.0058154659639766,-0.0059416537786712,-0.0476153701441351,-0.0059034955646218,-0.0292955280121142,-0.0066196537631185,-0.0151498875441057,-0.0069853246476984,340.984073,1209.75262,1341402.89,10.0,35000,0.78,25000,390.677875,1374.76513,3402927.04,15.0,0.0,0.0,120000,366.038094,1253.43638,2218206.81,10.0,15000,0.55,120000,342.299493,1221.60855,1375801.94,10.0,35000,0.78,120000
538,-0.0153655015860471,-0.0090930789504105,-0.0058407111135998,-0.005955601846049,-0.047860235971753,-0.0060045365671155,-0.0294064907752097,-0.0066677805661849,-0.0151972163772705,-0.007011993096509,341.005498,1210.26591,1341208.27,10.0,35000,0.78,25000,390.695928,1375.34516,3402381.97,15.0,0.0,0.0,120000,366.053974,1253.96585,2217819.76,10.0,15000,0.55,120000,342.319999,1222.10392,1375569.71,10.0,35000,0.78,120000
539,-0.0154134748174739,-0.00912115257764,-0.0058604682196963,-0.0059693942623409,-0.0481039467935738,-0.0060399788488326,-0.0295177418365155,-0.006684980465406,-0.0152482999337516,-0.0070418007027674,341.028971,1210.78093,1340966.35,10.0,35000,0.78,25000,390.715451,1375.93084,3401707.97,15.0,0.0,0.0,120000,366.07145,1254.50116,2217348.85,10.0,15000,0.55,120000,342.343009,1222.59914,1375292.68,10.0,35000,0.78,120000
540,-0.0154728093934891,-0.0091647229198771,-0.0058729720611845,-0.0060456461284452,-0.0483200071099526,-0.0060550262401046,-0.0296313892769704,-0.0067319448925615,-0.0153152519189715,-0.0070745680645442,341.065654,1211.26106,1340824.17,10.0,35000,0.78,25000,390.736674,1376.42536,3400840.41,15.0,0.0,0.0,120000,366.091508,1254.93056,2216661.73,10.0,15000,0.55,120000,342.369487,1222.97765,1374877.26,10.0,35000,0.78,120000
541,-0.0155185112725546,-0.0091979433906452,-0.0058835325682423,-0.0060988909502003,-0.0485594710326819,-0.0060907687341714,-0.0297486215913236,-0.0067417459118622,-0.0153788309849387,-0.0071017852973695,341.098241,1211.77509,1340594.0,10.0,35000,0.78,25000,390.757739,1376.97848,3399911.79,15.0,0.0,0.0,120000,366.111052,1255.42194,2215967.01,10.0,15000,0.55,120000,342.395482,1223.41966,1374460.55,10.0,35000,0.78,120000
542,-0.0155850366679643,-0.0092477567054758,-0.0058863138299566,-0.0061212486739,-0.0488392802884793,-0.0061051720331838,-0.0298649926117536,-0.0067530449999608,-0.0154439004260257,-0.0071926654965044,341.128735,1212.39087,1340266.47,10.0,35000,0.78,25000,390.781636,1377.66929,3398929.01,15.0,0.0,0.0,120000,366.132415,1256.05121,2215278.35,10.0,15000,0.55,120000,342.423562,1223.99784,1374047.46,10.0,35000,0.78,120000
543,-0.0156529885721185,-0.0092863398663666,-0.0059211278234402,-0.0061372894925886,-0.0490947498126463,-0.0061662427573269,-0.0299834759210044,-0.0068060361780575,-0.0154881123812065,-0.007261124841021,341.155827,1212.9572,1340040.93,10.0,35000,0.78,25000,390.803942,1378.30819,3398273.96,15.0,0.0,0.0,120000,366.152357,1256.63509,2214815.78,10.0,15000,0.55,120000,342.449608,1224.54037,1373774.39,10.0,35000,0.78,120000
544,-0.0156959736379127,-0.0093205137013648,-0.0059404841682918,-0.0061677433139905,-0.0493258865810708,-0.0061747512894937,-0.0300863351080367,-0.0068178764145692,-0.0155351500690454,-0.0073132854163587,341.182769,1213.45987,1339794.67,10.0,35000,0.78,25000,390.823333,1378.86367,3397454.51,15.0,0.0,0.0,120000,366.169957,1257.13698,2214225.23,10.0,15000,0.55,120000,342.472997,1224.99931,1373420.67,10.0,35000,0.78,120000
545,-0.0157842820555698,-0.0093624655440825,-0.0059808426984853,-0.0062165640976774,-0.0495326193708416,-0.0061801080697531,-0.0302165268355973,-0.0068304641858549,-0.0156109030410854,-0.0073597858604985,341.215425,1213.99834,1339577.21,10.0,35000,0.78,25000,390.846294,1379.44581,3396627.65,15.0,0.0,0.0,120000,366.191125,1257.65791,2213605.5,10.0,15000,0.55,120000,342.500153,1225.47962,1373050.36,10.0,35000,0.78,120000
546,-0.01586949289914,-0.0094046284512586,-0.0060321520013533,-0.0062217031466178,-0.0497419512565225,-0.006211781349585,-0.0303219744567881,-0.0068606612380851,-0.0156598242453542,-0.0074324371243509,341.237061,1214.51372,1339359.1,10.0,35000,0.78,25000,390.866253,1380.03373,3396093.43,15.0,0.0,0.0,120000,366.208766,1258.19928,2213240.62,10.0,15000,0.55,120000,342.522547,1225.99186,1372837.07,10.0,35000,0.78,120000
547,-0.0159176151839926,-0.0094329456303815,-0.0060358621218961,-0.0062465781292124,-0.0499986563883136,-0.0062687515899846,-0.0304576057654385,-0.0068926478966064,-0.0157576424685108,-0.0074516270134753,341.263659,1215.08969,1339141.75,10.0,35000,0.78,25000,390.886979,1380.67792,3395434.83,15.0,0.0,0.0,120000,366.227507,1258.78548,2212763.94,10.0,15000,0.55,120000,342.547341,1226.54031,1372556.97,10.0,35000,0.78,120000
548,-0.0159999377898595,-0.0094799055703149,-0.0060616329250469,-0.0062700522505586,-0.0502425130168082,-0.0063092551823411,-0.0305748039745558,-0.0069471112991952,-0.015806531910852,-0.0074743216545723,341.290498,1215.62218,1338958.09,10.0,35000,0.78,25000,390.908034,1381.26972,3394852.23,15.0,0.0,0.0,120000,366.246437,1259.32343,2212338.16,10.0,15000,0.55,120000,342.571783,1227.04356,1372301.6,10.0,35000,0.78,120000
549,-0.0047035219930972,-0.0026372037302884,-0.0015802215541348,-0.0016841807897596,-0.0159695032721169,-0.0016585140817296,-0.0093130232142619,-0.0018899352024853,-0.0046570445645927,-0.0020208033115914,337.194832,1141.48501,1369881.02,10.0,35000,0.78,25000,387.681679,1294.69529,3497153.64,15.0,0.0,0.0,120000,363.360176,1179.86872,2288235.69,10.0,15000,0.55,120000,338.944916,1160.23357,1416146.31,10.0,35000,0.78,120000
550,-0.0049291259701203,-0.0027499541551673,-0.0015960308939022,-0.0017180197460301,-0.0171256053685776,-0.0016666254315912,-0.0098181758643081,-0.0019044585428872,-0.004875979198791,-0.0020861162613272,337.291968,1143.23459,1368638.31,10.0,35000,0.78,25000,387.76806,1296.91069,3494157.66,15.0,0.0,0.0,120000,363.440113,1181.96926,2286119.13,10.0,15000,0.55,120000,339.019324,1161.55037,1415142.13,10.0,35000,0.78,120000
551,-0.0050363950799765,-0.0027779399427261,-0.0016373594325971,-0.0017370448762755,-0.017656990301608,-0.0016775988154856,-0.0100409024434765,-0.001947013519761,-0.0050044389897745,-0.0021123012141335,337.336629,1144.05999,1368172.79,10.0,35000,0.78,25000,387.808282,1297.93184,3493097.67,15.0,0.0,0.0,120000,363.477578,1182.93747,2285353.77,10.0,15000,0.55,120000,339.055672,1162.19012,1414795.56,10.0,35000,0.78,120000
552,-0.0051231248642922,-0.0028069883620968,-0.0016522908150037,-0.00175380241453,-0.0179957347169091,-0.0016833417929383,-0.0101793219380949,-0.0019836334955224,-0.0050618633017416,-0.0021577655087764,337.369176,1144.58966,1367851.5,10.0,35000,0.78,25000,387.836391,1298.57876,3492284.99,15.0,0.0,0.0,120000,363.503621,1183.54826,2284769.74,10.0,15000,0.55,120000,339.081306,1162.57708,1414511.42,10.0,35000,0.78,120000
553,-0.0051696674055774,-0.0028421799625324,-0.0016792826371619,-0.0018140101750137,-0.018269381744716,-0.0017475889115248,-0.0103093905439023,-0.0019940293917291,-0.0051082358809691,-0.0021802962968038,337.402564,1145.01929,1367591.47,10.0,35000,0.78,25000,387.858701,1299.06963,3491296.99,15.0,0.0,0.0,120000,363.52496,1183.99576,2284013.02,10.0,15000,0.55,120000,339.102642,1162.81978,1414109.14,10.0,35000,0.78,120000
554,-0.0052825363627038,-0.0029078562941689,-0.0017190665800505,-0.0018422627751358,-0.0185169024073123,-0.001755003039349,-0.0104566318948115,-0.0020298952695972,-0.0051647413447575,-0.0022450408821005,337.431941,1145.50978,1367314.28,10.0,35000,0.78,25000,387.882919,1299.64678,3490524.61,15.0,0.0,0.0,120000,363.547244,1184.53556,2283441.85,10.0,15000,0.55,120000,339.124603,1163.17635,1413809.3,10.0,35000,0.78,120000
555,-0.0053989010880331,-0.0029513254227021,-0.0017411068495613,-0.0018517004644876,-0.018742831514226,-0.0017783566623192,-0.010583254004797,-0.0021027386970871,-0.00523918913055,-0.0022793434499336,337.455298,1145.94147,1367161.51,10.0,35000,0.78,25000,387.904862,1300.16381,3490202.33,15.0,0.0,0.0,120000,363.56729,1185.02564,2283197.12,10.0,15000,0.55,120000,339.144949,1163.53141,1413699.97,10.0,35000,0.78,120000
556,-0.0049696918300005,-0.0027629400752468,-0.0015938708111061,-0.0016816623223753,-0.0169426901237484,-0.0016947772083588,-0.0096991350170776,-0.00193003061118,-0.0048457315469048,-0.0020887481984874,337.270099,1142.94602,1368896.75,10.0,35000,0.78,25000,387.754124,1296.56217,3495001.99,15.0,0.0,0.0,120000,363.426383,1181.64763,2286743.9,10.0,15000,0.55,120000,339.006641,1161.40921,1415459.85,10.0,35000,0.78,120000
557,-0.0052300465743286,-0.0028335650903647,-0.0016079398033128,-0.001705670028303,-0.0180617576719455,-0.0017131171702604,-0.0102287190982053,-0.0019827082735579,-0.0051009654152882,-0.002131834488044,337.369611,1144.74513,1367740.11,10.0,35000,0.78,25000,387.845049,1298.79969,3492375.57,15.0,0.0,0.0,120000,363.510601,1183.77227,2284890.18,10.0,15000,0.55,120000,339.088577,1162.80203,1414584.98,10.0,35000,0.78,120000
558,-0.0053071366190934,-0.0028801974412542,-0.0016116241203774,-0.0017389255386766,-0.0185993090754629,-0.0017475770585899,-0.0104775391801786,-0.0020134273479117,-0.0051915316421937,-0.0021867729763197,337.419729,1145.6016,1367160.89,10.0,35000,0.78,25000,387.88627,1299.83636,3490849.23,15.0,0.0,0.0,120000,363.548766,1184.74906,2283792.39,10.0,15000,0.55,120000,339.12673,1163.41403,1414021.79,10.0,35000,0.78,120000
559,-0.0054141508360959,-0.0029105358053017,-0.001638141602987,-0.0017483205912797,-0.0189307762643464,-0.0017532760804789,-0.010684203773993,-0.0020230627664236,-0.0052618289978434,-0.0022277619618978,337.455252,1146.23663,1366733.94,10.0,35000,0.78,25000,387.918706,1300.60484,3489864.44,15.0,0.0,0.0,120000,363.578529,1185.48202,2283097.58,10.0,15000,0.55,120000,339.157233,1163.91367,1413663.12,10.0,35000,0.78,120000
560,-0.0054641007358602,-0.0029476134152241,-0.0016835441658914,-0.0017716093481502,-0.0191779044281399,-0.0017744222038315,-0.0108125800930516,-0.0020445890493913,-0.0053527473270086,-0.0022519664217752,337.476331,1146.68968,1366515.6,10.0,35000,0.78,25000,387.936458,1301.13771,3489311.64,15.0,0.0,0.0,120000,363.594919,1185.9848,2282682.13,10.0,15000,0.55,120000,339.173947,1164.27312,1413451.25,10.0,35000,0.78,120000
561,-0.0055086617175335,-0.002986022798217,-0.0017253231961403,-0.001805571734537,-0.0193981823332784,-0.0017957800701646,-0.0109315251244166,-0.0021089469373291,-0.0054298405472222,-0.0022632003732582,337.497051,1147.08334,1366403.41,10.0,35000,0.78,25000,387.952072,1301.58909,3488935.16,15.0,0.0,0.0,120000,363.609532,1186.40656,2282367.77,10.0,15000,0.55,120000,339.188962,1164.56488,1413293.95,10.0,35000,0.78,120000
562,-0.0055793049210388,-0.0030094203405203,-0.0017620943834233,-0.0018330779642489,-0.0196467435159881,-0.0018025478019939,-0.0110497651509563,-0.0021188078701425,-0.0054945583618656,-0.0022931012430226,337.523722,1147.52107,1366156.93,10.0,35000,0.78,25000,387.973943,1302.1,3488249.53,15.0,0.0,0.0,120000,363.629849,1186.88788,2281856.55,10.0,15000,0.55,120000,339.210416,1164.89334,1413018.98,10.0,35000,0.78,120000
563,-0.0056249960461173,-0.0030670634361884,-0.0018275692626558,-0.0018810122180916,-0.019857691644555,-0.0018288259265437,-0.0111798158434669,-0.0021614167801576,-0.0055712377427636,-0.0023574038449877,337.547624,1147.95493,1365978.38,10.0,35000,0.78,25000,387.990471,1302.58712,3487603.03,15.0,0.0,0.0,120000,363.645283,1187.3393,2281344.09,10.0,15000,0.55,120000,339.226504,1165.20052,1412736.16,10.0,35000,0.78,120000
564,-0.0057387619825763,-0.0030966792484837,-0.001860406745376,-0.0018914595941131,-0.0200620359379058,-0.0018793426232971,-0.0112748915856308,-0.0021763099790684,-0.0056373966967324,-0.0023870141470318,337.569409,1148.33593,1365793.47,10.0,35000,0.78,25000,388.011156,1303.03942,3487176.3,15.0,0.0,0.0,120000,363.664163,1187.76884,2281032.92,10.0,15000,0.55,120000,339.246806,1165.52843,1412570.94,10.0,35000,0.78,120000
565,-0.0057993455447094,-0.0031389440537723,-0.0018938051928003,-0.0019294884439635,-0.0202892146316856,-0.0019090533487169,-0.0114159863103138,-0.0022077866507952,-0.0056828424890905,-0.0024062098987075,337.596254,1148.76256,1365572.56,10.0,35000,0.78,25000,388.03117,1303.52699,3486455.95,15.0,0.0,0.0,120000,363.682731,1188.2243,2280479.86,10.0,15000,0.55,120000,339.26699,1165.83581,1412257.2,10.0,35000,0.78,120000
566,-0.0058799804310497,-0.0031549963744131,-0.0019486858703416,-0.0019539126764344,-0.020493847442484,-0.0019302291412309,-0.0115437775155911,-0.0022432926768804,-0.0057562000948807,-0.0024558018649086,337.621707,1149.18781,1365393.68,10.0,35000,0.78,25000,388.053024,1304.02391,3485966.9,15.0,0.0,0.0,120000,363.702932,1188.69373,2280105.64,10.0,15000,0.55,120000,339.28925,1166.18091,1412055.44,10.0,35000,0.78,120000
567,-0.0059358408497171,-0.0031800033103988,-0.0019654489421174,-0.0020018804165173,-0.0206979365698884,-0.0019632125444641,-0.0116687489799868,-0.0022715401485539,-0.0057970927303261,-0.0024711908400308,337.650773,1149.55775,1365207.8,10.0,35000,0.78,25000,388.073322,1304.43746,3485233.77,15.0,0.0,0.0,120000,363.722021,1189.07578,2279532.45,10.0,15000,0.55,120000,339.310707,1166.42486,1411722.91,10.0,35000,0.78,120000
568,-0.0059888383728293,-0.0032003605646518,-0.0019707598713685,-0.0020086530413151,-0.0209742455327178,-0.0019792407403697,-0.0117644045948665,-0.0022818693063284,-0.0059205713946856,-0.0024942968237827,337.669706,1150.01225,1364987.38,10.0,35000,0.78,25000,388.091745,1304.98252,3484775.43,15.0,0.0,0.0,120000,363.738669,1189.59609,2279201.49,10.0,15000,0.55,120000,339.32942,1166.83532,1411541.84,10.0,35000,0.78,120000
569,-0.006035215729748,-0.0032576287450257,-0.0019838074946348,-0.0020549165480661,-0.0212240251502057,-0.0019959821409375,-0.0119035127713214,-0.0023306057249583,-0.0059852594638877,-0.0025455465765395,337.698061,1150.46794,1364762.15,10.0,35000,0.78,25000,388.111539,1305.5024,3483963.87,15.0,0.0,0.0,120000,363.756895,1190.08049,2278573.49,10.0,15000,0.55,120000,339.350288,1167.1703,1411167.7,10.0,35000,0.78,120000
570,-0.0060848775151359,-0.0032864218998721,-0.0020126804770318,-0.0020896579631152,-0.0214261875836254,-0.0020205401328416,-0.0120015221597203,-0.0023459261200875,-0.006050259188026,-0.0025555106219709,337.719676,1150.81935,1364601.09,10.0,35000,0.78,25000,388.12772,1305.90695,3483413.1,15.0,0.0,0.0,120000,363.771899,1190.45731,2278143.99,10.0,15000,0.55,120000,339.367582,1167.447,1410914.01,10.0,35000,0.78,120000
571,-0.0061527511278159,-0.0033341676541305,-0.0020347117146412,-0.0021100586404117,-0.0216330054822806,-0.0020523685384284,-0.0121003967418466,-0.0023761032000487,-0.006100229535996,-0.0025845186261868,337.739548,1151.18634,1364421.49,10.0,35000,0.78,25000,388.144157,1306.33824,3482892.53,15.0,0.0,0.0,120000,363.786732,1190.86396,2277751.96,10.0,15000,0.55,120000,339.384656,1167.75759,1410678.64,10.0,35000,0.78,120000
572,-0.006207540193691,-0.0033505890317178,-0.0020405591310075,-0.002127054251875,-0.0218465139138465,-0.0020947301233184,-0.0122163761161906,-0.0024276443333153,-0.0061894035629878,-0.0026185699297212,337.761148,1151.58055,1364277.67,10.0,35000,0.78,25000,388.162954,1306.80903,3482503.79,15.0,0.0,0.0,120000,363.803857,1191.31068,2277451.42,10.0,15000,0.55,120000,339.404895,1168.10451,1410505.67,10.0,35000,0.78,120000
573,-0.0062909535874106,-0.0033978190077387,-0.0020535660817152,-0.0021984813994168,-0.0220570607257767,-0.0021227303774544,-0.0123233109482188,-0.002479363360911,-0.006236325927421,-0.0026472389488392,337.795131,1151.94098,1364149.89,10.0,35000,0.78,25000,388.184538,1307.19656,3481732.2,15.0,0.0,0.0,120000,363.824229,1191.66036,2276818.51,10.0,15000,0.55,120000,339.429041,1168.32972,1410114.34,10.0,35000,0.78,120000
574,-0.0063862207766558,-0.0034444591995398,-0.0020557625664861,-0.0022064843697528,-0.0222686600205567,-0.0021432007338218,-0.0124417021950598,-0.0025021844136085,-0.0062792100216573,-0.0026824643258146,337.81778,1152.34337,1363909.57,10.0,35000,0.78,25000,388.205148,1307.68104,3481122.34,15.0,0.0,0.0,120000,363.842603,1192.12201,2276380.21,10.0,15000,0.55,120000,339.45075,1168.69174,1409840.85,10.0,35000,0.78,120000
575,-0.0064300839264087,-0.0035103023952346,-0.0020891920012318,-0.0022176219899792,-0.0224933492782755,-0.0021527373696431,-0.0125533991174379,-0.0025385293742754,-0.0063476542191203,-0.0026985095340184,337.831569,1152.75169,1363725.81,10.0,35000,0.78,25000,388.217669,1308.16976,3480686.35,15.0,0.0,0.0,120000,363.853442,1192.58546,2276056.87,10.0,15000,0.55,120000,339.463861,1169.07266,1409636.71,10.0,35000,0.78,120000
576,-0.0064776778034198,-0.0035600519791294,-0.0021435039131275,-0.0022321323146457,-0.0227157028084217,-0.0021818609418897,-0.0126505495411719,-0.0025745447931384,-0.0064035706314668,-0.002753819717204,337.848565,1153.15273,1363544.63,10.0,35000,0.78,25000,388.23267,1308.65039,3480215.78,15.0,0.0,0.0,120000,363.866668,1193.04079,2275706.91,10.0,15000,0.55,120000,339.480029,1169.44228,1409419.47,10.0,35000,0.78,120000
577,-0.0065371315504137,-0.003617424196592,-0.0021649589338838,-0.0022443568527207,-0.0229225597107808,-0.0022205834062897,-0.0127610797181266,-0.0026071143877107,-0.0064956482500047,-0.0027977549682905,337.864437,1153.56051,1363367.52,10.0,35000,0.78,25000,388.247264,1309.13895,3479780.46,15.0,0.0,0.0,120000,363.879443,1193.50375,2275384.02,10.0,15000,0.55,120000,339.495624,1169.82873,1409218.46,10.0,35000,0.78,120000
578,-0.0066374246152357,-0.0036785107924158,-0.0021849281415167,-0.0023026021660167,-0.0231417522895769,-0.0022886818317576,-0.0128869648840884,-0.0026369503208698,-0.0065519300911571,-0.002817295480399,337.896069,1153.96553,1363190.18,10.0,35000,0.78,25000,388.269203,1309.59365,3478981.37,15.0,0.0,0.0,120000,363.899664,1193.92002,2274751.41,10.0,15000,0.55,120000,339.520223,1170.13805,1408820.36,10.0,35000,0.78,120000
579,-0.0067145113345916,-0.0037049008799491,-0.002202144829418,-0.0023354447557857,-0.0233507703306043,-0.0023201584871975,-0.0130074685010001,-0.0026521753517398,-0.0066073405625582,-0.0028654122677083,337.924647,1154.36686,1362970.79,10.0,35000,0.78,25000,388.291734,1310.06664,3478243.53,15.0,0.0,0.0,120000,363.920192,1194.36334,2274195.1,10.0,15000,0.55,120000,339.545718,1170.48114,1408471.88,10.0,35000,0.78,120000
580,-0.0068208286281523,-0.0037452121404323,-0.0022374733125628,-0.0023447694503771,-0.0235931396820518,-0.0023291310200357,-0.0131227395244226,-0.0026942461847671,-0.0066504454247284,-0.0029261818137887,337.950537,1154.81506,1362748.35,10.0,35000,0.78,25000,388.315648,1310.61213,3477673.74,15.0,0.0,0.0,120000,363.941473,1194.88334,2273780.74,10.0,15000,0.55,120000,339.571846,1170.90752,1408207.73,10.0,35000,0.78,120000
581,-0.0068738955646329,-0.0038026415661803,-0.0022814325474466,-0.0023744431269704,-0.0238364494923489,-0.002346849328583,-0.0132464546491016,-0.0027142515140145,-0.0066930790791938,-0.0029371337827373,337.972914,1155.24194,1362526.73,10.0,35000,0.78,25000,388.333015,1311.11841,3476976.63,15.0,0.0,0.0,120000,363.956944,1195.35823,2273254.72,10.0,15000,0.55,120000,339.591611,1171.29085,1407870.32,10.0,35000,0.78,120000
582,-0.0069337658285249,-0.0038443597746314,-0.0022991709662629,-0.0023905871776009,-0.0240376959990953,-0.0023571465231283,-0.0133647930993788,-0.0027398449815357,-0.0067417120235404,-0.0029547881766286,337.993054,1155.62235,1362332.78,10.0,35000,0.78,25000,388.350166,1311.57735,3476426.05,15.0,0.0,0.0,120000,363.972159,1195.79254,2272846.46,10.0,15000,0.55,120000,339.610919,1171.64762,1407608.13,10.0,35000,0.78,120000
583,-0.0070047869184377,-0.0038669914859978,-0.0023100729340509,-0.0024060886596402,-0.0242712085611418,-0.0024129609898819,-0.0134666274799678,-0.002762109109397,-0.0067969154705245,-0.0029724807883179,338.016443,1156.00859,1362143.79,10.0,35000,0.78,25000,388.370553,1312.04816,3475883.13,15.0,0.0,0.0,120000,363.990418,1196.23837,2272444.63,10.0,15000,0.55,120000,339.633934,1172.01277,1407356.7,10.0,35000,0.78,120000
584,-0.0070760174271587,-0.0039100178953359,-0.0023655110551389,-0.0024568683930873,-0.0244755400277716,-0.0024632442238453,-0.013563209640062,-0.0027698582813385,-0.0068610616925828,-0.0030209158204749,338.043346,1156.38715,1361975.37,10.0,35000,0.78,25000,388.389561,1312.48277,3475168.79,15.0,0.0,0.0,120000,364.007832,1196.63801,2271883.57,10.0,15000,0.55,120000,339.655952,1172.33098,1407004.97,10.0,35000,0.78,120000
585,-0.0071526573250537,-0.0039678040895919,-0.0023918247221637,-0.0024735594580866,-0.0246823622242187,-0.0024782702943131,-0.0136610158778258,-0.0027820585000846,-0.006917629622369,-0.003038932647329,338.061778,1156.76304,1361783.19,10.0,35000,0.78,25000,388.405528,1312.93508,3474629.44,15.0,0.0,0.0,120000,364.021856,1197.06466,2271484.28,10.0,15000,0.55,120000,339.673545,1172.69193,1406747.98,10.0,35000,0.78,120000
586,-0.0072165938482251,-0.004028915836079,-0.0024102661070479,-0.0024995036231514,-0.0249119935667824,-0.0025115200344551,-0.0137719134823053,-0.0028051682803323,-0.0070088671814987,-0.0030842007547167,338.082831,1157.19117,1361587.35,10.0,35000,0.78,25000,388.422607,1313.44655,3474018.74,15.0,0.0,0.0,120000,364.036894,1197.54527,2271023.17,10.0,15000,0.55,120000,339.692804,1173.09555,1406453.44,10.0,35000,0.78,120000
587,-0.0072692312623322,-0.0040774481757791,-0.0024399870790372,-0.0025118279383212,-0.0251227990090225,-0.0025290616108435,-0.0138750404730191,-0.0028121756507581,-0.007104391765786,-0.0031118617799371,338.09836,1157.59315,1361398.64,10.0,35000,0.78,25000,388.437011,1313.93626,3473547.29,15.0,0.0,0.0,120000,364.049413,1198.00914,2270677.15,10.0,15000,0.55,120000,339.708825,1173.49841,1406235.14,10.0,35000,0.78,120000
588,-0.0073566100795124,-0.0041042751254588,-0.0024844079727527,-0.0025218397102063,-0.0253495284189177,-0.0025323591563352,-0.0139992047694652,-0.0028659925595408,-0.007186397326995,-0.0031895699700425,338.123076,1158.05342,1361225.32,10.0,35000,0.78,25000,388.46018,1314.50482,3473107.61,15.0,0.0,0.0,120000,364.069954,1198.55122,2270349.73,10.0,15000,0.55,120000,339.734745,1173.96182,1406029.72,10.0,35000,0.78,120000
589,-0.0074540506303068,-0.0041449206533437,-0.0025525248229346,-0.0025400407934399,-0.0255522396265018,-0.0025572947446887,-0.0141392179106044,-0.0029152188724337,-0.0072471436750954,-0.0032306428249102,338.147174,1158.49377,1361070.41,10.0,35000,0.78,25000,388.481757,1315.04268,3472670.38,15.0,0.0,0.0,120000,364.089177,1199.05998,2270014.69,10.0,15000,0.55,120000,339.758746,1174.39823,1405820.15,10.0,35000,0.78,120000
590,-0.0075161003577207,-0.0041693276518706,-0.0025848272652388,-0.002583498689502,-0.0257740999857264,-0.0025714103798882,-0.0142518467948429,-0.002930045993837,-0.0072873239989901,-0.0032736437508845,338.178157,1158.88452,1360868.37,10.0,35000,0.78,25000,388.504269,1315.51012,3471863.35,15.0,0.0,0.0,120000,364.109765,1199.49415,2269396.8,10.0,15000,0.55,120000,339.785364,1174.74185,1405431.33,10.0,35000,0.78,120000
591,-0.0075819940738848,-0.0041867376915549,-0.0026811929631956,-0.0025895983995644,-0.0259759931254372,-0.0025895964512969,-0.014370888832314,-0.0029944839283825,-0.0073716673276202,-0.0032992090077723,338.19461,1159.30069,1360795.92,10.0,35000,0.78,25000,388.521453,1316.02892,3471775.15,15.0,0.0,0.0,120000,364.125069,1199.98815,2269316.45,10.0,15000,0.55,120000,339.804457,1175.18306,1405388.87,10.0,35000,0.78,120000
592,-0.0076479067634752,-0.0042241917548362,-0.002685965538304,-0.0026757267413577,-0.026176874630732,-0.0026046963590189,-0.0144868364363856,-0.0030174854291146,-0.007435604698731,-0.0033313667843091,338.232789,1159.66099,1360651.8,10.0,35000,0.78,25000,388.544224,1316.42751,3470801.66,15.0,0.0,0.0,120000,364.146608,1200.3399,2268531.69,10.0,15000,0.55,120000,339.83243,1175.43875,1404893.54,10.0,35000,0.78,120000
593,-0.0077608776644249,-0.004299272263447,-0.0027357116219244,-0.0027077199008967,-0.026393621638144,-0.002627765410869,-0.014599676173534,-0.0030849609147946,-0.0075309695739462,-0.0033462008887876,338.254142,1160.08475,1360573.46,10.0,35000,0.78,25000,388.56194,1316.92938,3470486.25,15.0,0.0,0.0,120000,364.162471,1200.80413,2268264.84,10.0,15000,0.55,120000,339.851803,1175.8469,1404722.93,10.0,35000,0.78,120000
594,-0.007804595488045,-0.0043309440098278,-0.0027623544828458,-0.0027373811140847,-0.0265999191871154,-0.0026439810607857,-0.0147030147857163,-0.0031314303055036,-0.0076185995816243,-0.0033912291441669,338.2756,1160.46904,1360454.27,10.0,35000,0.78,25000,388.578669,1317.39236,3470031.57,15.0,0.0,0.0,120000,364.17764,1201.23377,2267908.32,10.0,15000,0.55,120000,339.871465,1176.21019,1404501.64,10.0,35000,0.78,120000
595,-0.0078556750484754,-0.0043624825535564,-0.0027918256605423,-0.0027416561467057,-0.0268083064358984,-0.002653669690208,-0.014820757302278,-0.003147198232089,-0.0076739396367002,-0.0034743160850331,338.296351,1160.89288,1360208.47,10.0,35000,0.78,25000,388.598012,1317.92535,3469393.3,15.0,0.0,0.0,120000,364.194717,1201.73764,2267462.98,10.0,15000,0.55,120000,339.893538,1176.64071,1404224.13,10.0,35000,0.78,120000
596,-0.0079171382935149,-0.0043897151662745,-0.0028268629998276,-0.002820434740274,-0.0270089826556061,-0.0026901392869204,-0.0149327812587711,-0.0031672489229537,-0.0077457732242469,-0.0035154364202331,338.331745,1161.26652,1360076.21,10.0,35000,0.78,25000,388.620149,1318.34548,3468529.32,15.0,0.0,0.0,120000,364.215802,1202.11061,2266766.04,10.0,15000,0.55,120000,339.920586,1176.92428,1403793.37,10.0,35000,0.78,120000
597,-0.0079562979544494,-0.004429968941521,-0.0028376729461837,-0.0028466984856333,-0.0272791923897572,-0.0027075128255453,-0.0150477766642743,-0.0031818085342427,-0.0078135784063462,-0.003529761232888,338.355518,1161.70857,1359849.15,10.0,35000,0.78,25000,388.639005,1318.8865,3467794.24,15.0,0.0,0.0,120000,364.232866,1202.61377,2266224.76,10.0,15000,0.55,120000,339.942868,1177.34484,1403458.4,10.0,35000,0.78,120000
598,-0.008014179741607,-0.0044675818092214,-0.0028453212864285,-0.0028814703737328,-0.0275065923043708,-0.0027178449825228,-0.0151717966873112,-0.0031981885560407,-0.0078700780242018,-0.0035447617652747,338.38219,1162.11769,1359641.78,10.0,35000,0.78,25000,388.659227,1319.37963,3467035.1,15.0,0.0,0.0,120000,364.251456,1203.0689,2265656.17,10.0,15000,0.55,120000,339.966677,1177.71768,1403105.36,10.0,35000,0.78,120000
599,-0.0080763776194117,-0.0045219283255459,-0.0028891278277867,-0.0029215101124726,-0.0276627770584483,-0.0027339931594945,-0.0153125428684482,-0.003239224267692,-0.0079155081306454,-0.0035950545617679,338.406459,1162.50022,1359487.22,10.0,35000,0.78,25000,388.67677,1319.83101,3466385.18,15.0,0.0,0.0,120000,364.267616,1203.48266,2265155.09,10.0,15000,0.55,120000,339.987149,1178.05783,1402794.21,10.0,35000,0.78,120000
600,-0.0081401833514753,-0.0045375528534303,-0.0029070536550221,-0.0029473641665426,-0.0278101521680476,-0.0027518617919171,-0.0154680114284777,-0.0032505763353754,-0.0080224554708039,-0.0036024631027318,338.428616,1162.8945,1359333.26,10.0,35000,0.78,25000,388.695529,1320.30809,3465892.79,15.0,0.0,0.0,120000,364.284988,1203.92516,2264782.72,10.0,15000,0.55,120000,340.0088,1178.43864,1402571.34,10.0,35000,0.78,120000
601,-0.0082009452314833,-0.0045818879530982,-0.0029324734152135,-0.0029908095819775,-0.028020335949668,-0.0027901956573814,-0.0155876412123555,-0.0032639818685628,-0.0080836543452592,-0.0036376031903178,338.455471,1163.29822,1359139.93,10.0,35000,0.78,25000,388.714967,1320.78567,3465116.36,15.0,0.0,0.0,120000,364.303011,1204.36172,2264193.2,10.0,15000,0.55,120000,340.031612,1178.79418,1402210.81,10.0,35000,0.78,120000
602,-0.0082658682122742,-0.0046054212030005,-0.0029459486855965,-0.0030454802306255,-0.0281670899744616,-0.0028060037533151,-0.0157267195079446,-0.0032790019096174,-0.0081475238479786,-0.0036463907391449,338.484721,1163.64565,1358997.57,10.0,35000,0.78,25000,388.734966,1321.18626,3464392.91,15.0,0.0,0.0,120000,364.321955,1204.72275,2263623.81,10.0,15000,0.55,120000,340.055452,1179.07829,1401864.97,10.0,35000,0.78,120000
603,-0.0083208569825315,-0.0046664049464925,-0.0029600938422975,-0.0030653761562683,-0.0283303375866634,-0.0028264082252373,-0.015857606465588,-0.003316984231049,-0.008224945776655,-0.0036663862089369,338.50094,1164.02407,1358854.22,10.0,35000,0.78,25000,388.748412,1321.64121,3463938.34,15.0,0.0,0.0,120000,364.333935,1205.14517,2263281.75,10.0,15000,0.55,120000,340.070526,1179.44221,1401655.4,10.0,35000,0.78,120000
604,-0.008420728817899,-0.004686454836195,-0.0029874555763643,-0.0031146943011349,-0.0285106648179719,-0.0028661941973846,-0.0159791282435153,-0.0033247129593479,-0.00830233890287,-0.0036740015037169,338.531567,1164.40257,1358711.01,10.0,35000,0.78,25000,388.771388,1322.08221,3463278.84,15.0,0.0,0.0,120000,364.355472,1205.54508,2262763.75,10.0,15000,0.55,120000,340.097015,1179.76874,1401346.82,10.0,35000,0.78,120000
605,-0.008501742188215,-0.0047368314691685,-0.0029957383242297,-0.0031900192099552,-0.0286812832906636,-0.0028919318959912,-0.016090666659171,-0.0033621633323898,-0.0083610795499113,-0.0037028529696727,338.56472,1164.74464,1358604.92,10.0,35000,0.78,25000,388.791634,1322.45772,3462477.13,15.0,0.0,0.0,120000,364.374695,1205.87462,2262112.48,10.0,15000,0.55,120000,340.121135,1180.01388,1400948.8,10.0,35000,0.78,120000
606,-0.008558315083163,-0.0047937752344248,-0.0030567895972567,-0.0032310906239634,-0.0288429930234259,-0.0029166986958092,-0.0162148537081741,-0.0033871002640543,-0.0084377536615,-0.003745478210673,338.585174,1165.13369,1358468.5,10.0,35000,0.78,25000,388.806418,1322.9121,3461913.16,15.0,0.0,0.0,120000,364.388182,1206.28914,2261671.13,10.0,15000,0.55,120000,340.138113,1180.36471,1400683.11,10.0,35000,0.78,120000
607,-0.0086242318933554,-0.0048465438671782,-0.0030964772643906,-0.0032562904049234,-0.0290131865070179,-0.0029264563598216,-0.0163202481412302,-0.0034232280157293,-0.0085280288239072,-0.0037998836031282,338.603141,1165.51902,1358344.36,10.0,35000,0.78,25000,388.821318,1323.37144,3461488.21,15.0,0.0,0.0,120000,364.401536,1206.71354,2261344.06,10.0,15000,0.55,120000,340.154692,1180.7321,1400488.58,10.0,35000,0.78,120000
608,-0.0086802458388289,-0.0049277106790895,-0.0031228302397483,-0.0032819507779064,-0.0291571642982643,-0.0029621914247737,-0.0164582837520788,-0.0034524920752545,-0.0085945656182047,-0.0038164356453492,338.617968,1165.89107,1358191.25,10.0,35000,0.78,25000,388.832604,1323.8107,3460971.1,15.0,0.0,0.0,120000,364.411367,1207.11742,2260953.21,10.0,15000,0.55,120000,340.16709,1181.07981,1400247.94,10.0,35000,0.78,120000
609,-0.0087503452164676,-0.0049786338325472,-0.0031422451259598,-0.0032957349112083,-0.0293278809838038,-0.0030108915612216,-0.0165668803548514,-0.0034679970586264,-0.0086713140523507,-0.0038459492624516,338.634402,1166.26361,1358027.01,10.0,35000,0.78,25000,388.847427,1324.26175,3460507.44,15.0,0.0,0.0,120000,364.424433,1207.53639,2260616.68,10.0,15000,0.55,120000,340.183263,1181.44434,1400047.64,10.0,35000,0.78,120000
610,-0.0087966228417363,-0.0050313898933403,-0.0031941098934678,-0.0033524416254424,-0.029468303605801,-0.0030791098915546,-0.0166954812443447,-0.0034727150681597,-0.0087244596310103,-0.0039257823238313,338.660553,1166.63457,1357841.41,10.0,35000,0.78,25000,388.86409,1324.68535,3459647.86,15.0,0.0,0.0,120000,364.439759,1207.91551,2259956.88,10.0,15000,0.55,120000,340.202974,1181.74333,1399651.62,10.0,35000,0.78,120000
611,-0.0088445613286615,-0.0050740638589633,-0.0032433225181764,-0.0033635570562512,-0.029622665909022,-0.0030879054943843,-0.0168163588885181,-0.0034770764318761,-0.0087855672825159,-0.0040097989519511,338.677679,1167.03358,1357621.4,10.0,35000,0.78,25000,388.879684,1325.17482,3459042.99,15.0,0.0,0.0,120000,364.453398,1208.37228,2259529.86,10.0,15000,0.55,120000,340.220343,1182.13531,1399399.47,10.0,35000,0.78,120000
612,-0.0089527810528336,-0.0051302966548593,-0.0032695328223711,-0.0033766383343024,-0.0297998783838187,-0.0031564792664519,-0.016923948607787,-0.0034815067827087,-0.0088383375393373,-0.0040521863072294,338.698422,1167.42202,1357416.28,10.0,35000,0.78,25000,388.898578,1325.64491,3458458.48,15.0,0.0,0.0,120000,364.470056,1208.80855,2259114.05,10.0,15000,0.55,120000,340.240634,1182.51102,1399151.64,10.0,35000,0.78,120000
613,-0.0089974696436289,-0.0051540429908817,-0.0033018496700811,-0.0033948488373219,-0.0299609357928057,-0.0032052901119048,-0.0170920955925952,-0.0034937862840599,-0.0088978813247032,-0.0040847416789199,338.720607,1167.84754,1357198.6,10.0,35000,0.78,25000,388.917507,1326.16562,3457804.05,15.0,0.0,0.0,120000,364.486915,1209.2918,2258642.52,10.0,15000,0.55,120000,340.262378,1182.91681,1398877.8,10.0,35000,0.78,120000
614,-0.0091050436131955,-0.0052278267817959,-0.003351188981595,-0.0034271299297891,-0.0301041516623706,-0.0032119781976087,-0.0172057883442622,-0.0035206271386156,-0.0089625571355651,-0.0041354465369405,338.741501,1168.22573,1357057.39,10.0,35000,0.78,25000,388.93413,1326.60604,3457274.52,15.0,0.0,0.0,120000,364.501708,1209.69459,2258237.07,10.0,15000,0.55,120000,340.280282,1183.26153,1398634.57,10.0,35000,0.78,120000
615,-0.0092395672422725,-0.005252764833992,-0.003377168419897,-0.0034357759552289,-0.0302551030013652,-0.0032692507281409,-0.0173156442229864,-0.003523357090632,-0.0090395892918104,-0.0042234859602325,338.766735,1168.6269,1356855.64,10.0,35000,0.78,25000,388.958376,1327.09626,3456731.3,15.0,0.0,0.0,120000,364.523344,1210.15207,2257857.44,10.0,15000,0.55,120000,340.306427,1183.65698,1398418.2,10.0,35000,0.78,120000
616,-0.0092962095489064,-0.0053269116206735,-0.0033980743703171,-0.0034655681900407,-0.0304066614113854,-0.0032969500301366,-0.0174374757333979,-0.0035243412429481,-0.0091390371328022,-0.0042704967216531,338.783156,1169.01953,1356669.47,10.0,35000,0.78,25000,388.970818,1327.55689,3456106.71,15.0,0.0,0.0,120000,364.534146,1210.57397,2257393.27,10.0,15000,0.55,120000,340.320148,1184.01907,1398141.3,10.0,35000,0.78,120000
617,-0.0093900156072147,-0.0053933271740186,-0.0034149310911942,-0.003497709373402,-0.0305467477957075,-0.0033595800826429,-0.0175580406426328,-0.0035332595975887,-0.0092100811014689,-0.0042787179633596,338.802947,1169.37138,1356520.39,10.0,35000,0.78,25000,388.986012,1327.96474,3455551.51,15.0,0.0,0.0,120000,364.547655,1210.94477,2256971.9,10.0,15000,0.55,120000,340.33671,1184.33434,1397889.69,10.0,35000,0.78,120000
618,-0.0094424426025614,-0.0054302531821956,-0.0034761569327153,-0.0035243020309012,-0.0306900378925572,-0.0033711422951069,-0.0176798785256244,-0.0035408274862156,-0.009283801611515,-0.0042890440457212,338.819686,1169.73406,1356385.5,10.0,35000,0.78,25000,388.999674,1328.3957,3455109.05,15.0,0.0,0.0,120000,364.55984,1211.3403,2256634.98,10.0,15000,0.55,120000,340.35209,1184.67602,1397697.12,10.0,35000,0.78,120000
619,-0.009503534556724,-0.0055000551556709,-0.003484987076347,-0.0035495524478099,-0.0308428694563253,-0.0033762779162672,-0.0177881692678603,-0.0035462380283751,-0.0094068323847036,-0.0043071288178214,338.833172,1170.10809,1356243.51,10.0,35000,0.78,25000,389.010569,1328.8343,3454659.21,15.0,0.0,0.0,120000,364.569224,1211.74226,2256295.66,10.0,15000,0.55,120000,340.363801,1185.03069,1397496.82,10.0,35000,0.78,120000
620,-0.0095549834805108,-0.0055350246972894,-0.0035241081659376,-0.0035743211376361,-0.0310057160117598,-0.0034092868571092,-0.0178937225522245,-0.003578756105607,-0.0094672196620425,-0.0043434766760212,338.852093,1170.46412,1356120.56,10.0,35000,0.78,25000,389.025687,1329.25886,3454211.26,15.0,0.0,0.0,120000,364.582599,1212.13104,2255956.89,10.0,15000,0.55,120000,340.380922,1185.35838,1397303.51,10.0,35000,0.78,120000
621,-0.009602324881322,-0.0055499499283023,-0.0035493433743895,-0.0035849509981151,-0.0311796190576492,-0.0034333142888975,-0.0180411869659765,-0.0036121409594279,-0.0095359069976813,-0.0043733359615762,338.872846,1170.88185,1355949.62,10.0,35000,0.78,25000,389.044482,1329.77344,3453733.86,15.0,0.0,0.0,120000,364.599107,1212.60904,2255616.14,10.0,15000,0.55,120000,340.402246,1185.76447,1397114.84,10.0,35000,0.78,120000
622,-0.0097078397336507,-0.0056169470059385,-0.0035850798232057,-0.0036425741577762,-0.0313382224500966,-0.0034758963218273,-0.0181668138637532,-0.0036302716432638,-0.0096048539320094,-0.0044168672736226,338.902075,1171.27725,1355797.18,10.0,35000,0.78,25000,389.064421,1330.21938,3452972.91,15.0,0.0,0.0,120000,364.617132,1213.00583,2255022.8,10.0,15000,0.55,120000,340.424687,1186.08436,1396763.77,10.0,35000,0.78,120000
623,-0.0097856396801428,-0.0056940789046037,-0.0036407241635792,-0.0036726817772483,-0.0314954934010744,-0.0035298600051362,-0.0182945226760717,-0.0036648213423607,-0.0096526728454166,-0.0044242774202936,338.919654,1171.65534,1355668.44,10.0,35000,0.78,25000,389.077838,1330.66045,3452494.54,15.0,0.0,0.0,120000,364.628729,1213.40687,2254655.89,10.0,15000,0.55,120000,340.43922,1186.42841,1396546.96,10.0,35000,0.78,120000
624,-0.0098361382186286,-0.0057795546118443,-0.0036590579126589,-0.0037488701648581,-0.0316451051702377,-0.003569681071034,-0.0184418243697587,-0.0036661016117051,-0.0097228336855339,-0.0044450056025421,338.94736,1172.04184,1355486.73,10.0,35000,0.78,25000,389.09258,1331.08288,3451510.0,15.0,0.0,0.0,120000,364.642063,1213.77452,2253886.52,10.0,15000,0.55,120000,340.456795,1186.70899,1396085.64,10.0,35000,0.78,120000
625,-0.0098853826693579,-0.0057958129482746,-0.0037034761226045,-0.0037795670371671,-0.0318095170647813,-0.0035871774439074,-0.0185690094928895,-0.0037062441417773,-0.0098284699162681,-0.0044852505218223,338.969028,1172.44642,1355389.13,10.0,35000,0.78,25000,389.110034,1331.5639,3451121.12,15.0,0.0,0.0,120000,364.657666,1214.21436,2253580.6,10.0,15000,0.55,120000,340.476813,1187.08366,1395922.63,10.0,35000,0.78,120000
626,-0.0099305665171747,-0.0058508291299517,-0.003733009807638,-0.0038164889959829,-0.0319592227900532,-0.0036159050766459,-0.0187152993931234,-0.0037283014727817,-0.0098948900899285,-0.0045070053554796,338.989929,1172.83816,1355227.01,10.0,35000,0.78,25000,389.124761,1332.02193,3450481.8,15.0,0.0,0.0,120000,364.670558,1214.62909,2253096.54,10.0,15000,0.55,120000,340.493723,1187.42715,1395640.86,10.0,35000,0.78,120000
627,-0.0099750163767284,-0.0058997049633741,-0.0037575737668331,-0.0038431214625014,-0.0321149776698368,-0.0036313577518516,-0.0188633750249633,-0.0037366412429505,-0.0099547783755085,-0.0045157913356038,339.009572,1173.23398,1355033.54,10.0,35000,0.78,25000,389.139779,1332.49339,3449832.33,15.0,0.0,0.0,120000,364.683576,1215.05964,2252619.96,10.0,15000,0.55,120000,340.510808,1187.78795,1395364.28,10.0,35000,0.78,120000
628,-0.0100369692563034,-0.0059214051652411,-0.0037881848303661,-0.0038583333143226,-0.0322891279653083,-0.0036734986687477,-0.0189714293783378,-0.0037614493103439,-0.0100504499082895,-0.0045427034968141,339.027866,1173.62055,1354911.42,10.0,35000,0.78,25000,389.156316,1332.96051,3449483.12,15.0,0.0,0.0,120000,364.69807,1215.49072,2252362.98,10.0,15000,0.55,120000,340.529215,1188.16471,1395227.87,10.0,35000,0.78,120000
629,-0.0101489430383691,-0.0059560809528049,-0.0038212840575307,-0.0038992135006425,-0.0324379765297971,-0.0037049638669714,-0.0191195788599443,-0.0037795597507233,-0.0101219948963678,-0.0045489642071836,339.056793,1174.02367,1354767.4,10.0,35000,0.78,25000,389.178678,1333.42967,3448878.98,15.0,0.0,0.0,120000,364.718192,1215.91442,2251898.14,10.0,15000,0.55,120000,340.554268,1188.5186,1394962.86,10.0,35000,0.78,120000
630,-0.010196441160465,-0.0059822863807584,-0.0038316477651154,-0.0039339805732385,-0.0325998903804501,-0.0037316676590984,-0.0192378667221429,-0.0038219883169268,-0.0101708398841748,-0.0045838737231384,339.081649,1174.37899,1354640.68,10.0,35000,0.78,25000,389.196546,1333.84809,3448299.58,15.0,0.0,0.0,120000,364.734071,1216.29222,2251455.34,10.0,15000,0.55,120000,340.575077,1188.82195,1394711.77,10.0,35000,0.78,120000
631,-0.0102536827237671,-0.006005623247252,-0.0038694211393785,-0.0039847263783157,-0.0327986979307132,-0.0037655830095465,-0.0193839029860842,-0.0038254018693376,-0.0102957451448677,-0.0046135026731575,339.110622,1174.84891,1354471.24,10.0,35000,0.78,25000,389.217534,1334.39661,3447585.16,15.0,0.0,0.0,120000,364.752938,1216.78588,2250904.08,10.0,15000,0.55,120000,340.599572,1189.23611,1394404.82,10.0,35000,0.78,120000
632,-0.010302867267041,-0.006036653967713,-0.0039407181756485,-0.0040402504572919,-0.0329790568429583,-0.0037776403034376,-0.0195043308196157,-0.0038730235192675,-0.010356477671708,-0.0046749836903968,339.139494,1175.25798,1354365.03,10.0,35000,0.78,25000,389.236824,1334.86744,3446954.45,15.0,0.0,0.0,120000,364.770287,1217.20549,2250400.19,10.0,15000,0.55,120000,340.62231,1189.57525,1394123.03,10.0,35000,0.78,120000
633,-0.0103488171100955,-0.006108522276569,-0.0039811374490158,-0.0040570155035612,-0.0331340317903646,-0.0037848664310762,-0.0196429376339697,-0.0039519087188654,-0.0104105741303482,-0.0047218291202506,339.154923,1175.66123,1354259.1,10.0,35000,0.78,25000,389.249294,1335.34948,3446595.02,15.0,0.0,0.0,120000,364.780582,1217.64805,2250127.64,10.0,15000,0.55,120000,340.635971,1189.95855,1393969.99,10.0,35000,0.78,120000
634,-0.0103998603124617,-0.0061335863678557,-0.0040011419675643,-0.004085597227372,-0.0332918013756396,-0.0038090492965196,-0.0197523902249673,-0.0039799374475451,-0.0104887507196529,-0.004729837457531,339.175112,1176.01057,1354155.66,10.0,35000,0.78,25000,389.264714,1335.76192,3446174.64,15.0,0.0,0.0,120000,364.794226,1218.02196,2249802.35,10.0,15000,0.55,120000,340.653632,1190.27684,1393791.79,10.0,35000,0.78,120000
635,-0.0104703039023328,-0.0061687501323265,-0.0040750617694574,-0.0041090621643756,-0.0334390662282892,-0.0038224444098198,-0.0198984593100303,-0.0040102313267285,-0.010548228034127,-0.004765798313213,339.196666,1176.42825,1354011.37,10.0,35000,0.78,25000,389.282728,1336.26191,3445704.87,15.0,0.0,0.0,120000,364.809946,1218.47945,2249451.71,10.0,15000,0.55,120000,340.673719,1190.67402,1393599.88,10.0,35000,0.78,120000
636,-0.0105217334422372,-0.0062072269458303,-0.0041026023385455,-0.0041771993077883,-0.0335888246624921,-0.0038574545624815,-0.0200266614295974,-0.0040362603611636,-0.0106270613633885,-0.0047853112051842,339.226138,1176.79164,1353910.63,10.0,35000,0.78,25000,389.300227,1336.66488,3444994.97,15.0,0.0,0.0,120000,364.825892,1218.83051,2248878.43,10.0,15000,0.55,120000,340.694681,1190.95086,1393270.62,10.0,35000,0.78,120000
637,-0.0105704398462856,-0.0062227747247796,-0.0041261771383794,-0.0042100582744626,-0.0337674538662058,-0.0039288164082374,-0.0202204069840889,-0.0041080126870028,-0.0107152152667417,-0.0048560569841104,339.25742,1177.29359,1353757.92,10.0,35000,0.78,25000,389.324291,1337.2669,3444375.52,15.0,0.0,0.0,120000,364.847022,1219.37936,2248410.56,10.0,15000,0.55,120000,340.722694,1191.40993,1393017.96,10.0,35000,0.78,120000
638,-0.0106712332659105,-0.0062906088791684,-0.0041933836464863,-0.0042512652806282,-0.0339657479876831,-0.0039399779934122,-0.0203675433900794,-0.0041083495645529,-0.0107790222018539,-0.0049321820792508,339.287861,1177.79932,1353506.34,10.0,35000,0.78,25000,389.347253,1337.86189,3443470.4,15.0,0.0,0.0,120000,364.867001,1219.91774,2247744.86,10.0,15000,0.55,120000,340.748213,1191.86622,1392633.67,10.0,35000,0.78,120000
639,-0.0107401356702115,-0.0063478345063368,-0.0042027301063588,-0.0043035407890923,-0.0341324404233819,-0.0039539786644704,-0.0204815923474697,-0.0041492886450555,-0.0108243757447239,-0.0050009782627365,339.318013,1178.18036,1353354.71,10.0,35000,0.78,25000,389.366657,1338.29584,3442674.91,15.0,0.0,0.0,120000,364.884124,1220.30201,2247133.96,10.0,15000,0.55,120000,340.770619,1192.16997,1392277.47,10.0,35000,0.78,120000
640,-0.0107982814397723,-0.0063631814005316,-0.0042145405721235,-0.0043497783512879,-0.0342748021047574,-0.0039977885785132,-0.0206022765506247,-0.0041654345535013,-0.01089376692761,-0.0050395664629833,339.346754,1178.5348,1353219.63,10.0,35000,0.78,25000,389.386433,1338.70372,3442006.43,15.0,0.0,0.0,120000,364.901906,1220.66493,2246619.5,10.0,15000,0.55,120000,340.793756,1192.46363,1391986.2,10.0,35000,0.78,120000
641,-0.0109221726500907,-0.0063775673934798,-0.0042349616311068,-0.0043625574598559,-0.0345055485698848,-0.0040186098199453,-0.0207502233923589,-0.0042314846605238,-0.0109467905125299,-0.0051108514945119,339.381801,1179.05177,1353029.43,10.0,35000,0.78,25000,389.417379,1339.33443,3441410.68,15.0,0.0,0.0,120000,364.928998,1221.24653,2246195.04,10.0,15000,0.55,120000,340.828078,1192.95949,1391757.67,10.0,35000,0.78,120000
642,-0.0109792359104753,-0.0064082876416492,-0.0042522445335597,-0.0043902478472286,-0.0346534026571739,-0.0040233089306788,-0.0208649530152829,-0.004299014053622,-0.011027602116226,-0.0051429551454376,339.402691,1179.41306,1352970.41,10.0,35000,0.78,25000,389.433404,1339.7579,3441100.39,15.0,0.0,0.0,120000,364.943054,1221.63058,2245943.79,10.0,15000,0.55,120000,340.846231,1193.28993,1391623.71,10.0,35000,0.78,120000
643,-0.0110287143119043,-0.0064463083219033,-0.004267072210509,-0.0044580360935887,-0.034808055526176,-0.0040387371403605,-0.0209840372453526,-0.0043073667557555,-0.0110853758929569,-0.0052076540248788,339.435907,1179.78907,1352796.34,10.0,35000,0.78,25000,389.453369,1340.17562,3440149.77,15.0,0.0,0.0,120000,364.961085,1221.99391,2245211.64,10.0,15000,0.55,120000,340.870099,1193.56946,1391197.56,10.0,35000,0.78,120000
644,-0.0111160281858604,-0.0065233861859797,-0.0042787397260768,-0.0044940416425116,-0.0349836500938151,-0.0040571113455366,-0.0211203373619845,-0.0043613582522814,-0.0111521588986162,-0.0052340364875315,339.460096,1180.21456,1352659.21,10.0,35000,0.78,25000,389.470858,1340.6667,3439564.13,15.0,0.0,0.0,120000,364.976221,1222.43603,2244764.23,10.0,15000,0.55,120000,340.889484,1193.94755,1390936.92,10.0,35000,0.78,120000
645,-0.0111929843791071,-0.0065473925413745,-0.0043066323889368,-0.0045134997909323,-0.0351229287887124,-0.004089376046898,-0.0212391033055019,-0.0043803972266689,-0.0112215064525007,-0.0052976818241536,339.483215,1180.60063,1352498.98,10.0,35000,0.78,25000,389.490208,1341.12625,3439040.72,15.0,0.0,0.0,120000,364.993251,1222.85563,2244386.16,10.0,15000,0.55,120000,340.911113,1194.31134,1390727.12,10.0,35000,0.78,120000
646,-0.0112714208282854,-0.0066143868348026,-0.0043287475634098,-0.0045674502255387,-0.0352905748639744,-0.0040939277485276,-0.0213731909131417,-0.0043956132884466,-0.0112779203051538,-0.0053348307617938,339.512512,1181.01862,1352311.36,10.0,35000,0.78,25000,389.509297,1341.59869,3438183.66,15.0,0.0,0.0,120000,365.010226,1223.27338,2243736.09,10.0,15000,0.55,120000,340.933061,1194.65517,1390345.04,10.0,35000,0.78,120000
647,-0.01131877878717,-0.0066401747685831,-0.004359922835493,-0.0046165374214537,-0.035461547098455,-0.0041078981167228,-0.021483340050363,-0.0043979263595207,-0.0113322772077113,-0.0053480195042666,339.539572,1181.38608,1352154.25,10.0,35000,0.78,25000,389.527135,1342.01775,3437455.21,15.0,0.0,0.0,120000,365.026406,1223.64372,2243181.01,10.0,15000,0.55,120000,340.954246,1194.95896,1390025.92,10.0,35000,0.78,120000
648,-0.0113843165014884,-0.0066560409020097,-0.0043939226998301,-0.0046996736322433,-0.0356033858522106,-0.0041327679131356,-0.0215883707307936,-0.0044059214985544,-0.0114068548368338,-0.0054099965550969,339.576799,1181.74045,1352038.93,10.0,35000,0.78,25000,389.549153,1342.39678,3436579.74,15.0,0.0,0.0,120000,365.047073,1223.96514,2242483.31,10.0,15000,0.55,120000,340.980934,1195.20341,1389624.28,10.0,35000,0.78,120000
649,-0.0114638045982763,-0.0067088066611757,-0.0044073725842972,-0.0047451931046365,-0.0357778685218481,-0.004171200369863,-0.0216951431574086,-0.0044480067135847,-0.0114563325190854,-0.0054189806140915,339.603101,1182.10504,1351930.04,10.0,35000,0.78,25000,389.566786,1342.80781,3435990.34,15.0,0.0,0.0,120000,365.062964,1224.32845,2242023.84,10.0,15000,0.55,120000,341.001233,1195.50639,1389356.37,10.0,35000,0.78,120000
650,-0.0115132569759867,-0.0067704637667709,-0.0044593877280953,-0.0048184429278487,-0.0359475366436663,-0.0042213959156236,-0.0218042477077331,-0.0044519201444798,-0.0115347336172598,-0.0054319451929562,339.629796,1182.48399,1351806.92,10.0,35000,0.78,25000,389.581225,1343.21682,3435219.01,15.0,0.0,0.0,120000,365.076326,1224.68077,2241409.1,10.0,15000,0.55,120000,341.018736,1195.79692,1388995.73,10.0,35000,0.78,120000
651,-0.0115646429085143,-0.0068660926713752,-0.0044812404377587,-0.0048690165566804,-0.036096725568067,-0.0042631224999479,-0.0219520183485218,-0.0044931687342893,-0.011630955798771,-0.0054662115660788,339.650164,1182.91103,1351674.3,10.0,35000,0.78,25000,389.593097,1343.6945,3434573.9,15.0,0.0,0.0,120000,365.086689,1225.10388,2240908.28,10.0,15000,0.55,120000,341.032438,1196.16289,1388698.41,10.0,35000,0.78,120000
652,-0.0116252414460286,-0.0069027845034021,-0.0044924745149353,-0.0049150218842537,-0.0362400332878915,-0.0043184417896032,-0.0220878940104321,-0.0045084281577764,-0.0116867929647298,-0.0055054918490714,339.678499,1183.29587,1351502.3,10.0,35000,0.78,25000,389.612074,1344.13197,3433803.65,15.0,0.0,0.0,120000,365.103951,1225.49079,2240330.93,10.0,15000,0.55,120000,341.0548,1196.48293,1388362.36,10.0,35000,0.78,120000
653,-0.0116986754781021,-0.0069488612909569,-0.0045031605243878,-0.0049369299396066,-0.0364605340752291,-0.0043280575047889,-0.0221950061561807,-0.0045308006654874,-0.0117807754559,-0.0055285491952045,339.700764,1183.74821,1351329.83,10.0,35000,0.78,25000,389.630404,1344.66795,3433248.54,15.0,0.0,0.0,120000,365.120111,1225.97615,2239933.88,10.0,15000,0.55,120000,341.075326,1196.9121,1388137.71,10.0,35000,0.78,120000
654,-0.0117743867225008,-0.0070090233364012,-0.0045246705567738,-0.0049473611077987,-0.036633245831213,-0.0043492145729691,-0.0223032397435478,-0.0045483336193509,-0.0118318583748099,-0.0055479273235057,339.717752,1184.14137,1351149.65,10.0,35000,0.78,25000,389.645313,1345.13775,3432739.4,15.0,0.0,0.0,120000,365.13296,1226.40355,2239583.06,10.0,15000,0.55,120000,341.0915,1197.29381,1387933.45,10.0,35000,0.78,120000
655,-0.0118460291842137,-0.0071070310405895,-0.0045468661730488,-0.0049742798177018,-0.0368013042221299,-0.0043950149779975,-0.0224537019037308,-0.0045693533944572,-0.011944947189878,-0.0055861002586785,339.734622,1184.62084,1350958.75,10.0,35000,0.78,25000,389.658304,1345.69429,3432135.2,15.0,0.0,0.0,120000,365.143904,1226.90498,2239146.5,10.0,15000,0.55,120000,341.105557,1197.7476,1387676.12,10.0,35000,0.78,120000
656,-0.0119567865533192,-0.0071515767713697,-0.0045776232847101,-0.0049972764969778,-0.0369716527168645,-0.0044118661187446,-0.0225697722456896,-0.0046192643131081,-0.0120061897757659,-0.0056221134089513,339.759584,1185.03744,1350835.25,10.0,35000,0.78,25000,389.679015,1346.18215,3431691.26,15.0,0.0,0.0,120000,365.162344,1227.3445,2238821.3,10.0,15000,0.55,120000,341.128512,1198.13693,1387493.44,10.0,35000,0.78,120000
657,-0.0120314537517283,-0.0071745739397074,-0.0046013341707331,-0.0050255470282467,-0.0371284088339543,-0.0044374628631412,-0.0226913091505807,-0.004695701413788,-0.0120615102875034,-0.0056400887710872,339.784153,1185.4138,1350774.56,10.0,35000,0.78,25000,389.697958,1346.61978,3431360.61,15.0,0.0,0.0,120000,365.179432,1227.73595,2238562.72,10.0,15000,0.55,120000,341.150421,1198.47714,1387354.58,10.0,35000,0.78,120000
658,-0.0121045283574999,-0.0072170998858736,-0.004639146141454,-0.0050846431898087,-0.0372766056039329,-0.0044492420794222,-0.0228044117371485,-0.0047342219569367,-0.0121096384056135,-0.0056477023399423,339.812524,1185.76725,1350687.85,10.0,35000,0.78,25000,389.715574,1347.00736,3430748.84,15.0,0.0,0.0,120000,365.195694,1228.06963,2238075.95,10.0,15000,0.55,120000,341.171462,1198.75379,1387072.27,10.0,35000,0.78,120000
659,-0.0121844506580567,-0.0072317926207759,-0.0046887102020598,-0.005109114736633,-0.0374208159305415,-0.0044811470286106,-0.0229325291094942,-0.0047406429708943,-0.0121655753365912,-0.0056741863134555,339.837145,1186.16471,1350521.95,10.0,35000,0.78,25000,389.73569,1347.4749,3430198.35,15.0,0.0,0.0,120000,365.213801,1228.4902,2237680.54,10.0,15000,0.55,120000,341.194624,1199.12452,1386851.12,10.0,35000,0.78,120000
660,-0.0122544446510243,-0.0072908415715025,-0.0047080148561782,-0.0051406934386401,-0.037560244493586,-0.0044895103849445,-0.0230837579049196,-0.0047524338593246,-0.0122149805782569,-0.0057335884758542,339.862472,1186.599,1350292.96,10.0,35000,0.78,25000,389.754116,1347.97826,3429382.98,15.0,0.0,0.0,120000,365.229998,1228.93957,2237096.76,10.0,15000,0.55,120000,341.216018,1199.51112,1386508.6,10.0,35000,0.78,120000
661,-0.0122988221468279,-0.0073089092789447,-0.0047275014744318,-0.0051643699920345,-0.0377375580143308,-0.0044996019872852,-0.0231916573458584,-0.0047832889679184,-0.0123294400516858,-0.0057605235254405,339.882168,1187.01063,1350182.6,10.0,35000,0.78,25000,389.770023,1348.4616,3429004.42,15.0,0.0,0.0,120000,365.244167,1229.37542,2236816.7,10.0,15000,0.55,120000,341.234768,1199.90232,1386361.38,10.0,35000,0.78,120000
662,-0.012347184373104,-0.0073511149487961,-0.0047965323517486,-0.0051822326556311,-0.0378822171434462,-0.0045106301845615,-0.0233314683171836,-0.0048303150832011,-0.012373984417064,-0.0057755720344734,339.899128,1187.41523,1350062.39,10.0,35000,0.78,25000,389.784017,1348.9389,3428634.12,15.0,0.0,0.0,120000,365.256309,1229.80736,2236547.74,10.0,15000,0.55,120000,341.250933,1200.28893,1386214.92,10.0,35000,0.78,120000
663,-0.0123984470369936,-0.0074257661446797,-0.0048082537258258,-0.0052115265593127,-0.0380259000389688,-0.0045201724771629,-0.023466883044409,-0.0048729146502432,-0.0124263511510471,-0.0057842591151649,339.917064,1187.80023,1349921.31,10.0,35000,0.78,25000,389.796158,1349.37973,3428087.6,15.0,0.0,0.0,120000,365.266715,1230.20038,2236142.94,10.0,15000,0.55,120000,341.2651,1200.63142,1385977.16,10.0,35000,0.78,120000
664,-0.012448382365852,-0.0074435838218668,-0.0048917940091006,-0.0052375485821101,-0.0382437007017692,-0.0045289250679928,-0.0235871115863201,-0.0048813085229643,-0.012519769657952,-0.005795317090507,339.938656,1188.28218,1349760.97,10.0,35000,0.78,25000,389.814158,1349.94835,3427605.87,15.0,0.0,0.0,120000,365.282719,1230.71407,2235793.41,10.0,15000,0.55,120000,341.286311,1201.09335,1385793.66,10.0,35000,0.78,120000
665,-0.0125530731231288,-0.0074868863014344,-0.0049585959999261,-0.0052480482377949,-0.0383959929321069,-0.0045889001793899,-0.0237051769997375,-0.0048863580984535,-0.012578807344497,-0.0058343777188926,339.958191,1188.7043,1349581.51,10.0,35000,0.78,25000,389.832425,1350.44527,3427151.64,15.0,0.0,0.0,120000,365.298715,1231.16984,2235478.92,10.0,15000,0.55,120000,341.306438,1201.50922,1385619.74,10.0,35000,0.78,120000
666,-0.0126220444990589,-0.007532355197942,-0.0049728442725193,-0.0052665589603248,-0.0385996914537864,-0.0046093448399047,-0.0238364650017885,-0.0049275234939131,-0.0126676969895474,-0.0058650182922659,339.980479,1189.18114,1349413.72,10.0,35000,0.78,25000,389.850815,1351.00289,3426638.89,15.0,0.0,0.0,120000,365.314773,1231.67815,2235111.18,10.0,15000,0.55,120000,341.32781,1201.96178,1385416.16,10.0,35000,0.78,120000
667,-0.0126696399754703,-0.0075657376327083,-0.0050231170677114,-0.0052870476347523,-0.0388041299946652,-0.0046475956873449,-0.0239613177388764,-0.004932030166252,-0.0127172824042698,-0.0059208388396841,340.004195,1189.65441,1349174.65,10.0,35000,0.78,25000,389.869648,1351.55863,3425908.83,15.0,0.0,0.0,120000,365.331265,1232.18375,2234598.19,10.0,15000,0.55,120000,341.350298,1202.4045,1385126.32,10.0,35000,0.78,120000
668,-0.0127365105614818,-0.0075962240348918,-0.0050343388955917,-0.0053108383772378,-0.0389438555698304,-0.0046717729165727,-0.0240987149926383,-0.0049458007577088,-0.0128001402426637,-0.0059551927672999,340.026965,1190.06866,1349000.56,10.0,35000,0.78,25000,389.887547,1352.03749,3425335.6,15.0,0.0,0.0,120000,365.347156,1232.61779,2234183.97,10.0,15000,0.55,120000,341.371385,1202.78753,1384893.36,10.0,35000,0.78,120000
669,-0.0127858185420669,-0.0076161045111496,-0.0050611024321667,-0.0053602527278042,-0.0390983386964006,-0.0047137432653548,-0.0242119430262841,-0.004994435849816,-0.0128933287208721,-0.0059909864659949,340.053321,1190.45407,1348930.99,10.0,35000,0.78,25000,389.904808,1352.46421,3424860.78,15.0,0.0,0.0,120000,365.362989,1232.99496,2233799.93,10.0,15000,0.55,120000,341.392796,1203.11177,1384681.71,10.0,35000,0.78,120000
670,-0.0128325063335381,-0.0076523489243372,-0.0051086528276888,-0.0054020517090464,-0.039240875378713,-0.0047360682031696,-0.0243380061609546,-0.0049975364408431,-0.0129450086489198,-0.0060575093832864,340.079196,1190.86381,1348734.06,10.0,35000,0.78,25000,389.922154,1352.92626,3424081.69,15.0,0.0,0.0,120000,365.378526,1233.40667,2233224.91,10.0,15000,0.55,120000,341.414119,1203.4633,1384350.76,10.0,35000,0.78,120000
671,-0.012900672378973,-0.0076673027933566,-0.0051265809813161,-0.0054284556982122,-0.0394405224167684,-0.0048080824487674,-0.0244481207903208,-0.0050266811066191,-0.0129981622603244,-0.0060661757605888,340.105522,1191.27497,1348585.46,10.0,35000,0.78,25000,389.942397,1353.40049,3423540.79,15.0,0.0,0.0,120000,365.396686,1233.83515,2232827.15,10.0,15000,0.55,120000,341.43844,1203.83693,1384129.47,10.0,35000,0.78,120000
672,-0.0129526923988573,-0.0076860995062489,-0.005205902823399,-0.0054549308770819,-0.0396001433191483,-0.0048388671703807,-0.0245606646529905,-0.0050426325191928,-0.0130986643587235,-0.0060806770852959,340.123407,1191.68739,1348485.38,10.0,35000,0.78,25000,389.957093,1353.87593,3423227.56,15.0,0.0,0.0,120000,365.409833,1234.26694,2232585.33,10.0,15000,0.55,120000,341.455869,1204.23293,1384006.37,10.0,35000,0.78,120000
673,-0.0130426868464313,-0.0077187428123618,-0.005226889153826,-0.0054857611116686,-0.0397425565591705,-0.0048831420692162,-0.0246856041483042,-0.0050655696597893,-0.0131697735721932,-0.0060899010731658,340.14779,1192.07609,1348356.18,10.0,35000,0.78,25000,389.975664,1354.31609,3422733.25,15.0,0.0,0.0,120000,365.42651,1234.66299,2232212.9,10.0,15000,0.55,120000,341.477637,1204.58414,1383797.12,10.0,35000,0.78,120000
674,-0.0131158547432684,-0.0077524054839206,-0.0052613875421591,-0.0055068482979508,-0.0398919259282877,-0.0048890334766359,-0.0248663865632766,-0.0051190121110984,-0.0132168341066104,-0.0060980441506111,340.173075,1192.54299,1348195.04,10.0,35000,0.78,25000,389.995876,1354.85822,3422210.7,15.0,0.0,0.0,120000,365.444322,1235.15652,2231832.44,10.0,15000,0.55,120000,341.501649,1205.02114,1383584.61,10.0,35000,0.78,120000
675,-0.0131981010448008,-0.007822887062939,-0.0052814941210949,-0.0055708195736776,-0.0400338559487977,-0.0049602663591324,-0.0249892003920985,-0.0051473847165115,-0.0133025026058604,-0.0061276743342472,340.200797,1192.93651,1348083.13,10.0,35000,0.78,25000,390.011995,1355.27603,3421521.57,15.0,0.0,0.0,120000,365.458964,1235.51973,2231284.03,10.0,15000,0.55,120000,341.521338,1205.33304,1383261.35,10.0,35000,0.78,120000
676,-0.0070439608059295,-0.0039563215373957,-0.0025645933694855,-0.0026734269547522,-0.0220760962444344,-0.0025182781097965,-0.0137379207522955,-0.0026036460806318,-0.0070313344582949,-0.00309151804812,337.960698,1154.44707,1363400.47,10.0,35000,0.78,25000,388.289994,1309.86337,3477538.49,15.0,0.0,0.0,120000,363.922953,1194.05188,2273306.69,10.0,15000,0.55,120000,339.543261,1170.23973,1407936.56,10.0,35000,0.78,120000
677,-0.0072979196429871,-0.0040304203130013,-0.0026702230886225,-0.0027583764489121,-0.0228585542858374,-0.0025370999746406,-0.0143739557372826,-0.0026251662209943,-0.0073012089577333,-0.0031417256160255,338.061529,1156.17088,1362446.66,10.0,35000,0.78,25000,388.375951,1311.94303,3474865.87,15.0,0.0,0.0,120000,364.000617,1196.01964,2271328.84,10.0,15000,0.55,120000,339.641251,1171.84216,1406691.59,10.0,35000,0.78,120000
678,-0.0074789079307335,-0.0040726940248533,-0.0027512974116361,-0.0028067579105413,-0.0232691357809739,-0.002557658977888,-0.0146795289330969,-0.0026509549214598,-0.0074154369236625,-0.0032081347470165,338.119533,1157.06103,1361978.45,10.0,35000,0.78,25000,388.425374,1313.01981,3473477.51,15.0,0.0,0.0,120000,364.045238,1197.03725,2270295.3,10.0,15000,0.55,120000,339.697447,1172.67925,1406039.33,10.0,35000,0.78,120000
679,-0.0075648859282633,-0.0041303942480353,-0.0027856962838787,-0.0028395144082533,-0.0235506852718407,-0.002631320116166,-0.0148404837129526,-0.0027004089024694,-0.0075480610937731,-0.0032493524485559,338.147236,1157.6135,1361785.55,10.0,35000,0.78,25000,388.448588,1313.68191,3472875.4,15.0,0.0,0.0,120000,364.065906,1197.65978,2269826.23,10.0,15000,0.55,120000,339.723675,1173.20696,1405745.89,10.0,35000,0.78,120000
680,-0.0076253837682534,-0.0041607067063651,-0.0028062034400048,-0.0028906029746206,-0.02373786904879,-0.0026542789358152,-0.0149790135455614,-0.0027480054313302,-0.0076280156667522,-0.0032613061115602,338.175619,1157.99652,1361673.65,10.0,35000,0.78,25000,388.468436,1314.12524,3472295.51,15.0,0.0,0.0,120000,364.084171,1198.06872,2269349.5,10.0,15000,0.55,120000,339.747199,1173.53392,1405445.34,10.0,35000,0.78,120000
681,-0.0076805605926528,-0.0042020997077545,-0.0028168126910833,-0.0029110964493163,-0.0238886117891518,-0.0026872768695606,-0.0151008025335885,-0.0027505637016323,-0.0077057667893383,-0.0032889464025819,338.193886,1158.34576,1361490.51,10.0,35000,0.78,25000,388.483414,1314.54564,3471741.47,15.0,0.0,0.0,120000,364.097444,1198.464,2268937.36,10.0,15000,0.55,120000,339.764181,1173.86775,1405186.18,10.0,35000,0.78,120000
682,-0.0077509178416918,-0.0042345587587372,-0.0028581393986847,-0.0029531624950026,-0.0240557167609273,-0.0027284891921691,-0.0152399141897338,-0.0027791517531541,-0.0077640766100002,-0.0032988079917685,338.220165,1158.71311,1361354.92,10.0,35000,0.78,25000,388.502627,1314.97857,3471162.21,15.0,0.0,0.0,120000,364.115026,1198.86475,2268476.15,10.0,15000,0.55,120000,339.786553,1174.19477,1404898.2,10.0,35000,0.78,120000
683,-0.0077956867392849,-0.0042820913148643,-0.002924662680611,-0.0029659026548686,-0.0242145203354164,-0.0027773498614083,-0.0153709616375465,-0.0028020357795083,-0.007815926500219,-0.0033066649767157,338.233932,1159.07518,1361207.24,10.0,35000,0.78,25000,388.515004,1315.42232,3470786.11,15.0,0.0,0.0,120000,364.1258,1199.28373,2268194.58,10.0,15000,0.55,120000,339.800363,1174.56002,1404722.79,10.0,35000,0.78,120000
684,-0.007910346003831,-0.0043125776584285,-0.0029500558360748,-0.0029798039405077,-0.0243803967706023,-0.0028377342738124,-0.015529214823411,-0.0028304780730416,-0.0078649290695598,-0.0033223920401006,338.260116,1159.47722,1361021.91,10.0,35000,0.78,25000,388.538469,1315.91789,3470260.95,15.0,0.0,0.0,120000,364.146871,1199.75256,2267807.25,10.0,15000,0.55,120000,339.8264,1174.9572,1404482.54,10.0,35000,0.78,120000
685,-0.0080016500537627,-0.0043347627540998,-0.0029758083893973,-0.0030062814852067,-0.0245532988082359,-0.0028503076430454,-0.0156381467012921,-0.0028377519156564,-0.0079276702628604,-0.0033460745199742,338.285217,1159.832,1360855.94,10.0,35000,0.78,25000,388.559166,1316.34673,3469702.82,15.0,0.0,0.0,120000,364.165738,1200.15293,2267385.55,10.0,15000,0.55,120000,339.849931,1175.29319,1404219.78,10.0,35000,0.78,120000
686,-0.0080609414296208,-0.0043510502813805,-0.0030000838660763,-0.0030164623867285,-0.024697711792346,-0.002879086061132,-0.015759907045155,-0.0029139548757178,-0.007983514639146,-0.0033730244352806,338.303576,1160.15748,1360793.53,10.0,35000,0.78,25000,388.575714,1316.7499,3469517.93,15.0,0.0,0.0,120000,364.180587,1200.53258,2267235.21,10.0,15000,0.55,120000,339.868746,1175.6196,1404126.96,10.0,35000,0.78,120000
687,-0.0081098551355893,-0.0044425372229957,-0.0030160176961145,-0.0030606079031924,-0.0248488786092691,-0.0028870460237739,-0.0158786793216215,-0.0029364227679493,-0.0080603929129844,-0.0034151854068816,338.321595,1160.51216,1360634.73,10.0,35000,0.78,25000,388.586744,1317.15729,3468846.04,15.0,0.0,0.0,120000,364.190386,1200.90349,2266713.85,10.0,15000,0.55,120000,339.881628,1175.92957,1403791.13,10.0,35000,0.78,120000
688,-0.008221526598832,-0.0044647818307079,-0.0030578943696114,-0.0031193519602661,-0.0250492085824698,-0.002912278222719,-0.0160189092669982,-0.0030042450660378,-0.0081480339618226,-0.0034941533426363,338.359573,1160.95528,1360525.96,10.0,35000,0.78,25000,388.614862,1317.67532,3468202.4,15.0,0.0,0.0,120000,364.21656,1201.37684,2266188.13,10.0,15000,0.55,120000,339.914441,1176.31353,1403466.6,10.0,35000,0.78,120000
689,-0.0083118026737726,-0.0045204260921045,-0.0030658321220416,-0.0031504646266742,-0.0251942079895171,-0.0029329940859712,-0.0161884525990716,-0.0030165623801227,-0.0082223341644971,-0.0035007531689541,338.383802,1161.35589,1360326.83,10.0,35000,0.78,25000,388.634014,1318.15357,3467528.58,15.0,0.0,0.0,120000,364.233923,1201.81899,2265682.51,10.0,15000,0.55,120000,339.936197,1176.68799,1403149.33,10.0,35000,0.78,120000
690,-0.0083930949947242,-0.0045510970209066,-0.0031025830253216,-0.0031940991267155,-0.0253451932615504,-0.0029482769956548,-0.0163211314788352,-0.0030432829444987,-0.0082664619677401,-0.0035118729424473,338.411006,1161.70182,1360193.36,10.0,35000,0.78,25000,388.653942,1318.55966,3466921.02,15.0,0.0,0.0,120000,364.252471,1202.18954,2265205.24,10.0,15000,0.55,120000,339.959466,1176.98987,1402850.59,10.0,35000,0.78,120000
691,-0.0084503229602598,-0.0046079516510852,-0.0031438417603153,-0.0032063717784051,-0.0255010605409097,-0.0029654477835812,-0.0164601267714936,-0.0031042002494599,-0.0083272190695125,-0.0035223834542199,338.42535,1162.07436,1360087.43,10.0,35000,0.78,25000,388.666993,1319.01392,3466637.98,15.0,0.0,0.0,120000,364.263977,1202.61475,2264987.68,10.0,15000,0.55,120000,339.973985,1177.36392,1402714.57,10.0,35000,0.78,120000
692,-0.0084979469150702,-0.0046627961805682,-0.0031531581638655,-0.003254483329921,-0.0256425408039933,-0.0029972644325017,-0.0166301326337872,-0.0031121687197053,-0.0084086739476638,-0.0035414762459211,338.449924,1162.46634,1359892.82,10.0,35000,0.78,25000,388.683532,1319.47143,3465842.59,15.0,0.0,0.0,120000,364.279306,1203.03134,2264378.82,10.0,15000,0.55,120000,339.993755,1177.70515,1402335.64,10.0,35000,0.78,120000
693,-0.0085697038319487,-0.0046830212435525,-0.0031900412418242,-0.0032789588363985,-0.0258279556044873,-0.0030265582787389,-0.0167359036540862,-0.0031174000568676,-0.0084734247678543,-0.0035502941365046,338.47195,1162.82697,1359735.49,10.0,35000,0.78,25000,388.702034,1319.90856,3465331.38,15.0,0.0,0.0,120000,364.296359,1203.4363,2263996.18,10.0,15000,0.55,120000,340.014926,1178.05033,1402104.95,10.0,35000,0.78,120000
694,-0.0086419811213141,-0.0047220074232145,-0.0032437959256242,-0.0033048784204856,-0.0260333893938544,-0.0030868388032218,-0.0168900634503104,-0.003153750647011,-0.0085463150413933,-0.0035793123886359,338.49604,1163.28064,1359563.37,10.0,35000,0.78,25000,388.722398,1320.45926,3464778.85,15.0,0.0,0.0,120000,364.314951,1203.94755,2263581.19,10.0,15000,0.55,120000,340.038181,1178.48797,1401853.98,10.0,35000,0.78,120000
695,-0.0086918385867748,-0.0047707739230799,-0.0032640994145904,-0.0033160916551555,-0.0261991962631757,-0.0031095706306106,-0.0170625763442226,-0.0032010754788957,-0.0086339053476775,-0.0035990333646358,338.513207,1163.71432,1359398.53,10.0,35000,0.78,25000,388.738174,1320.99223,3464346.45,15.0,0.0,0.0,120000,364.329011,1204.44705,2263264.39,10.0,15000,0.55,120000,340.056036,1178.92351,1401661.19,10.0,35000,0.78,120000
696,-0.0087680252777967,-0.0048252422256549,-0.0032894064839783,-0.0033283527522784,-0.0263602001165766,-0.0031592784255359,-0.017209708683322,-0.0032272786024662,-0.0086778330188592,-0.003642711312209,338.533368,1164.1151,1359190.88,10.0,35000,0.78,25000,388.756059,1321.48328,3463750.8,15.0,0.0,0.0,120000,364.344958,1204.90599,2262837.95,10.0,15000,0.55,120000,340.075913,1179.3151,1401399.72,10.0,35000,0.78,120000
697,-0.008812719814596,-0.0048393273357257,-0.0033195254255994,-0.0033722686311997,-0.0265219928123528,-0.0031812363903677,-0.0173618041897732,-0.0032672669753358,-0.0087698373900095,-0.0036820005770949,338.560234,1164.51632,1359066.12,10.0,35000,0.78,25000,388.775887,1321.95888,3463174.7,15.0,0.0,0.0,120000,364.363521,1205.34186,2262381.47,10.0,15000,0.55,120000,340.099574,1179.67347,1401129.47,10.0,35000,0.78,120000
698,-0.0088590253092667,-0.0049236825400224,-0.003353492751737,-0.0033997824620671,-0.0266922632787618,-0.0031901416686493,-0.0174757330279268,-0.0032926491160947,-0.0088382198054669,-0.0037423632019413,338.575897,1164.90442,1358886.71,10.0,35000,0.78,25000,388.787501,1322.4187,3462564.34,15.0,0.0,0.0,120000,364.37371,1205.76632,2261925.35,10.0,15000,0.55,120000,340.112606,1180.03558,1400845.7,10.0,35000,0.78,120000
699,-0.008924488980367,-0.0049836506525876,-0.003371559989814,-0.0034123191262704,-0.0268446997049634,-0.0032521886725082,-0.0176105935519057,-0.0033200438757941,-0.0089075887968412,-0.0038121381112666,338.593593,1165.30148,1358693.14,10.0,35000,0.78,25000,388.803202,1322.90174,3462007.38,15.0,0.0,0.0,120000,364.387511,1206.21697,2261524.98,10.0,15000,0.55,120000,340.12989,1180.42296,1400605.16,10.0,35000,0.78,120000
700,-0.008989326768038,-0.0050292857503445,-0.0033950047290921,-0.0034653266984807,-0.0270029481901811,-0.0032724109251874,-0.0177526752560961,-0.0033460876043113,-0.0089730490752028,-0.0038397367260254,338.621192,1165.68178,1358542.4,10.0,35000,0.78,25000,388.821952,1323.34064,3461277.16,15.0,0.0,0.0,120000,364.404951,1206.61347,2260952.26,10.0,15000,0.55,120000,340.151953,1180.74096,1400256.9,10.0,35000,0.78,120000
701,-0.0090402845820913,-0.0050801069254807,-0.0034524538589203,-0.0035061191827022,-0.0271830999175189,-0.0032946225554382,-0.0178867988322587,-0.0033596383621701,-0.009017796900822,-0.0038488872703801,338.6436,1166.0715,1358369.28,10.0,35000,0.78,25000,388.837986,1323.7997,3460599.26,15.0,0.0,0.0,120000,364.419603,1207.03219,2260432.76,10.0,15000,0.55,120000,340.170645,1181.08792,1399942.26,10.0,35000,0.78,120000
702,-0.0091550410310063,-0.0051296701493948,-0.0035106054292551,-0.0035391590276045,-0.0273279443210039,-0.0033112009014685,-0.0180209838537222,-0.0034194630918756,-0.0090764740842004,-0.0038835068378761,338.668089,1166.45634,1358281.25,10.0,35000,0.78,25000,388.858,1324.25251,3460208.52,15.0,0.0,0.0,120000,364.437842,1207.44791,2260115.78,10.0,15000,0.55,120000,340.192708,1181.44305,1399753.58,10.0,35000,0.78,120000
703,-0.0092048245043034,-0.0051444367430098,-0.0035445062864939,-0.003548714408214,-0.0274724020817997,-0.0033532103463761,-0.0181275128942795,-0.0034227576096835,-0.009160636795104,-0.0039238008856397,338.683869,1166.80416,1358128.72,10.0,35000,0.78,25000,388.873067,1324.68029,3459818.62,15.0,0.0,0.0,120000,364.451326,1207.84739,2259837.01,10.0,15000,0.55,120000,340.209584,1181.79278,1399595.18,10.0,35000,0.78,120000
704,-0.00927116468113,-0.0051767937867771,-0.0035889000425319,-0.003561790480886,-0.0276378829540209,-0.0034295650227109,-0.0182415052370484,-0.0034509698585541,-0.0092105056756072,-0.0039487975246292,338.701696,1167.16395,1357989.85,10.0,35000,0.78,25000,388.889204,1325.11901,3459421.32,15.0,0.0,0.0,120000,364.465691,1208.25503,2259545.95,10.0,15000,0.55,120000,340.227492,1182.14473,1399426.71,10.0,35000,0.78,120000
705,-0.0093581858657372,-0.005196833706638,-0.0036298500706134,-0.0035926679082855,-0.0278179972698182,-0.0034517780608567,-0.0183650764617509,-0.0034812040125504,-0.0092801481427664,-0.0039972914097635,338.728743,1167.56969,1357841.09,10.0,35000,0.78,25000,388.911431,1325.60517,3458866.36,15.0,0.0,0.0,120000,364.485962,1208.70285,2259123.66,10.0,15000,0.55,120000,340.252732,1182.51919,1399181.88,10.0,35000,0.78,120000
706,-0.0094313491873207,-0.0052614163120359,-0.0036417221882406,-0.0036260541225337,-0.0279682797036225,-0.0034817629782461,-0.0185324050187139,-0.0034858975152078,-0.0093256288530483,-0.0040186023371108,338.75306,1167.97876,1357603.73,10.0,35000,0.78,25000,388.929669,1326.08976,3458032.09,15.0,0.0,0.0,120000,364.502237,1209.14676,2258508.76,10.0,15000,0.55,120000,340.273415,1182.88355,1398808.56,10.0,35000,0.78,120000
707,-0.0095130500632064,-0.0052860615055368,-0.0036771769704486,-0.0036389393572139,-0.0281366307361154,-0.0035058299539522,-0.0186560699377441,-0.0034876851024869,-0.0093734576066553,-0.0040409473943661,338.774647,1168.36193,1357404.49,10.0,35000,0.78,25000,388.949267,1326.5593,3457470.19,15.0,0.0,0.0,120000,364.519743,1209.58383,2258107.9,10.0,15000,0.55,120000,340.295215,1183.25616,1398574.66,10.0,35000,0.78,120000
708,-0.0096133567045822,-0.0053436803576225,-0.0036933827567729,-0.0036956596493998,-0.0283554171671304,-0.003515275102577,-0.0187671631930609,-0.0035229808268864,-0.0094516821683476,-0.004048294712395,338.804824,1168.77251,1357276.36,10.0,35000,0.78,25000,388.970301,1327.02842,3456782.79,15.0,0.0,0.0,120000,364.539036,1210.00557,2257559.68,10.0,15000,0.55,120000,340.319264,1183.59703,1398247.6,10.0,35000,0.78,120000
709,-0.0097195929368378,-0.0054176296186051,-0.0037169715655557,-0.0037443961170255,-0.0285515449937717,-0.0035500145570052,-0.018879311334486,-0.0035469368710059,-0.009533548258743,-0.0040788249423639,338.831388,1169.18432,1357124.63,10.0,35000,0.78,25000,388.989389,1327.50051,3456098.71,15.0,0.0,0.0,120000,364.556264,1210.43198,2257026.81,10.0,15000,0.55,120000,340.340546,1183.95041,1397928.74,10.0,35000,0.78,120000
710,-0.0097769096974648,-0.0054702022098034,-0.0037447337924054,-0.0037537072053047,-0.0287523966517041,-0.0035580193815096,-0.0190066077304938,-0.0035577076706223,-0.0096103616390997,-0.0041021313814287,338.848025,1169.61737,1356914.2,10.0,35000,0.78,25000,389.005004,1328.03039,3455551.96,15.0,0.0,0.0,120000,364.569725,1210.92617,2256640.17,10.0,15000,0.55,120000,340.357713,1184.37925,1397703.01,10.0,35000,0.78,120000
711,-0.009822521706896,-0.0055013168112627,-0.0037960518323875,-0.0037732305898874,-0.0289264542897907,-0.0036053856545403,-0.0191345737038052,-0.0035992482809782,-0.0096569729073227,-0.0041365056948663,338.867584,1170.00551,1356773.64,10.0,35000,0.78,25000,389.021384,1328.50065,3455092.73,15.0,0.0,0.0,120000,364.584194,1211.36098,2256298.03,10.0,15000,0.55,120000,340.376381,1184.74592,1397509.19,10.0,35000,0.78,120000
712,-0.0098782990428265,-0.0055316189834661,-0.0038067800242891,-0.0037907476229552,-0.0290780516062036,-0.0036168988737944,-0.0192653361545045,-0.0036553515088341,-0.009716671847146,-0.0041662874268414,338.887565,1170.37014,1356657.8,10.0,35000,0.78,25000,389.038137,1328.94165,3454691.61,15.0,0.0,0.0,120000,364.599025,1211.76927,2255995.6,10.0,15000,0.55,120000,340.395334,1185.08774,1397337.62,10.0,35000,0.78,120000
713,-0.0099622755991615,-0.0055663936021892,-0.0038574471252305,-0.0038074989895207,-0.029244206122799,-0.0036400839897708,-0.0193850217161057,-0.003669127504539,-0.0097722282623492,-0.0042062845479116,338.908673,1170.76538,1356481.71,10.0,35000,0.78,25000,389.056935,1329.42016,3454173.13,15.0,0.0,0.0,120000,364.615641,1212.21224,2255620.21,10.0,15000,0.55,120000,340.416044,1185.46699,1397123.96,10.0,35000,0.78,120000
714,-0.0100536533596893,-0.0055847380395167,-0.0038750938440094,-0.0038220873402023,-0.0293857624604972,-0.0036571529297126,-0.0195397321483587,-0.0036950978077374,-0.009821170172607,-0.0042290747049647,338.933603,1171.15828,1356303.58,10.0,35000,0.78,25000,389.078978,1329.89976,3453633.4,15.0,0.0,0.0,120000,364.635253,1212.65603,2255231.58,10.0,15000,0.55,120000,340.440624,1185.83966,1396901.62,10.0,35000,0.78,120000
715,-0.0101356640981863,-0.0056416354837326,-0.0038859959274338,-0.0038433332269643,-0.0295621672294221,-0.0036712622289502,-0.0197233830038427,-0.0037090718361448,-0.0098891776204125,-0.0042646379377834,338.959061,1171.64137,1356044.94,10.0,35000,0.78,25000,389.100333,1330.48322,3452838.64,15.0,0.0,0.0,120000,364.653853,1213.19399,2254662.1,10.0,15000,0.55,120000,340.464383,1186.29098,1396567.52,10.0,35000,0.78,120000
716,-0.0101832718832817,-0.0057225355094268,-0.0039362130801516,-0.003852577946087,-0.029737132970325,-0.0037157443832019,-0.0198437381347122,-0.0037118337447054,-0.0099721904821879,-0.0042790435958191,338.968304,1172.05041,1355857.92,10.0,35000,0.78,25000,389.109594,1330.97581,3452389.24,15.0,0.0,0.0,120000,364.661236,1213.65028,2254345.95,10.0,15000,0.55,120000,340.4739,1186.70053,1396381.89,10.0,35000,0.78,120000
717,-0.0102715122891003,-0.0057653924562137,-0.0039697424150349,-0.0038608056191444,-0.0298884092338761,-0.0037291059561885,-0.0199699782407674,-0.0037258757702819,-0.0100171271866315,-0.0042864303140559,338.986367,1172.42317,1355684.3,10.0,35000,0.78,25000,389.126617,1331.42965,3451931.73,15.0,0.0,0.0,120000,364.676019,1214.07127,2254023.31,10.0,15000,0.55,120000,340.49222,1187.06543,1396196.13,10.0,35000,0.78,120000
718,-0.0103210392245844,-0.0057922580029329,-0.0040151383452923,-0.0038905265784519,-0.0300398083391322,-0.003754663979451,-0.0200798427495811,-0.0037694709190495,-0.0100805222748768,-0.0043038002086899,339.005636,1172.76522,1355605.25,10.0,35000,0.78,25000,389.141443,1331.8329,3451575.28,15.0,0.0,0.0,120000,364.689249,1214.43824,2253739.22,10.0,15000,0.55,120000,340.509165,1187.37416,1396039.37,10.0,35000,0.78,120000
719,-0.0103936064489496,-0.0058223283358645,-0.0040437876836751,-0.0039086384149238,-0.0302014850690142,-0.0037923270652852,-0.0202160284461136,-0.0037948325075869,-0.0101450938978719,-0.0043331347818153,339.027502,1173.16544,1355441.9,10.0,35000,0.78,25000,389.160268,1332.316,3451066.03,15.0,0.0,0.0,120000,364.705786,1214.88325,2253368.42,10.0,15000,0.55,120000,340.530159,1187.75218,1395831.09,10.0,35000,0.78,120000
720,-0.0104691114562578,-0.0058525095766994,-0.0040719783956429,-0.0039619523630078,-0.0303450278575808,-0.0038113823337976,-0.0203678388479576,-0.0037979671986426,-0.0102255259686524,-0.0043629445923778,339.0577,1173.56921,1355269.47,10.0,35000,0.78,25000,389.181434,1332.7806,3450284.09,15.0,0.0,0.0,120000,364.724982,1215.29909,2252767.81,10.0,15000,0.55,120000,340.554671,1188.08635,1395484.94,10.0,35000,0.78,120000
721,-0.0105148877984736,-0.0058886058821655,-0.0040897286580856,-0.0039813557828859,-0.0304909566394229,-0.0038414216675387,-0.0204930854045917,-0.0038116071419876,-0.0102888625947643,-0.0044428448462712,339.07854,1173.95667,1355067.83,10.0,35000,0.78,25000,389.198278,1333.24752,3449629.61,15.0,0.0,0.0,120000,364.739561,1215.72822,2252298.95,10.0,15000,0.55,120000,340.573738,1188.44374,1395216.42,10.0,35000,0.78,120000
722,-0.0105857001314756,-0.0059114560936264,-0.0041135771866921,-0.00402680248769,-0.0306315456740697,-0.0038971107574422,-0.0206030541817564,-0.0038356730473148,-0.0104107831739095,-0.0044755943092923,339.102292,1174.31508,1354994.73,10.0,35000,0.78,25000,389.215481,1333.65715,3449200.94,15.0,0.0,0.0,120000,364.755211,1216.09531,2251948.02,10.0,15000,0.55,120000,340.593486,1188.75444,1395024.14,10.0,35000,0.78,120000
723,-0.0106542589923211,-0.0059269650973286,-0.0041255496771069,-0.0040914411541407,-0.0307703468264343,-0.0039269148066158,-0.0207359848781334,-0.0038389128869013,-0.0105043679035121,-0.0044864581657505,339.133938,1174.67337,1354872.04,10.0,35000,0.78,25000,389.236102,1334.05843,3448467.82,15.0,0.0,0.0,120000,364.774254,1216.44714,2251364.2,10.0,15000,0.55,120000,340.617903,1189.03014,1394691.16,10.0,35000,0.78,120000
724,-0.0107082789257948,-0.0059456605356029,-0.0041651678335345,-0.004132098737381,-0.0309196315547502,-0.0039905030878708,-0.0208430544493561,-0.0038619327437623,-0.0106040033904003,-0.0045182907471444,339.156275,1175.02854,1354787.57,10.0,35000,0.78,25000,389.252366,1334.46933,3448035.59,15.0,0.0,0.0,120000,364.788945,1216.81627,2251016.6,10.0,15000,0.55,120000,340.636761,1189.3429,1394501.9,10.0,35000,0.78,120000
725,-0.0107949144365743,-0.0059724604781539,-0.0042138805157265,-0.0041676763508274,-0.0310830707494689,-0.0040143880273832,-0.0209969119505445,-0.0039198232297722,-0.010695294060048,-0.0045249856996008,339.182062,1175.45624,1354709.15,10.0,35000,0.78,25000,389.272892,1334.97266,3447665.73,15.0,0.0,0.0,120000,364.80731,1217.27339,2250713.35,10.0,15000,0.55,120000,340.659953,1189.73573,1394341.33,10.0,35000,0.78,120000
726,-0.0108702397847441,-0.0060425792172073,-0.0042407330057846,-0.0041856349212202,-0.03123209577905,-0.0040422562082825,-0.021174247221101,-0.0039715567649184,-0.0107625816616071,-0.0045446939995741,339.2016,1175.90171,1354547.84,10.0,35000,0.78,25000,389.289324,1335.50553,3447168.25,15.0,0.0,0.0,120000,364.82124,1217.76278,2250346.8,10.0,15000,0.55,120000,340.677878,1190.16082,1394132.16,10.0,35000,0.78,120000
727,-0.0109359524239254,-0.0060929519564923,-0.0042935749503772,-0.0041960131947138,-0.0314009418073624,-0.0040541424737962,-0.021287738494786,-0.003999533243871,-0.0108730403801605,-0.0045654045269208,339.214398,1176.31282,1354435.01,10.0,35000,0.78,25000,389.302203,1336.00058,3446921.25,15.0,0.0,0.0,120000,364.832124,1218.22053,2250164.47,10.0,15000,0.55,120000,340.69152,1190.57828,1394038.64,10.0,35000,0.78,120000
728,-0.0110027610243912,-0.0061387458303474,-0.0043276431791682,-0.0042404662727401,-0.03154809365354,-0.0040845102231024,-0.0214334193150678,-0.0040070628312559,-0.0109471932789603,-0.0045862530619307,339.239845,1176.71307,1354268.47,10.0,35000,0.78,25000,389.320032,1336.46374,3446223.16,15.0,0.0,0.0,120000,364.847944,1218.63598,2249631.8,10.0,15000,0.55,120000,340.711971,1190.92471,1393732.25,10.0,35000,0.78,120000
729,-0.0110565456429644,-0.006172162686491,-0.0043650989397184,-0.0042917172237215,-0.0317041053176035,-0.0041115962081787,-0.0215898675730065,-0.0040238846223679,-0.0110434657233298,-0.0046098656029506,339.267326,1177.13928,1354121.79,10.0,35000,0.78,25000,389.338836,1336.95618,3445541.47,15.0,0.0,0.0,120000,364.86477,1219.07671,2249100.92,10.0,15000,0.55,120000,340.73398,1191.29169,1393433.54,10.0,35000,0.78,120000
730,-0.0111303075648659,-0.0061875853894672,-0.0043968560051881,-0.0043005895248686,-0.03187265543892,-0.0041240441512603,-0.0217168853468723,-0.0040531388022964,-0.0111050865546293,-0.0046241215542077,339.288449,1177.53453,1353976.57,10.0,35000,0.78,25000,389.358173,1337.44031,3445148.47,15.0,0.0,0.0,120000,364.881643,1219.52429,2248820.55,10.0,15000,0.55,120000,340.755445,1191.68209,1393284.85,10.0,35000,0.78,120000
731,-0.0111949907465211,-0.0062700953013407,-0.0044093961974564,-0.0043236522248713,-0.0320305491935588,-0.004179933473075,-0.0218381957266207,-0.0040804811741459,-0.0111569843824342,-0.004660677558078,339.306109,1177.91487,1353802.62,10.0,35000,0.78,25000,389.371265,1337.8876,3444548.2,15.0,0.0,0.0,120000,364.892532,1219.93104,2248380.94,10.0,15000,0.55,120000,340.76967,1192.03101,1393025.09,10.0,35000,0.78,120000
732,-0.0112846059836565,-0.0062926243711193,-0.004422058806783,-0.0043899597113436,-0.0321990961666635,-0.0041932304843813,-0.0219795680491483,-0.0041016478293519,-0.0112448322512922,-0.0046870287865174,339.34313,1178.32861,1353666.98,10.0,35000,0.78,25000,389.395959,1338.35602,3443747.19,15.0,0.0,0.0,120000,364.915015,1220.34372,2247748.61,10.0,15000,0.55,120000,340.798505,1192.35952,1392665.19,10.0,35000,0.78,120000
733,-0.0113606072197987,-0.0063279288024308,-0.0044299137894367,-0.004432590356921,-0.0323741530371325,-0.0042069724199748,-0.0221000310634937,-0.0041194117883939,-0.0113092029071425,-0.0047261880218715,339.372766,1178.72459,1353497.42,10.0,35000,0.78,25000,389.417009,1338.81685,3443006.38,15.0,0.0,0.0,120000,364.933699,1220.7569,2247188.96,10.0,15000,0.55,120000,340.822626,1192.69744,1392344.17,10.0,35000,0.78,120000
734,-0.0114542549422498,-0.0063749072317405,-0.0045052332660509,-0.0044626816148039,-0.032524917735662,-0.0042297472170431,-0.0222333231275358,-0.004167985150072,-0.0114080324211348,-0.0047667135940493,339.394165,1179.15387,1353415.43,10.0,35000,0.78,25000,389.434775,1339.31989,3442689.82,15.0,0.0,0.0,120000,364.94927,1221.21499,2246933.03,10.0,15000,0.55,120000,340.842007,1193.1067,1392209.56,10.0,35000,0.78,120000
735,-0.0114986419326203,-0.0064441404767661,-0.004517641681568,-0.0044766647300606,-0.0327038761072695,-0.0042947179694295,-0.0223499612282747,-0.0042033101488398,-0.0114869609350117,-0.0047829116403685,339.40776,1179.54719,1353272.99,10.0,35000,0.78,25000,389.446029,1339.78836,3442271.18,15.0,0.0,0.0,120000,364.958428,1221.64477,2246628.3,10.0,15000,0.55,120000,340.854208,1193.48791,1392035.25,10.0,35000,0.78,120000
736,-0.011581626158162,-0.0064752600192234,-0.0045906070008126,-0.0044920171907768,-0.0328518991596807,-0.0043069942328562,-0.0224559525812426,-0.0042177352379498,-0.0115378311183129,-0.0047943885108789,339.425708,1179.90979,1353148.79,10.0,35000,0.78,25000,389.46229,1340.22246,3441924.91,15.0,0.0,0.0,120000,364.972601,1222.04324,2246373.71,10.0,15000,0.55,120000,340.871824,1193.84423,1391897.69,10.0,35000,0.78,120000
737,-0.0116359774828818,-0.0064995082476804,-0.0046237381145241,-0.0045163211237291,-0.0330887938432894,-0.0043414408614782,-0.0226088230959746,-0.0042199524527046,-0.0116331286415767,-0.004811471490915,339.452224,1180.42584,1352916.34,10.0,35000,0.78,25000,389.484244,1340.84345,3441212.52,15.0,0.0,0.0,120000,364.991663,1222.61168,2245860.0,10.0,15000,0.55,120000,340.896839,1194.3366,1391613.09,10.0,35000,0.78,120000
738,-0.011693509632881,-0.0065234227369728,-0.004660761936541,-0.0045763379393359,-0.0332564286213981,-0.0043917604816036,-0.022752986285844,-0.0042253141138674,-0.0117394145738571,-0.0048347599560822,339.482705,1180.85523,1352771.75,10.0,35000,0.78,25000,389.504565,1341.33051,3440481.3,15.0,0.0,0.0,120000,365.010071,1223.04335,2245286.97,10.0,15000,0.55,120000,340.920821,1194.69687,1391289.78,10.0,35000,0.78,120000
739,-0.0117428733943826,-0.006544933354997,-0.0046730371517066,-0.0045871524623711,-0.033403149696817,-0.0044375522035725,-0.0229311640950489,-0.0042593278901607,-0.0118472672588915,-0.0048668359817555,339.503225,1181.31523,1352604.31,10.0,35000,0.78,25000,389.523042,1341.88708,3440031.75,15.0,0.0,0.0,120000,365.026027,1223.55673,2244967.64,10.0,15000,0.55,120000,340.941668,1195.15127,1391120.18,10.0,35000,0.78,120000
740,-0.0117876376925879,-0.0065717148250006,-0.0047348271009862,-0.0046196525325944,-0.0335614748945082,-0.0044607211624282,-0.0230932303607513,-0.004292725554815,-0.0119398516558916,-0.0048760313217469,339.525091,1181.7593,1352481.43,10.0,35000,0.78,25000,389.540019,1342.40953,3439578.78,15.0,0.0,0.0,120000,365.041031,1224.0308,2244618.01,10.0,15000,0.55,120000,340.961285,1195.56736,1390931.8,10.0,35000,0.78,120000
741,-0.0118625735968897,-0.0066212913661553,-0.0047545302440583,-0.0046463925864123,-0.0337065964578219,-0.0045217489227498,-0.0232163433049726,-0.0043027962472459,-0.0120064321246559,-0.0048874178266123,339.545433,1182.13013,1352326.26,10.0,35000,0.78,25000,389.555737,1342.8411,3439034.64,15.0,0.0,0.0,120000,365.054808,1224.42117,2244215.29,10.0,15000,0.55,120000,340.978797,1195.90783,1390699.37,10.0,35000,0.78,120000
742,-0.0119171483331776,-0.0066494051788562,-0.0047816787280911,-0.0046815608617214,-0.0338501447429955,-0.0046262728676182,-0.0233361812883539,-0.0043603318287521,-0.0120796773822565,-0.0049817027354066,339.570952,1182.51762,1352221.42,10.0,35000,0.78,25000,389.574268,1343.28913,3438522.18,15.0,0.0,0.0,120000,365.07131,1224.82438,2243822.09,10.0,15000,0.55,120000,341.000315,1196.24855,1390481.46,10.0,35000,0.78,120000
743,-0.0119807044302094,-0.0066753275088944,-0.0048406829616178,-0.0047073402989287,-0.0340349998663782,-0.0046357186326403,-0.0234411606097762,-0.0044061548789098,-0.0121506207793557,-0.0050220966469637,339.59305,1182.9273,1352118.51,10.0,35000,0.78,25000,389.592196,1343.7726,3438136.41,15.0,0.0,0.0,120000,365.087228,1225.26379,2243527.74,10.0,15000,0.55,120000,341.020657,1196.63384,1390324.54,10.0,35000,0.78,120000
744,-0.0120381798062845,-0.0066949396296484,-0.0048628377172692,-0.0047165196969702,-0.0341737641466344,-0.0046811926479286,-0.0235727214984091,-0.0044343658356413,-0.0121999520674479,-0.0050563688300412,339.612963,1183.30371,1351960.22,10.0,35000,0.78,25000,389.609663,1344.2268,3437682.69,15.0,0.0,0.0,120000,365.102548,1225.68115,2243209.9,10.0,15000,0.55,120000,341.040376,1196.99876,1390149.33,10.0,35000,0.78,120000
745,-0.0120929818083556,-0.0067344301627295,-0.0048793802085501,-0.0047274328169307,-0.0343549590696379,-0.0047707143159772,-0.0237207370837602,-0.0044522134877666,-0.0122498855176298,-0.0050927906175815,339.634591,1183.7481,1351735.45,10.0,35000,0.78,25000,389.628058,1344.76166,3437033.91,15.0,0.0,0.0,120000,365.118476,1226.1713,2242760.02,10.0,15000,0.55,120000,341.061211,1197.42597,1389892.63,10.0,35000,0.78,120000
746,-0.0121636026546836,-0.0067598712490993,-0.0049149756103721,-0.0047402327750273,-0.0345485867406715,-0.0047942705678601,-0.0238402272138956,-0.0044823340496916,-0.0122947936408783,-0.0051777475398412,339.660311,1184.20121,1351524.37,10.0,35000,0.78,25000,389.650139,1345.30927,3436389.27,15.0,0.0,0.0,120000,365.137869,1226.67142,2242314.52,10.0,15000,0.55,120000,341.086109,1197.85811,1389643.66,10.0,35000,0.78,120000
747,-0.0122560265513044,-0.0068113583318822,-0.0049446011883539,-0.0047718234904867,-0.0347031955274676,-0.0048390763191482,-0.0239782573038119,-0.0044989680269783,-0.0123441495096007,-0.0051909704744952,339.685261,1184.60769,1351350.81,10.0,35000,0.78,25000,389.669201,1345.78063,3435748.6,15.0,0.0,0.0,120000,365.15485,1227.09418,2241844.62,10.0,15000,0.55,120000,341.107475,1198.22448,1389370.35,10.0,35000,0.78,120000
748,-0.0123448009891377,-0.0068254373971406,-0.0049819800143543,-0.0047813007038283,-0.0348565914379298,-0.0049206909097335,-0.024102807491282,-0.004505998391119,-0.01242626604454,-0.0052335520141476,339.707012,1185.02331,1351180.33,10.0,35000,0.78,25000,389.689526,1346.28047,3435303.89,15.0,0.0,0.0,120000,365.172916,1227.55146,2241539.45,10.0,15000,0.55,120000,341.129995,1198.63705,1389206.15,10.0,35000,0.78,120000
749,-0.0123950007567644,-0.0068734343583949,-0.0050321814715612,-0.0047896068129539,-0.0350003439595788,-0.004933630747866,-0.0242432624833819,-0.0045615808991047,-0.0124835723513752,-0.0052519064947404,339.721343,1185.42711,1351065.06,10.0,35000,0.78,25000,389.702715,1346.76421,3435010.7,15.0,0.0,0.0,120000,365.184193,1227.99354,2241333.27,10.0,15000,0.55,120000,341.144508,1199.03747,1389095.05,10.0,35000,0.78,120000
750,-0.0124735156083019,-0.0069076877373352,-0.0050547503091366,-0.0048487827490898,-0.0351625964406464,-0.0049561914663458,-0.0243615479985878,-0.0046252661492078,-0.0125506546229669,-0.0053136886631979,339.754343,1185.82681,1350978.08,10.0,35000,0.78,25000,389.724325,1347.20875,3434370.03,15.0,0.0,0.0,120000,365.204129,1228.3805,2240827.5,10.0,15000,0.55,120000,341.17002,1199.35555,1388805.29,10.0,35000,0.78,120000
751,-0.0125764904537451,-0.0069356670961598,-0.0051302023245569,-0.0048735819194509,-0.0353507368170109,-0.0049835856550325,-0.0244724354616397,-0.0046375831299324,-0.0126389251105217,-0.0053246190702333,339.777187,1186.26753,1350846.9,10.0,35000,0.78,25000,389.744321,1347.72716,3433969.34,15.0,0.0,0.0,120000,365.222108,1228.84853,2240533.39,10.0,15000,0.55,120000,341.192207,1199.78164,1388647.8,10.0,35000,0.78,120000
752,-0.0126575262678668,-0.0070032472474897,-0.0051518023094969,-0.0048877373821509,-0.0355171059327491,-0.0049940188341579,-0.0245954983644171,-0.004639744296347,-0.0126830233038986,-0.0053439082777854,339.795953,1186.67983,1350624.51,10.0,35000,0.78,25000,389.760121,1348.21509,3433321.65,15.0,0.0,0.0,120000,365.235696,1229.29045,2240084.44,10.0,15000,0.55,120000,341.209493,1200.17306,1388383.78,10.0,35000,0.78,120000
753,-0.0127442251144031,-0.0070435234943815,-0.0051920118948973,-0.0049007687018244,-0.0356703841928477,-0.0050177630789842,-0.0247154507144989,-0.0046650703446593,-0.0127424351445437,-0.0053562217989587,339.814816,1187.07447,1350482.49,10.0,35000,0.78,25000,389.777012,1348.68311,3432924.31,15.0,0.0,0.0,120000,365.250537,1229.71569,2239804.64,10.0,15000,0.55,120000,341.228074,1200.55497,1388228.7,10.0,35000,0.78,120000
754,-0.0128141141597082,-0.0070643406678821,-0.0052386417062573,-0.0049535655392645,-0.0358190797143273,-0.0050382504490847,-0.0248315752834479,-0.0046835414647885,-0.0128371098148078,-0.0053642949626589,339.841402,1187.45535,1350395.04,10.0,35000,0.78,25000,389.795129,1349.10912,3432408.24,15.0,0.0,0.0,120000,365.267322,1230.0885,2239393.28,10.0,15000,0.55,120000,341.249544,1200.87602,1388000.96,10.0,35000,0.78,120000
755,-0.012910450825705,-0.007100589600511,-0.0052707170273698,-0.0049871196516719,-0.0359849611818539,-0.0050855939154303,-0.0249640710518389,-0.0046904369492696,-0.0128954412168067,-0.0054552020849921,339.872557,1187.91661,1350162.68,10.0,35000,0.78,25000,389.819097,1349.64524,3431571.8,15.0,0.0,0.0,120000,365.288771,1230.5678,2238795.21,10.0,15000,0.55,120000,341.277115,1201.28541,1387659.83,10.0,35000,0.78,120000
756,-0.0129894875252984,-0.0071641208573526,-0.0053089921357102,-0.0050410580842322,-0.036150621028769,-0.0051111701574334,-0.0251012778302687,-0.0047006996945139,-0.0129584764005462,-0.0055033730127735,339.901957,1188.36228,1349966.56,10.0,35000,0.78,25000,389.838396,1350.14471,3430711.54,15.0,0.0,0.0,120000,365.306132,1231.00655,2238151.22,10.0,15000,0.55,120000,341.299872,1201.65634,1387282.27,10.0,35000,0.78,120000
757,-0.0130451265620927,-0.0071862900002936,-0.0053633644549298,-0.0051195077649389,-0.0363765914438026,-0.0051186473265631,-0.0252261157095824,-0.0047266828949003,-0.0130041996749171,-0.0055859284118715,339.944292,1188.85227,1349769.66,10.0,35000,0.78,25000,389.864628,1350.68612,3429633.03,15.0,0.0,0.0,120000,365.330367,1231.47663,2237327.45,10.0,15000,0.55,120000,341.332513,1202.03083,1386810.09,10.0,35000,0.78,120000
758,-0.013092253464851,-0.0072354961731923,-0.0053848319809669,-0.0051489313532348,-0.0365253937122069,-0.0051534304410755,-0.0253534504532169,-0.004749719851013,-0.0130745639963283,-0.0056215980554344,339.964467,1189.25217,1349609.92,10.0,35000,0.78,25000,389.879089,1351.14452,3429050.35,15.0,0.0,0.0,120000,365.343085,1231.88902,2236898.93,10.0,15000,0.55,120000,341.349683,1202.39081,1386564.94,10.0,35000,0.78,120000
759,-0.0131734130107366,-0.0072591057450055,-0.0054094571109903,-0.0051665432164263,-0.0367044949174476,-0.0052137418058197,-0.0254657869531079,-0.0047697173275737,-0.0131571443932432,-0.0056679528964017,339.987878,1189.68314,1349445.3,10.0,35000,0.78,25000,389.898995,1351.64928,3428551.57,15.0,0.0,0.0,120000,365.360772,1232.34926,2236544.03,10.0,15000,0.55,120000,341.372617,1202.80036,1386371.71,10.0,35000,0.78,120000
760,-0.0132181197287575,-0.0073065851405125,-0.0054209986808944,-0.0051809918753457,-0.0368632950715509,-0.0052481669330359,-0.0256005567270528,-0.0048015444054496,-0.0132075485198096,-0.005700223272901,340.006664,1190.09507,1349261.88,10.0,35000,0.78,25000,389.913936,1352.1324,3427991.19,15.0,0.0,0.0,120000,365.373637,1232.78946,2236149.25,10.0,15000,0.55,120000,341.390215,1203.1869,1386146.19,10.0,35000,0.78,120000
761,-0.0132709967922214,-0.0073301242148162,-0.005435934572979,-0.0052039910278354,-0.0370113084194489,-0.0052666054903244,-0.0257089002257416,-0.0048060754276838,-0.013259052116804,-0.0057087124933604,340.027385,1190.44967,1349098.95,10.0,35000,0.78,25000,389.929751,1352.54286,3427437.66,15.0,0.0,0.0,120000,365.387744,1233.1598,2235749.2,10.0,15000,0.55,120000,341.409027,1203.50907,1385920.11,10.0,35000,0.78,120000
762,-0.0133199501068305,-0.0073550851491714,-0.005468232040432,-0.0052270331831915,-0.0371924110047,-0.0052785699381104,-0.0258464375545693,-0.0048086985241945,-0.0133147612696985,-0.0057282093767239,340.051176,1190.89516,1348881.94,10.0,35000,0.78,25000,389.948352,1353.06382,3426752.06,15.0,0.0,0.0,120000,365.404203,1233.63222,2235261.62,10.0,15000,0.55,120000,341.43134,1203.92169,1385644.93,10.0,35000,0.78,120000
763,-0.0134094671438446,-0.0073802949581668,-0.0054929161732699,-0.0052448766679383,-0.0373739345415681,-0.0053514410305027,-0.0259690564374048,-0.004859809145748,-0.013421895508612,-0.0057716498077477,340.074403,1191.35045,1348771.96,10.0,35000,0.78,25000,389.968539,1353.59398,3426418.43,15.0,0.0,0.0,120000,365.422123,1234.11673,2235015.26,10.0,15000,0.55,120000,341.454577,1204.36029,1385519.12,10.0,35000,0.78,120000
764,-0.0134927970594617,-0.0074366796200342,-0.0055190245932,-0.0052579696911904,-0.0375416856254566,-0.0053723332315454,-0.0260994208313044,-0.004881903280643,-0.0135544465939819,-0.005802608118311,340.090754,1191.82061,1348622.33,10.0,35000,0.78,25000,389.983876,1354.1426,3426054.9,15.0,0.0,0.0,120000,365.435312,1234.62014,2234756.61,10.0,15000,0.55,120000,341.471596,1204.82663,1385380.98,10.0,35000,0.78,120000
765,-0.0135625503321327,-0.0074529503831865,-0.0055791756670086,-0.0053027201599079,-0.0376937407854042,-0.0053829965166956,-0.0262391134167028,-0.0048832856101523,-0.0136581618664325,-0.0058090872261966,340.11696,1192.25776,1348486.49,10.0,35000,0.78,25000,390.003013,1354.6361,3425500.02,15.0,0.0,0.0,120000,365.452797,1235.06127,2234328.66,10.0,15000,0.55,120000,341.494631,1205.21832,1385146.09,10.0,35000,0.78,120000
766,-0.0136408641592139,-0.0074896501223406,-0.0056239793853644,-0.0053601337138472,-0.0378470371527386,-0.0053894695313597,-0.0263674690622745,-0.0049029837939578,-0.0137142824148762,-0.0058307166232949,340.14779,1192.6647,1348346.83,10.0,35000,0.78,25000,390.02298,1355.08222,3424776.87,15.0,0.0,0.0,120000,365.471061,1235.45255,2233768.16,10.0,15000,0.55,120000,341.518988,1205.54964,1384823.17,10.0,35000,0.78,120000
767,-0.0137440678097979,-0.0075038877744416,-0.0056504374925712,-0.0054435493005415,-0.0379961636078934,-0.0054232855064204,-0.0264886840322805,-0.0049055061827231,-0.0137606511931003,-0.0058507739616203,340.1903,1193.04359,1348204.05,10.0,35000,0.78,25000,390.048976,1355.47771,3423826.55,15.0,0.0,0.0,120000,365.495447,1235.78727,2233020.85,10.0,15000,0.55,120000,341.551185,1205.81286,1384388.09,10.0,35000,0.78,120000
768,-0.0138494422952518,-0.0075733262458995,-0.0056684350090861,-0.0054754494437047,-0.0381646139263347,-0.0054318844538969,-0.026593815940879,-0.0049157549880128,-0.0138167927771631,-0.0058737145634,340.214122,1193.44997,1348023.58,10.0,35000,0.78,25000,390.066615,1355.93523,3423172.72,15.0,0.0,0.0,120000,365.51096,1236.19784,2232540.36,10.0,15000,0.55,120000,341.571346,1206.17565,1384105.38,10.0,35000,0.78,120000
769,-0.0139184708406561,-0.007611969697136,-0.0056878608032977,-0.0055111809538315,-0.0383208043465421,-0.0054507946544496,-0.026775588963664,-0.0049429834652905,-0.013905463958,-0.0059688946099541,340.245665,1193.9841,1347784.5,10.0,35000,0.78,25000,390.089911,1356.54682,3422320.88,15.0,0.0,0.0,120000,365.531569,1236.75032,2231923.36,10.0,15000,0.55,120000,341.599503,1206.65669,1383755.1,10.0,35000,0.78,120000
770,-0.0139843716280618,-0.0076728837735671,-0.0057060330585354,-0.0056000271000125,-0.0384750556710033,-0.0055275252114671,-0.0268970054179169,-0.0049567171980765,-0.0139665870613906,-0.0059836528668328,340.280523,1194.36111,1347656.35,10.0,35000,0.78,25000,390.107683,1356.93009,3421381.47,15.0,0.0,0.0,120000,365.548135,1237.07168,2231173.7,10.0,15000,0.55,120000,341.622415,1206.91313,1383309.42,10.0,35000,0.78,120000
771,-0.0140484225534126,-0.0077061121879251,-0.0057423770643749,-0.0056198922809569,-0.0386364906017457,-0.0055334523551354,-0.0270042885420359,-0.0049802270775606,-0.0140143634438699,-0.0059931413799052,340.300438,1194.74363,1347514.66,10.0,35000,0.78,25000,390.12352,1357.37161,3420925.34,15.0,0.0,0.0,120000,365.562061,1237.47267,2230841.53,10.0,15000,0.55,120000,341.641065,1207.27162,1383122.73,10.0,35000,0.78,120000
772,-0.0141015564819999,-0.0077408069705584,-0.0057898361248566,-0.0057168958825625,-0.0388047700713327,-0.0055429675019886,-0.0271170111742117,-0.0049860991398417,-0.0141121833615019,-0.0060020004231804,340.336311,1195.14321,1347419.31,10.0,35000,0.78,25000,390.142024,1357.77991,3420068.09,15.0,0.0,0.0,120000,365.579601,1237.81559,2230138.41,10.0,15000,0.55,120000,341.665242,1207.55189,1382714.04,10.0,35000,0.78,120000
773,-0.0141806252627617,-0.0077604729254874,-0.0058156301496248,-0.0057400720054987,-0.038948575886565,-0.0055480192228401,-0.0272367747920357,-0.0050299657917598,-0.0141801377337869,-0.0060136577410249,340.359222,1195.52863,1347321.93,10.0,35000,0.78,25000,390.16035,1358.22156,3419709.93,15.0,0.0,0.0,120000,365.595978,1238.21623,2229866.34,10.0,15000,0.55,120000,341.686783,1207.91123,1382567.05,10.0,35000,0.78,120000
774,-0.0142306595217579,-0.0077758654400184,-0.0058558750816756,-0.0057592451716325,-0.0390995139623933,-0.0055749898509219,-0.0273878358394798,-0.0050841841533095,-0.0142360439509162,-0.0060792128181577,340.38423,1195.98412,1347167.33,10.0,35000,0.78,25000,390.180267,1358.75125,3419202.3,15.0,0.0,0.0,120000,365.613516,1238.69974,2229499.9,10.0,15000,0.55,120000,341.710864,1208.3397,1382368.56,10.0,35000,0.78,120000
775,-0.0143324326657753,-0.0078402815347371,-0.005881094356737,-0.0057709605271329,-0.0392716641632116,-0.0055833890375524,-0.0275449162748014,-0.0051015493913316,-0.0143123104632968,-0.006098769921062,340.405819,1196.48407,1346947.29,10.0,35000,0.78,25000,390.199332,1359.33309,3418620.77,15.0,0.0,0.0,120000,365.629865,1239.23371,2229094.33,10.0,15000,0.55,120000,341.732335,1208.82786,1382136.75,10.0,35000,0.78,120000
776,-0.0143910170915981,-0.0078774523166939,-0.0059045440519501,-0.0058118900228039,-0.0394279900124058,-0.0055983590428453,-0.0276869779280186,-0.0051038721345725,-0.0143729141397616,-0.0061112385592835,340.432632,1196.91218,1346752.0,10.0,35000,0.78,25000,390.217546,1359.81304,3417866.61,15.0,0.0,0.0,120000,365.64612,1239.66271,2228534.2,10.0,15000,0.55,120000,341.754634,1209.2022,1381810.82,10.0,35000,0.78,120000
777,-0.0144606248146079,-0.0078945946443644,-0.0059291337652011,-0.0058251444316552,-0.039601634968364,-0.0056106417718533,-0.027803575545549,-0.0051441108412593,-0.0144425745614813,-0.0061407602387679,340.454957,1197.33875,1346615.19,10.0,35000,0.78,25000,390.236582,1360.3106,3417469.32,15.0,0.0,0.0,120000,365.662867,1240.11879,2228249.61,10.0,15000,0.55,120000,341.776962,1209.61462,1381657.9,10.0,35000,0.78,120000
778,-0.014511055692715,-0.007922855425612,-0.0059971272912603,-0.0058444367407912,-0.0397600760437059,-0.0056726648254855,-0.0279293220540846,-0.0051798617668928,-0.0145265294943494,-0.0061912187396847,340.473812,1197.78135,1346489.78,10.0,35000,0.78,25000,390.252265,1360.82226,3417101.86,15.0,0.0,0.0,120000,365.676544,1240.58671,2227978.67,10.0,15000,0.55,120000,341.795515,1210.04407,1381514.41,10.0,35000,0.78,120000
779,-0.0145829764947208,-0.0079485515072177,-0.0060084019236239,-0.0058701592077843,-0.0399185985974429,-0.0056942529347425,-0.0280647230275842,-0.00518122749095,-0.014613519086205,-0.0062272303181011,340.499367,1198.22937,1346287.92,10.0,35000,0.78,25000,390.27215,1361.33563,3416447.16,15.0,0.0,0.0,120000,365.694142,1241.0529,2227506.57,10.0,15000,0.55,120000,341.819086,1210.46134,1381246.42,10.0,35000,0.78,120000
780,-0.0146763838735603,-0.0079851502105929,-0.0060571091939455,-0.0058920435329444,-0.040106869531571,-0.0057204649239194,-0.0281701541847035,-0.0051944649405548,-0.0146776763988467,-0.0062629380170062,340.52354,1198.67635,1346112.89,10.0,35000,0.78,25000,390.292001,1361.84928,3415906.85,15.0,0.0,0.0,120000,365.71161,1241.52084,2227116.25,10.0,15000,0.55,120000,341.841929,1210.88629,1381026.37,10.0,35000,0.78,120000
781,-0.0147257757719955,-0.0080126995117911,-0.0060754828164208,-0.0059265796812217,-0.0402829437398562,-0.0057348949856223,-0.0282943132555299,-0.0052277516357914,-0.0147508886392652,-0.0062811563199232,340.548631,1199.10333,1345972.72,10.0,35000,0.78,25000,390.309664,1362.33126,3415344.16,15.0,0.0,0.0,120000,365.727303,1241.95474,2226691.23,10.0,15000,0.55,120000,341.863488,1211.27083,1380784.68,10.0,35000,0.78,120000
782,-0.014778048338354,-0.008040547471593,-0.0060927497553832,-0.0059649771830554,-0.0404298035549846,-0.0057654882959504,-0.0284380477818468,-0.0052551970230218,-0.0147949839735933,-0.0063001737438636,340.576198,1199.51358,1345807.58,10.0,35000,0.78,25000,390.328347,1362.78998,3414662.3,15.0,0.0,0.0,120000,365.743974,1242.36536,2226180.44,10.0,15000,0.55,120000,341.88642,1211.62794,1380488.33,10.0,35000,0.78,120000
783,-0.0148300569464369,-0.0080854692702084,-0.0061666852047571,-0.0060203888731473,-0.0406033212951857,-0.0058124759756918,-0.0285542082108345,-0.0052574781894178,-0.0148928738967294,-0.0063112709144675,340.599953,1199.94887,1345681.06,10.0,35000,0.78,25000,390.343206,1363.26526,3414065.16,15.0,0.0,0.0,120000,365.757383,1242.78665,2225707.54,10.0,15000,0.55,120000,341.904661,1212.00803,1380217.21,10.0,35000,0.78,120000
784,-0.0149182798538298,-0.0081263778390638,-0.0061921748731103,-0.0060300465669012,-0.0408045266995419,-0.0058274608683192,-0.0286674007178307,-0.0053224954435411,-0.0149752761899206,-0.0063867373089811,340.622984,1200.43948,1345536.01,10.0,35000,0.78,25000,390.363732,1363.83861,3413667.09,15.0,0.0,0.0,120000,365.775094,1243.31473,2225425.84,10.0,15000,0.55,120000,341.927998,1212.49186,1380064.22,10.0,35000,0.78,120000
785,-0.0149948128089237,-0.0081587209758804,-0.0062287069796405,-0.0060550914453505,-0.0409487503364043,-0.0058516861743349,-0.0288036795459561,-0.00532985447211,-0.0150462475802139,-0.0064705830677802,340.649085,1200.90187,1345318.53,10.0,35000,0.78,25000,390.384437,1364.36942,3412966.98,15.0,0.0,0.0,120000,365.793272,1243.79799,2224924.34,10.0,15000,0.55,120000,341.952153,1212.92617,1379776.8,10.0,35000,0.78,120000
786,-0.0150545311792953,-0.0081834427068685,-0.0062420129211105,-0.0060705391619413,-0.0411237588544048,-0.0058608659873735,-0.0289118241480486,-0.0053861963161246,-0.0151164541018179,-0.0065342243851831,340.671588,1201.3325,1345185.12,10.0,35000,0.78,25000,390.403031,1364.86808,3412539.48,15.0,0.0,0.0,120000,365.809474,1244.25479,2224614.74,10.0,15000,0.55,120000,341.97391,1213.33885,1379605.6,10.0,35000,0.78,120000
787,-0.0151075113630479,-0.0082192347948603,-0.006252366840062,-0.0060866919319703,-0.0412635682403069,-0.0058953124450272,-0.0290408755562316,-0.0054072521335564,-0.0151678582798573,-0.006559094734711,340.691205,1201.72714,1345009.58,10.0,35000,0.78,25000,390.418737,1365.32261,3412001.71,15.0,0.0,0.0,120000,365.823051,1244.66997,2224230.7,10.0,15000,0.55,120000,341.99228,1213.71365,1379382.02,10.0,35000,0.78,120000
788,-0.0151760888410526,-0.0082599108694076,-0.0062757645031344,-0.0061378482515101,-0.041415770829792,-0.0059077671347465,-0.0292362650443475,-0.0054253913889824,-0.0152210222881291,-0.0065731546513573,340.724727,1202.23107,1344783.41,10.0,35000,0.78,25000,390.441394,1365.87944,3411093.06,15.0,0.0,0.0,120000,365.843316,1245.16914,2223546.79,10.0,15000,0.55,120000,342.019775,1214.1505,1378979.31,10.0,35000,0.78,120000
789,-0.0152245819764035,-0.008300837012611,-0.0062898154952626,-0.006183213575265,-0.041602775490742,-0.0059315560714968,-0.0293633952585002,-0.0054681248104837,-0.0152796289102261,-0.0065979307438486,340.752484,1202.67303,1344632.83,10.0,35000,0.78,25000,390.459666,1366.36551,3410413.89,15.0,0.0,0.0,120000,365.859574,1245.60466,2223024.9,10.0,15000,0.55,120000,342.042082,1214.53312,1378672.74,10.0,35000,0.78,120000
790,-0.0152826584996455,-0.0083410264878285,-0.0063088715915924,-0.0061927155621695,-0.0418083254976163,-0.0059893883637037,-0.0294712645088522,-0.0054751729496419,-0.0153469081703611,-0.0066278567724535,340.771505,1203.13089,1344417.21,10.0,35000,0.78,25000,390.476487,1366.89639,3409847.12,15.0,0.0,0.0,120000,365.873969,1246.0949,2222629.75,10.0,15000,0.55,120000,342.061324,1214.98335,1378444.95,10.0,35000,0.78,120000
791,-0.0153824678423048,-0.0083581492644921,-0.0063249531810654,-0.0062476474507011,-0.0420057531341918,-0.0060212790803595,-0.0296133967089834,-0.0055141835260111,-0.0154092609124172,-0.0066579062297677,340.810388,1203.62274,1344250.71,10.0,35000,0.78,25000,390.503953,1367.43323,3409062.7,15.0,0.0,0.0,120000,365.898929,1246.57479,2222024.78,10.0,15000,0.55,120000,342.094021,1215.40324,1378092.42,10.0,35000,0.78,120000
792,-0.0154774593156729,-0.0083875372553096,-0.0063456477943833,-0.0062665940970501,-0.0421762712302642,-0.00605918536832,-0.0297239927108838,-0.0055351998058438,-0.0154769186666421,-0.0067163728761357,340.835716,1204.06842,1344067.16,10.0,35000,0.78,25000,390.525324,1367.94023,3408502.63,15.0,0.0,0.0,120000,365.917827,1247.04008,2221621.56,10.0,15000,0.55,120000,342.118275,1215.82775,1377860.46,10.0,35000,0.78,120000
793,-0.0155680660241154,-0.0084245409617407,-0.0064198639531893,-0.0063461728900796,-0.0423262767033029,-0.0060826898900758,-0.0298619797355641,-0.0056021523789966,-0.0155460865754533,-0.006728464663741,340.870732,1204.49953,1344031.34,10.0,35000,0.78,25000,390.546581,1368.3855,3407945.43,15.0,0.0,0.0,120000,365.937673,1247.42708,2221135.75,10.0,15000,0.55,120000,342.144009,1216.16812,1377577.8,10.0,35000,0.78,120000
794,-0.0156215016137844,-0.0084460939945797,-0.0064694077597918,-0.0063959153523937,-0.0424900271720632,-0.0061050995414867,-0.0299999508678844,-0.0056213589124862,-0.0156680114457252,-0.0067694380136029,340.897656,1204.98021,1343897.47,10.0,35000,0.78,25000,390.565459,1368.91341,3407365.54,15.0,0.0,0.0,120000,365.954906,1247.90217,2220679.21,10.0,15000,0.55,120000,342.166695,1216.60084,1377318.88,10.0,35000,0.78,120000
795,-0.015717572190377,-0.0084809511502507,-0.0064910251535498,-0.0064501433635489,-0.0426607287396395,-0.0061099829425261,-0.0301420952172585,-0.0056504302747923,-0.0157223457535746,-0.0068167572610799,340.933685,1205.45928,1343708.76,10.0,35000,0.78,25000,390.590289,1369.43126,3406526.02,15.0,0.0,0.0,120000,365.977555,1248.36473,2220039.63,10.0,15000,0.55,120000,342.196071,1217.00744,1376938.47,10.0,35000,0.78,120000
796,-0.0157775809344861,-0.0085671400564936,-0.0065055995536338,-0.0064794560135206,-0.0428508499359569,-0.0061378764132564,-0.0302575659524021,-0.0056829101948529,-0.0158036298295215,-0.006856702303001,340.95217,1205.92629,1343529.22,10.0,35000,0.78,25000,390.603462,1369.94978,3405919.38,15.0,0.0,0.0,120000,365.988834,1248.83645,2219589.37,10.0,15000,0.55,120000,342.21105,1217.44041,1376667.44,10.0,35000,0.78,120000
797,-0.0158619991320756,-0.008587373620076,-0.0065323431348702,-0.0064918367708483,-0.0430281434212524,-0.0061588552078411,-0.0303999473048182,-0.0056886345126023,-0.0158517010466121,-0.0068757818018895,340.977429,1206.40566,1343295.36,10.0,35000,0.78,25000,390.625585,1370.50042,3405284.81,15.0,0.0,0.0,120000,366.008552,1249.34457,2219145.4,10.0,15000,0.55,120000,342.236323,1217.90489,1376410.73,10.0,35000,0.78,120000
798,-0.0159095804260954,-0.0086204373643499,-0.0065448424494408,-0.0065508728906984,-0.0431999510383706,-0.0062001403482703,-0.0305131842867405,-0.0057157058717798,-0.0159257496453834,-0.0069161295521326,341.007476,1206.82838,1343151.7,10.0,35000,0.78,25000,390.643961,1370.94815,3404537.04,15.0,0.0,0.0,120000,366.025582,1249.74025,2218562.04,10.0,15000,0.55,120000,342.258962,1218.2511,1376063.85,10.0,35000,0.78,120000
799,-0.0088442813085981,-0.0048705626834542,-0.0033611891972706,-0.0034919404509707,-0.0265009609269447,-0.0031901606570744,-0.0172163732860958,-0.0032208273585823,-0.0088629739696791,-0.0037710502868731,338.575146,1164.38867,1359235.63,10.0,35000,0.78,25000,388.773633,1321.70738,3462823.51,15.0,0.0,0.0,120000,364.363412,1205.06548,2261995.86,10.0,15000,0.55,120000,340.098638,1179.401,1400893.51,10.0,35000,0.78,120000
800,-0.0091308873849186,-0.0049562350691301,-0.0034058561580241,-0.0035193869754468,-0.0272703515285485,-0.0032227443486323,-0.0178573260505675,-0.0032422395070944,-0.0091094610180177,-0.0038155334044222,338.667745,1166.14758,1358254.99,10.0,35000,0.78,25000,388.860303,1323.90171,3460254.33,15.0,0.0,0.0,120000,364.441239,1207.12652,2260189.77,10.0,15000,0.55,120000,340.196477,1181.15983,1399815.64,10.0,35000,0.78,120000
801,-0.0092239164417192,-0.0049985339995448,-0.0034143809352876,-0.0035453214915759,-0.0276225954996333,-0.0032408451090886,-0.0181469840846097,-0.0033376912045327,-0.0092065880117628,-0.0038287996629733,338.709593,1166.91179,1357947.9,10.0,35000,0.78,25000,388.896481,1324.84496,3459311.97,15.0,0.0,0.0,120000,364.47369,1208.00659,2259496.69,10.0,15000,0.55,120000,340.238057,1181.89645,1399406.56,10.0,35000,0.78,120000
802,-0.0092875945639757,-0.0050816146218117,-0.0034320316314146,-0.0035832076147761,-0.0278379458473936,-0.0032597757856269,-0.0183288112279075,-0.0033605213162989,-0.0092884026907675,-0.0038516455931851,338.734481,1167.41803,1357701.5,10.0,35000,0.78,25000,388.915081,1325.44638,3458454.11,15.0,0.0,0.0,120000,364.490163,1208.55907,2258857.05,10.0,15000,0.55,120000,340.259259,1182.3586,1399018.63,10.0,35000,0.78,120000
803,-0.0093398829137479,-0.0051165281054703,-0.0034457858026663,-0.0036346231832382,-0.0280120195966835,-0.0033443032306197,-0.0184851552004316,-0.003378942967461,-0.0093917180143587,-0.0038810812090394,338.762132,1167.8411,1357539.75,10.0,35000,0.78,25000,388.934393,1325.93827,3457723.75,15.0,0.0,0.0,120000,364.507887,1209.00404,2258289.9,10.0,15000,0.55,120000,340.28203,1182.72135,1398686.18,10.0,35000,0.78,120000
804,-0.0094344638191658,-0.0051794338397282,-0.0034585367617573,-0.0036675126268889,-0.0281672243225887,-0.0034134252210052,-0.0186171986869077,-0.0033849300279083,-0.0094411829455795,-0.0039119893214352,338.78632,1168.21933,1357337.97,10.0,35000,0.78,25000,388.952906,1326.38227,3456988.19,15.0,0.0,0.0,120000,364.524436,1209.40913,2257744.44,10.0,15000,0.55,120000,340.302611,1183.05577,1398357.51,10.0,35000,0.78,120000
805,-0.0095070671928718,-0.0052396717783566,-0.0035065373932852,-0.0036799035185529,-0.0283241706232374,-0.0034226496468899,-0.0187474567089042,-0.0033914670655266,-0.0094875028578801,-0.0039478334752422,338.803247,1168.61513,1357127.97,10.0,35000,0.78,25000,388.968274,1326.86285,3456410.83,15.0,0.0,0.0,120000,364.537763,1209.8562,2257333.64,10.0,15000,0.55,120000,340.319286,1183.44201,1398112.44,10.0,35000,0.78,120000
806,-0.0095876929552221,-0.0052841287221589,-0.0036121635372943,-0.0037068401305644,-0.0284673466528686,-0.003480022630485,-0.0188592485162383,-0.0034082839971012,-0.0095629443178521,-0.0039968558680713,338.820538,1168.99859,1357014.9,10.0,35000,0.78,25000,388.983339,1327.31634,3456051.24,15.0,0.0,0.0,120000,364.551214,1210.27311,2257054.19,10.0,15000,0.55,120000,340.335707,1183.81142,1397956.31,10.0,35000,0.78,120000
807,-0.0096714595813787,-0.0052983224903226,-0.0036260503748251,-0.0037385436153282,-0.0286301704093626,-0.0034923175016881,-0.0189981851106619,-0.0034103446078613,-0.0096576738187831,-0.0040376589501642,338.848256,1169.41217,1356826.07,10.0,35000,0.78,25000,389.005965,1327.81094,3455387.24,15.0,0.0,0.0,120000,364.571764,1210.72759,2256559.72,10.0,15000,0.55,120000,340.361478,1184.18952,1397672.12,10.0,35000,0.78,120000
808,-0.0097554183609266,-0.0053137892847538,-0.0036593114350588,-0.0038061717138707,-0.028823087107027,-0.0034990515087813,-0.0191257205947479,-0.0034149280768799,-0.0097081302121666,-0.0040927584460605,338.887192,1169.82422,1356629.7,10.0,35000,0.78,25000,389.032641,1328.2836,3454398.49,15.0,0.0,0.0,120000,364.59647,1211.14917,2255796.73,10.0,15000,0.55,120000,340.392901,1184.50707,1397225.32,10.0,35000,0.78,120000
809,-0.0098281833460588,-0.0053482989415687,-0.0037026131254724,-0.0038760538868099,-0.0290040024001774,-0.0035208455196197,-0.019262296172224,-0.0034360139619181,-0.0097797485816261,-0.0041159208377637,338.920506,1170.23016,1356492.39,10.0,35000,0.78,25000,389.054353,1328.74205,3453593.05,15.0,0.0,0.0,120000,364.616578,1211.55601,2255154.09,10.0,15000,0.55,120000,340.418544,1184.82338,1396850.42,10.0,35000,0.78,120000
810,-0.0098736114924568,-0.0053641977330778,-0.0037421644166738,-0.0038945477210951,-0.0291905258911773,-0.0035288599358678,-0.0193707254390068,-0.003458440801081,-0.0098503107005283,-0.004160372877786,338.941058,1170.62203,1356335.91,10.0,35000,0.78,25000,389.071984,1329.21938,3453105.45,15.0,0.0,0.0,120000,364.632236,1211.99793,2254795.93,10.0,15000,0.55,120000,340.43866,1185.19601,1396651.03,10.0,35000,0.78,120000
811,-0.0099255792348409,-0.0054060961177146,-0.0037618057393287,-0.0040162623758203,-0.0293482219905489,-0.0035341271198042,-0.0194840922834544,-0.0034643860198066,-0.0099035290819483,-0.0042216675694781,338.985329,1170.96195,1356197.83,10.0,35000,0.78,25000,389.094351,1329.56312,3451851.91,15.0,0.0,0.0,120000,364.653604,1212.27865,2253782.6,10.0,15000,0.55,120000,340.466603,1185.36033,1396049.02,10.0,35000,0.78,120000
812,-0.009994218192725,-0.0054296951884436,-0.003784684594944,-0.0040302074934053,-0.0295336390425925,-0.0035448950295582,-0.0195898061703297,-0.0034973022144428,-0.0099952120401842,-0.0042531480199373,339.004783,1171.35527,1356070.5,10.0,35000,0.78,25000,389.112055,1330.04112,3451487.91,15.0,0.0,0.0,120000,364.66919,1212.72117,2253515.15,10.0,15000,0.55,120000,340.486226,1185.74283,1395904.11,10.0,35000,0.78,120000
813,-0.010052575249266,-0.0054853515300027,-0.0038089369773649,-0.0040828990694507,-0.0297121402890573,-0.003589972049632,-0.0197081148014771,-0.0035715054133604,-0.0100469536501939,-0.0042640690995849,339.029958,1171.71364,1356011.17,10.0,35000,0.78,25000,389.128067,1330.44703,3450982.08,15.0,0.0,0.0,120000,364.683609,1213.08215,2253095.16,10.0,15000,0.55,120000,340.504891,1186.02817,1395660.2,10.0,35000,0.78,120000
814,-0.0101200491784182,-0.0055239001921355,-0.0038399978852103,-0.0040932730062742,-0.0298614524111275,-0.0035947066769836,-0.0198874211713821,-0.0035957837638452,-0.0101452789726372,-0.0042751123594393,339.048409,1172.1681,1355831.75,10.0,35000,0.78,25000,389.145632,1331.00099,3450532.24,15.0,0.0,0.0,120000,364.698796,1213.59653,2252774.43,10.0,15000,0.55,120000,340.524177,1186.47875,1395482.7,10.0,35000,0.78,120000
815,-0.0102049714935375,-0.0055762733565544,-0.0038685403436951,-0.0041273783288023,-0.030055145292869,-0.0036372456680611,-0.020003009270302,-0.0036089737495428,-0.0102020530856174,-0.0043056789814998,339.073594,1172.57486,1355647.01,10.0,35000,0.78,25000,389.164896,1331.47971,3449842.39,15.0,0.0,0.0,120000,364.715799,1214.03127,2252260.8,10.0,15000,0.55,120000,340.54573,1186.83887,1395183.89,10.0,35000,0.78,120000
816,-0.0102738606342919,-0.0056089220824418,-0.0038827962543779,-0.0041515094013395,-0.0302189791020849,-0.0036708609916029,-0.0201661655958953,-0.003637471228111,-0.0102534946768205,-0.0043434968314722,339.100016,1173.00358,1355443.93,10.0,35000,0.78,25000,389.186168,1331.99617,3449149.98,15.0,0.0,0.0,120000,364.734491,1214.50496,2251756.93,10.0,15000,0.55,120000,340.569868,1187.22917,1394895.72,10.0,35000,0.78,120000
817,-0.010344346378813,-0.0056386495297614,-0.0039174293702307,-0.0041827456704979,-0.0303801033706318,-0.0037690215163333,-0.0202832576498172,-0.003672992694467,-0.0103049066169044,-0.0043592371622637,339.123042,1173.35722,1355335.31,10.0,35000,0.78,25000,389.20382,1332.41175,3448684.25,15.0,0.0,0.0,120000,364.75021,1214.88162,2251397.94,10.0,15000,0.55,120000,340.589941,1187.54338,1394694.08,10.0,35000,0.78,120000
818,-0.0104265592887246,-0.0056907276134374,-0.003940583503991,-0.0042230986708907,-0.030596327986342,-0.0038210946050347,-0.0204116052706137,-0.0036735712314542,-0.0103775407410285,-0.0043837733239941,339.151044,1173.80575,1355119.28,10.0,35000,0.78,25000,389.224661,1332.93842,3447874.05,15.0,0.0,0.0,120000,364.768606,1215.35844,2250795.9,10.0,15000,0.55,120000,340.61356,1187.93819,1394344.93,10.0,35000,0.78,120000
819,-0.0104861879165723,-0.0057791719618774,-0.0039794612688839,-0.0042520385331744,-0.0307643492776127,-0.0038536434351752,-0.0205335792522825,-0.0036962915387499,-0.0104254267307211,-0.0044304036048766,339.168898,1174.2054,1354931.37,10.0,35000,0.78,25000,389.237531,1333.40685,3447212.19,15.0,0.0,0.0,120000,364.779363,1215.78444,2250307.84,10.0,15000,0.55,120000,340.627649,1188.29867,1394055.28,10.0,35000,0.78,120000
820,-0.010564515904326,-0.005800605439105,-0.0040100092179422,-0.0043049340952695,-0.0309360106328338,-0.003858610150636,-0.0206771082416705,-0.0037000228083389,-0.0104933717547562,-0.0044516231807879,339.201659,1174.62052,1354751.54,10.0,35000,0.78,25000,389.260724,1333.88824,3446401.89,15.0,0.0,0.0,120000,364.800359,1216.21462,2249687.19,10.0,15000,0.55,120000,340.654603,1188.64414,1393701.11,10.0,35000,0.78,120000
821,-0.0106431629438371,-0.0058330182392253,-0.0040262824128996,-0.0043362672150147,-0.0310898574027446,-0.0039097066078012,-0.0208195873508647,-0.0037457529309365,-0.0105630077014942,-0.0045000098696525,339.228378,1175.02411,1354615.46,10.0,35000,0.78,25000,389.281396,1334.36546,3445844.2,15.0,0.0,0.0,120000,364.818645,1216.64802,2249263.73,10.0,15000,0.55,120000,340.678047,1189.00558,1393464.17,10.0,35000,0.78,120000
822,-0.0107123352107631,-0.005855870760551,-0.0040953379365091,-0.0043831521177534,-0.0312454981264835,-0.0039413313018253,-0.0209254005549678,-0.0037892764746716,-0.0106325977608412,-0.0045104701274755,339.252631,1175.37308,1354570.08,10.0,35000,0.78,25000,389.298559,1334.76478,3445475.0,15.0,0.0,0.0,120000,364.834251,1217.00413,2248948.4,10.0,15000,0.55,120000,340.69786,1189.30544,1393294.06,10.0,35000,0.78,120000
823,-0.0107725296089826,-0.0059304219088402,-0.004138950167529,-0.0044237167544256,-0.03141730981809,-0.0040099177294299,-0.0210886453514377,-0.0038058232416517,-0.0106853131005634,-0.0045249911242744,339.276087,1175.81194,1354370.87,10.0,35000,0.78,25000,389.314733,1335.27613,3444712.19,15.0,0.0,0.0,120000,364.848187,1217.46481,2248375.61,10.0,15000,0.55,120000,340.716258,1189.69262,1392960.0,10.0,35000,0.78,120000
824,-0.0108516653637363,-0.0059533181449406,-0.0041631524561449,-0.0044522639261915,-0.0315889890603121,-0.0040237262147465,-0.0212277822823595,-0.0038657694709787,-0.0107433005639482,-0.0045505583690172,339.30337,1176.21774,1354259.38,10.0,35000,0.78,25000,389.336264,1335.76002,3444240.67,15.0,0.0,0.0,120000,364.867258,1217.90534,2248012.69,10.0,15000,0.55,120000,340.740706,1190.06182,1392761.96,10.0,35000,0.78,120000
825,-0.0109042943759144,-0.0059988367193796,-0.0042000111079753,-0.0044846895990333,-0.0317358800943111,-0.0040305655694316,-0.0213768078706993,-0.0039141521116542,-0.0108069946633781,-0.0045763983919868,339.325509,1176.61662,1354137.32,10.0,35000,0.78,25000,389.352511,1336.23002,3443733.59,15.0,0.0,0.0,120000,364.881411,1218.33138,2247621.99,10.0,15000,0.55,120000,340.759258,1190.4224,1392541.72,10.0,35000,0.78,120000
826,-0.0109677037758593,-0.006030282077134,-0.0042218543563173,-0.004493584094844,-0.0318791962405137,-0.0040628349791984,-0.0215147662804569,-0.0039327830884605,-0.0109035381359716,-0.0045964732201683,339.342386,1177.01474,1353988.73,10.0,35000,0.78,25000,389.368287,1336.71355,3443358.15,15.0,0.0,0.0,120000,364.894954,1218.77832,2247354.95,10.0,15000,0.55,120000,340.776549,1190.82094,1392398.45,10.0,35000,0.78,120000
827,-0.0110428376940555,-0.0060913572323043,-0.004257304084834,-0.0045046417993456,-0.0320350510248221,-0.0040979442758416,-0.0216375847208469,-0.003961621270759,-0.0109631452354146,-0.0046049041621677,339.357759,1177.3956,1353846.82,10.0,35000,0.78,25000,389.382082,1337.17101,3442972.46,15.0,0.0,0.0,120000,364.906557,1219.19942,2247076.7,10.0,15000,0.55,120000,340.79123,1191.19605,1392240.6,10.0,35000,0.78,120000
828,-0.0111112854308192,-0.0061135622276206,-0.004282708335888,-0.0045266976001359,-0.0321833488515018,-0.004116952585943,-0.0217304098348132,-0.0039758065653636,-0.0110524785978494,-0.0046274772035138,339.376876,1177.7369,1353739.92,10.0,35000,0.78,25000,389.397896,1337.57626,3442604.1,15.0,0.0,0.0,120000,364.920516,1219.56901,2246797.86,10.0,15000,0.55,120000,340.80884,1191.52023,1392089.68,10.0,35000,0.78,120000
829,-0.0111607674465363,-0.0061430579635687,-0.0043051809834837,-0.0045365586695972,-0.032382219610717,-0.0041395020145924,-0.0218249011423315,-0.0039997730678555,-0.0111476218544385,-0.0046583378292134,339.393677,1178.13729,1353600.51,10.0,35000,0.78,25000,389.413194,1338.06299,3442234.17,15.0,0.0,0.0,120000,364.933575,1220.01828,2246533.44,10.0,15000,0.55,120000,340.825779,1191.91862,1391949.38,10.0,35000,0.78,120000
830,-0.0112113442724379,-0.006184844626257,-0.0043304089239731,-0.0045691555235778,-0.0325539024773443,-0.0041877524510008,-0.0219528889950262,-0.0040150419323045,-0.0112044564450755,-0.0046821763864585,339.416994,1178.53029,1353427.53,10.0,35000,0.78,25000,389.430084,1338.52541,3441577.68,15.0,0.0,0.0,120000,364.948271,1220.43619,2246044.63,10.0,15000,0.55,120000,340.84515,1192.27022,1391669.27,10.0,35000,0.78,120000
831,-0.0112797485740672,-0.0062602169022562,-0.0043444807524248,-0.0046305058148947,-0.0327238924904507,-0.0041942950735474,-0.0220779085779435,-0.0040227715119831,-0.0112634071195646,-0.0047090398227301,339.445613,1178.92436,1353244.74,10.0,35000,0.78,25000,389.44726,1338.96548,3440677.46,15.0,0.0,0.0,120000,364.963427,1220.82262,2245352.69,10.0,15000,0.55,120000,340.865005,1192.58043,1391259.67,10.0,35000,0.78,120000
832,-0.0113383170099988,-0.0062957008501381,-0.0043781665883097,-0.0046383299168529,-0.0328870338107097,-0.0042082959153488,-0.0221685079399577,-0.0040415005038032,-0.0113006828005895,-0.0047152944119677,339.460995,1179.25811,1353105.42,10.0,35000,0.78,25000,389.461148,1339.36993,3440299.61,15.0,0.0,0.0,120000,364.975253,1221.19533,2245085.2,10.0,15000,0.55,120000,340.880139,1192.90853,1391110.1,10.0,35000,0.78,120000
833,-0.0113864719352034,-0.0063772070555739,-0.0044124196694371,-0.0046443979545378,-0.0330421620580613,-0.0042252360932545,-0.0222597572201006,-0.0040619397333468,-0.0113432520149216,-0.0047442566407293,339.470342,1179.60418,1352944.48,10.0,35000,0.78,25000,389.469677,1339.78433,3439881.17,15.0,0.0,0.0,120000,364.981823,1221.57719,2244792.98,10.0,15000,0.55,120000,340.888757,1193.25081,1390937.28,10.0,35000,0.78,120000
834,-0.0114633856520054,-0.0063900068995871,-0.0044427620337237,-0.0046532827392431,-0.0332198132122472,-0.0042774601253095,-0.0224053137046646,-0.0040981722546875,-0.0114206809840325,-0.0047912834390011,339.494625,1180.05671,1352776.36,10.0,35000,0.78,25000,389.491883,1340.33536,3439424.79,15.0,0.0,0.0,120000,365.00117,1222.08624,2244471.52,10.0,15000,0.55,120000,340.913517,1193.69754,1390767.7,10.0,35000,0.78,120000
835,-0.0115129760930061,-0.006422545444586,-0.0044901401360651,-0.0046631895425742,-0.0333854674674747,-0.0042878347670669,-0.0224983494170758,-0.0041127735821624,-0.0115006957284778,-0.0048288828974614,339.509207,1180.43284,1352638.18,10.0,35000,0.78,25000,389.505487,1340.78886,3439070.51,15.0,0.0,0.0,120000,365.012786,1222.50413,2244220.17,10.0,15000,0.55,120000,340.928425,1194.07286,1390633.1,10.0,35000,0.78,120000
836,-0.0115602249314082,-0.006474987162459,-0.0045514282881561,-0.004688291243472,-0.0335560682963046,-0.0043055443179408,-0.0225946594518729,-0.0041193060668893,-0.0115433405034589,-0.0048545685515649,339.526295,1180.8009,1352475.62,10.0,35000,0.78,25000,389.518455,1341.22167,3438524.76,15.0,0.0,0.0,120000,365.023908,1222.89647,2243819.36,10.0,15000,0.55,120000,340.942951,1194.41439,1390402.62,10.0,35000,0.78,120000
837,-0.0116658458196817,-0.0065149932105469,-0.0045703365522424,-0.004715473097882,-0.0337498537200781,-0.0043191873975737,-0.0226860504168758,-0.0041635540022317,-0.0116486487536989,-0.0049112385015822,339.551239,1181.22256,1352368.62,10.0,35000,0.78,25000,389.53908,1341.71537,3438111.39,15.0,0.0,0.0,120000,365.042162,1223.34519,2243503.57,10.0,15000,0.55,120000,340.965642,1194.80907,1390230.66,10.0,35000,0.78,120000
838,-0.0117327734441946,-0.0065584149088487,-0.0046072248433944,-0.0047583610180478,-0.0338908186893653,-0.0043352190291041,-0.0227732970747263,-0.004167874831906,-0.0117133472028317,-0.0049521028424138,339.573824,1181.55627,1352238.32,10.0,35000,0.78,25000,389.554385,1342.09243,3437511.93,15.0,0.0,0.0,120000,365.055905,1223.67945,2243043.93,10.0,15000,0.55,120000,340.983136,1195.09131,1389965.0,10.0,35000,0.78,120000
839,-0.0117826993822745,-0.0066044724560807,-0.004636462644479,-0.0048166363836692,-0.0340283785535942,-0.0043800397424101,-0.0228761018633631,-0.004238954812624,-0.0117883518258531,-0.0049925019664466,339.598366,1181.88713,1352217.33,10.0,35000,0.78,25000,389.56876,1342.4534,3437077.68,15.0,0.0,0.0,120000,365.069045,1223.99348,2242670.33,10.0,15000,0.55,120000,341.000296,1195.3491,1389752.79,10.0,35000,0.78,120000
840,-0.0118582811674148,-0.0066411044871828,-0.0046468242341969,-0.0048443774443881,-0.0341727857625561,-0.0044001167269165,-0.0230144375936407,-0.0042596695016413,-0.0118685834810138,-0.0050065366549363,339.621463,1182.28246,1352067.62,10.0,35000,0.78,25000,389.586808,1342.91577,3436538.27,15.0,0.0,0.0,120000,365.085084,1224.41182,2242269.8,10.0,15000,0.55,120000,341.020688,1195.71244,1389525.57,10.0,35000,0.78,120000
841,-0.0119091391895722,-0.0066857552429245,-0.0046599078867537,-0.004879658756251,-0.034338922852356,-0.0044222480753893,-0.0231306049143459,-0.0042710310269299,-0.0119243365047764,-0.0050704420329129,339.646667,1182.6812,1351866.96,10.0,35000,0.78,25000,389.604508,1343.37878,3435762.3,15.0,0.0,0.0,120000,365.100756,1224.82702,2241701.86,10.0,15000,0.55,120000,341.041235,1196.0594,1389195.83,10.0,35000,0.78,120000
842,-0.0119715376550943,-0.0067384373518133,-0.0046836304260401,-0.0048964915908501,-0.0344787948050302,-0.0044411877255979,-0.0232347070812965,-0.0042875921610178,-0.0120166819800577,-0.0051389194923228,339.663042,1183.0664,1351711.65,10.0,35000,0.78,25000,389.618323,1343.83291,3435293.23,15.0,0.0,0.0,120000,365.112683,1225.24153,2241366.16,10.0,15000,0.55,120000,341.056357,1196.42975,1389005.73,10.0,35000,0.78,120000
843,-0.0120194517123684,-0.0067775721611335,-0.0046944990713589,-0.0049104706038064,-0.0346600616096581,-0.004472019383002,-0.0233644438962019,-0.0043253021473484,-0.0120826841801183,-0.0052056910381795,339.684655,1183.50585,1351520.96,10.0,35000,0.78,25000,389.63618,1344.35892,3434704.89,15.0,0.0,0.0,120000,365.12821,1225.72295,2240952.23,10.0,15000,0.55,120000,341.07669,1196.84776,1388772.2,10.0,35000,0.78,120000
844,-0.0120910040801976,-0.0067921765563015,-0.0047339572924579,-0.0049503236303814,-0.0348015236865078,-0.0045225290679035,-0.0234559234411949,-0.0043595607018154,-0.0121223753095476,-0.005222925610641,339.709968,1183.81732,1351446.09,10.0,35000,0.78,25000,389.654121,1344.71198,3434256.58,15.0,0.0,0.0,120000,365.144751,1226.03496,2240598.45,10.0,15000,0.55,120000,341.097589,1197.10935,1388573.29,10.0,35000,0.78,120000
845,-0.012187332294793,-0.0068331520595582,-0.0047554075540346,-0.0049580333444931,-0.0349511025957322,-0.0045378407355652,-0.0235438590842351,-0.0043879466711532,-0.0121841738559236,-0.0052415417687694,339.726835,1184.16281,1351331.07,10.0,35000,0.78,25000,389.670011,1345.1247,3433952.79,15.0,0.0,0.0,120000,365.158685,1226.41257,2240388.31,10.0,15000,0.55,120000,341.11454,1197.45157,1388456.02,10.0,35000,0.78,120000
846,-0.0122397294917194,-0.0068850755414207,-0.0048251394853122,-0.0050022724759459,-0.035092480365042,-0.0045510081662225,-0.0237117359017618,-0.0044589877223393,-0.0122243421376624,-0.0052517857159337,339.750972,1184.58246,1351241.64,10.0,35000,0.78,25000,389.686277,1345.60539,3433455.91,15.0,0.0,0.0,120000,365.17334,1226.83932,2239996.41,10.0,15000,0.55,120000,341.1336,1197.81778,1388232.88,10.0,35000,0.78,120000
847,-0.0123144119342573,-0.0068987898755612,-0.0048421425324984,-0.005033228244052,-0.0352536962287216,-0.0045977496780294,-0.023799746279202,-0.0044940868214202,-0.012272781357845,-0.0052761479672996,339.776295,1184.91658,1351142.62,10.0,35000,0.78,25000,389.705335,1345.99211,3432992.78,15.0,0.0,0.0,120000,365.190737,1227.18342,2239646.88,10.0,15000,0.55,120000,341.155622,1198.11069,1388036.85,10.0,35000,0.78,120000
848,-0.0124158722614115,-0.0069374950091108,-0.0048819588354743,-0.0050483185475141,-0.0353928671088455,-0.0046771994263882,-0.0239131971307825,-0.0045004532769412,-0.0123099620746234,-0.0053054678155382,339.797768,1185.28528,1350969.03,10.0,35000,0.78,25000,389.723896,1346.42789,3432472.29,15.0,0.0,0.0,120000,365.207206,1227.57776,2239283.12,10.0,15000,0.55,120000,341.176049,1198.46193,1387827.72,10.0,35000,0.78,120000
849,-0.0124949997193066,-0.0069625702452455,-0.0049273038291243,-0.0050914668843579,-0.0355348815866992,-0.0047019672035639,-0.0240445534674985,-0.0045722428529319,-0.0123592697483625,-0.0053194285809449,339.825201,1185.65859,1350918.14,10.0,35000,0.78,25000,389.743408,1346.85164,3432073.57,15.0,0.0,0.0,120000,365.225081,1227.95154,2238959.01,10.0,15000,0.55,120000,341.198864,1198.78153,1387648.49,10.0,35000,0.78,120000
850,-0.0125645694863928,-0.0069770144391152,-0.0049411309441772,-0.0051170968744132,-0.0356896388466228,-0.0047232342231381,-0.0241557681679858,-0.0045806982186995,-0.0124174817577411,-0.0053697896933107,339.851302,1186.04343,1350736.66,10.0,35000,0.78,25000,389.763823,1347.30399,3431429.01,15.0,0.0,0.0,120000,365.24346,1228.35713,2238498.32,10.0,15000,0.55,120000,341.222564,1199.12977,1387387.4,10.0,35000,0.78,120000
851,-0.0126235317514868,-0.0069946734374185,-0.0049515908081031,-0.0051559786986938,-0.0358939597597505,-0.004740097178188,-0.0242624400721967,-0.004627122575376,-0.0125328971802781,-0.0054118856092419,339.878388,1186.4827,1350633.07,10.0,35000,0.78,25000,389.783832,1347.8117,3430934.61,15.0,0.0,0.0,120000,365.261594,1228.80934,2238119.9,10.0,15000,0.55,120000,341.246271,1199.52373,1387181.76,10.0,35000,0.78,120000
852,-0.0126839782946349,-0.0070724643059643,-0.0049775334529384,-0.0051783567902972,-0.0361010673063589,-0.0047503741512201,-0.0243677192524871,-0.004668408279198,-0.0125712054770568,-0.0054488548622429,339.897962,1186.91137,1350452.69,10.0,35000,0.78,25000,389.798495,1348.31317,3430318.33,15.0,0.0,0.0,120000,365.274069,1229.25975,2237679.75,10.0,15000,0.55,120000,341.26295,1199.91844,1386922.86,10.0,35000,0.78,120000
853,-0.012779359146197,-0.00710656233232,-0.0050264732841837,-0.0052061308747935,-0.0362876991004424,-0.0047609957651149,-0.0244654496433842,-0.00470226087108,-0.012628655528599,-0.0054713092178981,339.92245,1187.31672,1350330.86,10.0,35000,0.78,25000,389.818165,1348.78468,3429861.24,15.0,0.0,0.0,120000,365.291674,1229.68238,2237340.79,10.0,15000,0.55,120000,341.285283,1200.29114,1386734.72,10.0,35000,0.78,120000
854,-0.0128321324624152,-0.0071197198563662,-0.0050392528986022,-0.0052547878699508,-0.0364304983455789,-0.0047996514061963,-0.0245542476237725,-0.0047102927645878,-0.0127188639215733,-0.005517918432081,339.948833,1187.65795,1350217.01,10.0,35000,0.78,25000,389.835589,1349.16524,3429254.52,15.0,0.0,0.0,120000,365.307757,1230.01428,2236874.53,10.0,15000,0.55,120000,341.306426,1200.56942,1386472.37,10.0,35000,0.78,120000
855,-0.0128956665882805,-0.0071594385640614,-0.0050543302530063,-0.005314764386187,-0.0366122309927874,-0.0048107144833142,-0.0246746620647101,-0.0047328903119189,-0.0128349425884991,-0.0055349967977237,339.977572,1188.08664,1350099.95,10.0,35000,0.78,25000,389.853902,1349.64138,3428592.25,15.0,0.0,0.0,120000,365.324536,1230.42966,2236355.09,10.0,15000,0.55,120000,341.328625,1200.92417,1386177.14,10.0,35000,0.78,120000
856,-0.0129624010528027,-0.0071923099001161,-0.0051045390517475,-0.0053203585147036,-0.0367563338650208,-0.0048232813989556,-0.0248279294544967,-0.0047719322472872,-0.0129034975511236,-0.0055520388829965,339.99488,1188.52394,1349953.67,10.0,35000,0.78,25000,389.870452,1350.16497,3428251.81,15.0,0.0,0.0,120000,365.338868,1230.90986,2236122.68,10.0,15000,0.55,120000,341.347298,1201.36036,1386056.63,10.0,35000,0.78,120000
857,-0.0130516264988595,-0.007262010722247,-0.0051174440164287,-0.0053358905271513,-0.0369301462712383,-0.0048904712988267,-0.0249225099098576,-0.0047856576080366,-0.0129632901309256,-0.0055614483606958,340.011682,1188.90271,1349790.61,10.0,35000,0.78,25000,389.884457,1350.60279,3427769.77,15.0,0.0,0.0,120000,365.350905,1231.30809,2235779.33,10.0,15000,0.55,120000,341.362707,1201.71929,1385856.37,10.0,35000,0.78,120000
858,-0.0131051197548039,-0.0072974464602073,-0.0051333593603994,-0.005348088569776,-0.0371023893067218,-0.0048995066742884,-0.0250102175602425,-0.0048371127475266,-0.0130305791884683,-0.0055806634411485,340.027721,1189.26464,1349699.15,10.0,35000,0.78,25000,389.898072,1351.02728,3427492.0,15.0,0.0,0.0,120000,365.362751,1231.69571,2235576.47,10.0,15000,0.55,120000,341.378397,1202.06664,1385748.79,10.0,35000,0.78,120000
859,-0.0131632842663997,-0.0073302738754339,-0.005164787082168,-0.0053754674267035,-0.0372682608944626,-0.0049122003855218,-0.0251098375004259,-0.0048858505300256,-0.0130864673952682,-0.005606938095543,340.04895,1189.63683,1349601.39,10.0,35000,0.78,25000,389.913916,1351.45423,3427083.91,15.0,0.0,0.0,120000,365.376865,1232.08006,2235266.27,10.0,15000,0.55,120000,341.397175,1202.40275,1385577.25,10.0,35000,0.78,120000
860,-0.0132131241491441,-0.0074101690119119,-0.0051876361438449,-0.0054108657741752,-0.0374132085103788,-0.0049321126157364,-0.0252049237317763,-0.0048967292554401,-0.01313368236438,-0.0056133255945148,340.064816,1189.9723,1349455.87,10.0,35000,0.78,25000,389.923384,1351.82667,3426497.11,15.0,0.0,0.0,120000,365.384994,1232.41032,2234825.54,10.0,15000,0.55,120000,341.408372,1202.69088,1385313.47,10.0,35000,0.78,120000
861,-0.0132913220509863,-0.0074302409294061,-0.0052397857783821,-0.0054168076768771,-0.0376022790719242,-0.0049770544401269,-0.0252978773530194,-0.0049289486910052,-0.0131744591346804,-0.0056243041310223,340.08384,1190.36302,1349325.82,10.0,35000,0.78,25000,389.941118,1352.29134,3426179.29,15.0,0.0,0.0,120000,365.400591,1232.83773,2234605.85,10.0,15000,0.55,120000,341.428582,1203.07737,1385199.1,10.0,35000,0.78,120000
862,-0.0133803009350005,-0.0074584298536314,-0.0052998749634759,-0.00543982037481,-0.0377717387560059,-0.0049876558942184,-0.0254070699970114,-0.0049651079779836,-0.0132382855918653,-0.0056366620285591,340.105872,1190.76964,1349219.98,10.0,35000,0.78,25000,389.959498,1352.7617,3425826.98,15.0,0.0,0.0,120000,365.417004,1233.26471,2234340.27,10.0,15000,0.55,120000,341.449711,1203.46188,1385057.63,10.0,35000,0.78,120000
863,-0.0134673394354965,-0.0075248041149055,-0.0053599047558572,-0.0054776962564471,-0.0379348512780623,-0.0049908917170249,-0.0255253446016006,-0.0049991046643499,-0.0133193805191235,-0.0056598106287031,340.12718,1191.19751,1349104.89,10.0,35000,0.78,25000,389.974994,1353.2428,3425355.97,15.0,0.0,0.0,120000,365.430704,1233.69606,2233974.88,10.0,15000,0.55,120000,341.467551,1203.84936,1384850.13,10.0,35000,0.78,120000
864,-0.0135153497620017,-0.0075371232709079,-0.0053802941058864,-0.0055135463046802,-0.0381018861251546,-0.0050336077630601,-0.0256313540220191,-0.0050416329412124,-0.013390701247884,-0.0056987866375932,340.152749,1191.58208,1349000.23,10.0,35000,0.78,25000,389.993124,1353.67895,3424861.89,15.0,0.0,0.0,120000,365.447118,1234.08634,2233596.17,10.0,15000,0.55,120000,341.489827,1204.1857,1384641.68,10.0,35000,0.78,120000
865,-0.0135828486692401,-0.0075786853210837,-0.0053914724256071,-0.005576503843718,-0.0382637291879555,-0.0050578869265937,-0.0257427256997217,-0.00506172643723,-0.0134323836001935,-0.0057509667133186,340.186467,1191.96926,1348833.25,10.0,35000,0.78,25000,390.013462,1354.097,3423966.52,15.0,0.0,0.0,120000,365.465707,1234.44868,2232911.96,10.0,15000,0.55,120000,341.51516,1204.47862,1384240.38,10.0,35000,0.78,120000
866,-0.013652965920739,-0.0076008298508653,-0.0054626176280016,-0.0056350855114178,-0.0384067864608591,-0.0050766931605728,-0.0258439598540997,-0.0050839300792821,-0.0134716046850013,-0.005769279748335,340.2155,1192.31914,1348742.26,10.0,35000,0.78,25000,390.031804,1354.47519,3423371.83,15.0,0.0,0.0,120000,365.482704,1234.77735,2232436.19,10.0,15000,0.55,120000,341.537775,1204.75548,1383969.2,10.0,35000,0.78,120000
867,-0.0137291724188845,-0.0076445389596625,-0.0054710646112166,-0.0056667143793829,-0.038567446690001,-0.0050835971236166,-0.0259365959787679,-0.0051038962931445,-0.0135396818537071,-0.0057989604673182,340.238354,1192.69087,1348602.01,10.0,35000,0.78,25000,390.048325,1354.89417,3422818.14,15.0,0.0,0.0,120000,365.497399,1235.15285,2232023.15,10.0,15000,0.55,120000,341.557265,1205.08459,1383730.89,10.0,35000,0.78,120000
868,-0.0138227747489346,-0.0076847899154275,-0.0054957371250694,-0.0057031016477715,-0.0387412099351094,-0.0051534533523186,-0.0260727586711355,-0.0051068100092043,-0.0136069635616191,-0.0058122740983158,340.266511,1193.13476,1348407.81,10.0,35000,0.78,25000,390.069168,1355.39633,3422110.37,15.0,0.0,0.0,120000,365.51605,1235.60379,2231501.25,10.0,15000,0.55,120000,341.581945,1205.4813,1383431.01,10.0,35000,0.78,120000
869,-0.0139140026207388,-0.007748193964351,-0.0055152559718825,-0.0057153248901286,-0.0389191174855322,-0.005196526460681,-0.0261740854819466,-0.005135016148439,-0.0136717345674764,-0.0058448528031892,340.284864,1193.55036,1348245.04,10.0,35000,0.78,25000,390.084993,1355.8779,3421652.88,15.0,0.0,0.0,120000,365.529607,1236.04435,2231178.14,10.0,15000,0.55,120000,341.599681,1205.88194,1383246.02,10.0,35000,0.78,120000
870,-0.0139831765122105,-0.0077780269959105,-0.0056032322404371,-0.0057493377433508,-0.0390800788987059,-0.0052168824465714,-0.0262627423353294,-0.005143122529881,-0.0137128007373332,-0.0058893920666114,340.307627,1193.93398,1348104.31,10.0,35000,0.78,25000,390.10183,1356.31227,3421119.99,15.0,0.0,0.0,120000,365.544694,1236.4343,2230778.62,10.0,15000,0.55,120000,341.619691,1206.22809,1383021.57,10.0,35000,0.78,120000
871,-0.0140310235460588,-0.0078042993052893,-0.0056551475579137,-0.0057935758894173,-0.0392303059756305,-0.0052227459056609,-0.0263676451271318,-0.0051531683665382,-0.0137675001471574,-0.0059259206171976,340.332621,1194.31184,1347961.59,10.0,35000,0.78,25000,390.118287,1356.73282,3420485.48,15.0,0.0,0.0,120000,365.55958,1236.80742,2230295.92,10.0,15000,0.55,120000,341.640081,1206.55043,1382745.98,10.0,35000,0.78,120000
872,-0.0141232759970723,-0.0078160898437526,-0.0056878023037135,-0.0058391207866736,-0.0394219856768338,-0.0052459779702505,-0.0264584470366841,-0.0051814437394742,-0.0138113672549207,-0.0059704604394537,340.366438,1194.71635,1347822.1,10.0,35000,0.78,25000,390.142226,1357.18367,3419816.16,15.0,0.0,0.0,120000,365.581383,1237.20771,2229786.83,10.0,15000,0.55,120000,341.668985,1206.8914,1382456.84,10.0,35000,0.78,120000
873,-0.0142071386557032,-0.0079087853362767,-0.0056968253937235,-0.005876607383699,-0.0395798170019134,-0.0052549433706797,-0.0265906075572738,-0.0051927019132219,-0.0138506764001927,-0.0059769930464484,340.389112,1195.12993,1347614.59,10.0,35000,0.78,25000,390.156978,1357.64274,3419036.4,15.0,0.0,0.0,120000,365.594088,1237.61732,2229211.93,10.0,15000,0.55,120000,341.68628,1207.25021,1382109.81,10.0,35000,0.78,120000
874,-0.014286944793055,-0.007962198291655,-0.005738944955994,-0.0058860031021306,-0.0397709423402642,-0.0052596697443218,-0.0267130550424604,-0.0052211141196601,-0.0139381946152752,-0.0060200488470201,340.407788,1195.61439,1347435.02,10.0,35000,0.78,25000,390.174026,1358.20954,3418588.58,15.0,0.0,0.0,120000,365.608646,1238.13877,2228900.2,10.0,15000,0.55,120000,341.705603,1207.72979,1381938.91,10.0,35000,0.78,120000
875,-0.0143987814492613,-0.0080334815146393,-0.005767588443766,-0.0058996166428895,-0.0399323311591484,-0.0052687698094798,-0.0268467001015024,-0.005260886347738,-0.0139928678794826,-0.0060326823527032,340.428105,1196.05658,1347274.45,10.0,35000,0.78,25000,390.191571,1358.71925,3418137.52,15.0,0.0,0.0,120000,365.623711,1238.60521,2228577.56,10.0,15000,0.55,120000,341.725054,1208.15667,1381753.25,10.0,35000,0.78,120000
876,-0.0144579376631609,-0.0080572571727657,-0.0057904101978888,-0.0059201687245034,-0.040131638020242,-0.0053028333517185,-0.0269435227879129,-0.0052652344898908,-0.014049009927209,-0.0060859594740038,340.4528,1196.49,1347062.81,10.0,35000,0.78,25000,390.2109,1359.22099,3417466.57,15.0,0.0,0.0,120000,365.640702,1239.06175,2228102.04,10.0,15000,0.55,120000,341.748181,1208.56063,1381482.17,10.0,35000,0.78,120000
877,-0.0145201987651204,-0.0080790795521693,-0.0058304020133803,-0.005947044378706,-0.0402824440852001,-0.0053285302033087,-0.0270597705569873,-0.0052744087736621,-0.014154882255222,-0.0061142873843686,340.473624,1196.90674,1346929.48,10.0,35000,0.78,25000,390.227394,1359.69697,3417029.72,15.0,0.0,0.0,120000,365.655384,1239.49384,2227775.4,10.0,15000,0.55,120000,341.767703,1208.95514,1381304.2,10.0,35000,0.78,120000
878,-0.0146298989739976,-0.0081208229745537,-0.0058579040529977,-0.0059635996994748,-0.0404255146835258,-0.005339025800129,-0.0271641222959778,-0.0052860094303616,-0.014201364092646,-0.0061724540836849,340.49771,1197.30694,1346742.36,10.0,35000,0.78,25000,390.24749,1360.15718,3416457.16,15.0,0.0,0.0,120000,365.67303,1239.91375,2227370.29,10.0,15000,0.55,120000,341.790439,1209.3329,1381070.63,10.0,35000,0.78,120000
879,-0.0147532908682637,-0.0081556204450385,-0.0059045718010495,-0.0060126371591251,-0.0405994154633879,-0.0053529911822732,-0.0272778769510832,-0.0053662507382448,-0.0142471737225564,-0.0061968045557079,340.531303,1197.72559,1346688.45,10.0,35000,0.78,25000,390.271297,1360.61559,3416014.13,15.0,0.0,0.0,120000,365.694644,1240.32078,2227003.57,10.0,15000,0.55,120000,341.818457,1209.69002,1380863.59,10.0,35000,0.78,120000
880,-0.0148536219759111,-0.0081761841079475,-0.0059187223450436,-0.0060200705185024,-0.0407647120171522,-0.0054109583924601,-0.0273795449672296,-0.0054109655017777,-0.014297779732271,-0.0062085846499484,340.553321,1198.10765,1346575.02,10.0,35000,0.78,25000,390.291001,1361.06111,3415709.07,15.0,0.0,0.0,120000,365.712009,1240.7307,2226787.06,10.0,15000,0.55,120000,341.840833,1210.06458,1380745.72,10.0,35000,0.78,120000
881,-0.0149250589853522,-0.0082398612588496,-0.0059730252682953,-0.0060754324860089,-0.0409206558318907,-0.0054269770209722,-0.0274873222009255,-0.0054393053828934,-0.01435970159031,-0.0062269513546597,340.578198,1198.49992,1346467.68,10.0,35000,0.78,25000,390.305915,1361.4832,3415109.57,15.0,0.0,0.0,120000,365.725395,1241.10174,2226309.7,10.0,15000,0.55,120000,341.858879,1210.39206,1380464.9,10.0,35000,0.78,120000
882,-0.0149820725492875,-0.0082520660905094,-0.0060381814155401,-0.0060828174341393,-0.0410922617814637,-0.0054474492367389,-0.0275960822531392,-0.0054597443886413,-0.0144148187738116,-0.0062880056324403,340.598582,1198.93783,1346294.06,10.0,35000,0.78,25000,390.324287,1361.9994,3414670.25,15.0,0.0,0.0,120000,365.741395,1241.57794,2226007.21,10.0,15000,0.55,120000,341.880287,1210.82714,1380303.86,10.0,35000,0.78,120000
883,-0.0150594483780757,-0.008305125600302,-0.006055417377672,-0.0060998256245949,-0.0412644566511598,-0.0054716925952951,-0.0277043619270183,-0.0054772377256978,-0.0144787500746825,-0.0063104589428156,340.618304,1199.35485,1346119.55,10.0,35000,0.78,25000,390.340288,1362.47746,3414148.81,15.0,0.0,0.0,120000,365.755179,1242.01433,2225633.95,10.0,15000,0.55,120000,341.898562,1211.22472,1380087.25,10.0,35000,0.78,120000
884,-0.0151155396554263,-0.0083597173376384,-0.0060665367528618,-0.0061314882023898,-0.0414182376358611,-0.0054748432613699,-0.0278440451072002,-0.0055208077363048,-0.0145290804079712,-0.0063178348569367,340.640947,1199.77001,1345972.17,10.0,35000,0.78,25000,390.355853,1362.94231,3413574.65,15.0,0.0,0.0,120000,365.768733,1242.43304,2225202.52,10.0,15000,0.55,120000,341.917236,1211.5967,1379833.54,10.0,35000,0.78,120000
885,-0.0151811055438668,-0.0083933251934957,-0.0060837891809748,-0.0061839673528166,-0.0415647984966847,-0.0054823492654747,-0.0279564970574189,-0.0055483950916655,-0.0145916822341707,-0.0063591657197394,340.670473,1200.15821,1345840.35,10.0,35000,0.78,25000,390.374657,1363.36275,3412886.88,15.0,0.0,0.0,120000,365.78575,1242.80374,2224669.36,10.0,15000,0.55,120000,341.940189,1211.91658,1379521.67,10.0,35000,0.78,120000
886,-0.0152620044607851,-0.0084057948016594,-0.0061050560736199,-0.0062102578466397,-0.0417714161732974,-0.0055098616564591,-0.0280528806683483,-0.0055674752677719,-0.0146467197422286,-0.0064090650628885,340.699922,1200.60183,1345654.09,10.0,35000,0.78,25000,390.397794,1363.87169,3412241.22,15.0,0.0,0.0,120000,365.806341,1243.2658,2224201.08,10.0,15000,0.55,120000,341.967459,1212.32712,1379255.09,10.0,35000,0.78,120000
887,-0.0153510031635897,-0.0084181637339768,-0.0061283592309841,-0.0062298136215877,-0.0419182673321465,-0.0055284147587605,-0.0281728894021716,-0.0056228357685667,-0.0147138428849659,-0.0064710743184269,340.726287,1201.02271,1345536.67,10.0,35000,0.78,25000,390.419731,1364.35538,3411835.55,15.0,0.0,0.0,120000,365.825826,1243.70784,2223900.86,10.0,15000,0.55,120000,341.992833,1212.72674,1379090.95,10.0,35000,0.78,120000
888,-0.015406906557467,-0.0084334882760997,-0.0061694971896217,-0.0062496238824763,-0.0420690912739914,-0.0055566914040921,-0.0282655015273741,-0.0056578097314712,-0.0147656407938091,-0.0065149981741657,340.746887,1201.39173,1345422.53,10.0,35000,0.78,25000,390.436356,1364.77855,3411447.56,15.0,0.0,0.0,120000,365.840514,1244.09353,2223612.33,10.0,15000,0.55,120000,342.012319,1213.07612,1378931.59,10.0,35000,0.78,120000
889,-0.0154766120915451,-0.0084541146510552,-0.006188000210192,-0.0062835341466982,-0.042232336944825,-0.0055624291593392,-0.0284119150375307,-0.0056831922150146,-0.0148102429637514,-0.0065859102323987,340.779072,1201.86521,1345200.5,10.0,35000,0.78,25000,390.460233,1365.31329,3410636.32,15.0,0.0,0.0,120000,365.861723,1244.57765,2223020.44,10.0,15000,0.55,120000,342.040777,1213.50055,1378587.21,10.0,35000,0.78,120000
890,-0.0155610478457192,-0.0084745819929051,-0.0062358607916593,-0.0063019135794725,-0.0423771477990089,-0.0055713128306311,-0.0285111675885869,-0.0057177693721123,-0.0148630244816966,-0.0066274181991356,340.800947,1202.25062,1345083.08,10.0,35000,0.78,25000,390.478807,1365.75305,3410266.71,15.0,0.0,0.0,120000,365.878202,1244.98096,2222745.44,10.0,15000,0.55,120000,342.061928,1213.87,1378435.52,10.0,35000,0.78,120000
891,-0.0156681963515158,-0.008562062900807,-0.0062755059721057,-0.0063325831984367,-0.0425232356561048,-0.0055821898971013,-0.0286175360732777,-0.0057705527994668,-0.0149460883077724,-0.0067006281368108,340.82121,1202.68471,1344966.67,10.0,35000,0.78,25000,390.494345,1366.23321,3409824.56,15.0,0.0,0.0,120000,365.891579,1245.41722,2222403.56,10.0,15000,0.55,120000,342.078838,1214.27354,1378232.45,10.0,35000,0.78,120000
892,-0.015764074020957,-0.0085990354646871,-0.0062950373065213,-0.0063448205540474,-0.0427006894028509,-0.0055872097225091,-0.028707993880929,-0.0058010210637586,-0.0149862763408041,-0.0067425796191631,340.84387,1203.09239,1344799.13,10.0,35000,0.78,25000,390.513968,1366.70044,3409336.7,15.0,0.0,0.0,120000,365.908731,1245.84743,2222056.24,10.0,15000,0.55,120000,342.100819,1214.66556,1378031.97,10.0,35000,0.78,120000
893,-0.0158161979654044,-0.0086628755209288,-0.0063331267496413,-0.0063514696603959,-0.0428607196708964,-0.0056440460198437,-0.0288069041345233,-0.005805142303418,-0.0150305844240308,-0.0067517917691026,340.855124,1203.47288,1344617.76,10.0,35000,0.78,25000,390.524375,1367.13972,3408892.35,15.0,0.0,0.0,120000,365.917275,1246.25338,2221747.11,10.0,15000,0.55,120000,342.112172,1215.04471,1377847.5,10.0,35000,0.78,120000
894,-0.0158702050698544,-0.0086859232691354,-0.0063427738456718,-0.0064010616649113,-0.0430344326425778,-0.0056519070471991,-0.0289084604506512,-0.0058253120961522,-0.0150722844359112,-0.0067695383909356,340.88479,1203.85696,1344464.64,10.0,35000,0.78,25000,390.543566,1367.55354,3408163.45,15.0,0.0,0.0,120000,365.934748,1246.62038,2221187.75,10.0,15000,0.55,120000,342.135559,1215.36136,1377516.48,10.0,35000,0.78,120000
895,-0.0103038954543329,-0.0055862323567714,-0.0038697588631327,-0.0039653449864139,-0.0297925532003123,-0.0036200319909262,-0.0193491936509687,-0.0037246773620181,-0.0099547725136589,-0.0043856181705801,338.998842,1171.46602,1356350.97,10.0,35000,0.78,25000,389.120315,1330.18434,3452716.5,15.0,0.0,0.0,120000,364.674883,1212.87499,2254421.13,10.0,15000,0.55,120000,340.488083,1185.95287,1396434.52,10.0,35000,0.78,120000
896,-0.0105407847199675,-0.0056551419542455,-0.0039488419115704,-0.0039830138863706,-0.030578575378459,-0.0036603418153947,-0.0198512258256815,-0.0037357208011321,-0.0101518562948414,-0.004411926972773,339.080169,1173.08955,1355482.48,10.0,35000,0.78,25000,389.196788,1332.20007,3450466.51,15.0,0.0,0.0,120000,364.741478,1214.75133,2252868.85,10.0,15000,0.55,120000,340.573473,1187.54946,1395560.08,10.0,35000,0.78,120000
897,-0.0106687926714261,-0.0056898262023061,-0.0039679871949305,-0.0040163416174517,-0.0309880304961439,-0.0037038833616025,-0.0201285411995829,-0.0037634247393152,-0.0102542957630083,-0.0044227700059984,339.130778,1173.93884,1355062.04,10.0,35000,0.78,25000,389.239725,1333.23802,3449170.07,15.0,0.0,0.0,120000,364.77922,1215.70806,2251942.14,10.0,15000,0.55,120000,340.62225,1188.3463,1395036.66,10.0,35000,0.78,120000
898,-0.0107392815127563,-0.0057265192556802,-0.0039795217225,-0.0040264939220618,-0.0312000742531353,-0.0037297916635098,-0.0202620702807992,-0.0037929947182125,-0.0103196087093827,-0.0044583130912808,339.153654,1174.39063,1354856.45,10.0,35000,0.78,25000,389.260117,1333.79094,3448584.89,15.0,0.0,0.0,120000,364.796806,1216.21966,2251529.35,10.0,15000,0.55,120000,340.644924,1188.78253,1394805.21,10.0,35000,0.78,120000
899,-0.0107956484306296,-0.0058014260081357,-0.0039914400963374,-0.0040330995988755,-0.0313634987287124,-0.0037458133819481,-0.0203631735072137,-0.0038211025361671,-0.0103903454766133,-0.0044656721872277,339.163833,1174.74655,1354716.99,10.0,35000,0.78,25000,389.269771,1334.21899,3448233.52,15.0,0.0,0.0,120000,364.80457,1216.61519,2251278.93,10.0,15000,0.55,120000,340.654857,1189.13554,1394659.53,10.0,35000,0.78,120000
900,-0.0108836823953425,-0.0058142278230843,-0.0039981781771579,-0.0040586712555923,-0.0315432589671761,-0.0037727023893266,-0.0204752156237158,-0.0038425789873095,-0.0104775992912676,-0.0045296783651831,339.192004,1175.15576,1354552.41,10.0,35000,0.78,25000,389.292991,1334.70952,3447644.07,15.0,0.0,0.0,120000,364.825229,1217.06338,2250844.23,10.0,15000,0.55,120000,340.681043,1189.51117,1394419.98,10.0,35000,0.78,120000
901,-0.0109604065663116,-0.0058844990391493,-0.0040213816659872,-0.0040833654405098,-0.0317178188287357,-0.0038134051584575,-0.0205965511347722,-0.003874858761652,-0.010524597988189,-0.0045591262651831,339.212523,1175.54963,1354385.41,10.0,35000,0.78,25000,389.308882,1335.17489,3447057.07,15.0,0.0,0.0,120000,364.838821,1217.48702,2250410.23,10.0,15000,0.55,120000,340.698485,1189.871,1394166.95,10.0,35000,0.78,120000
902,-0.0110189522656151,-0.0059252240469441,-0.0040460304690443,-0.0041012852871665,-0.0318641064972096,-0.0038347942937988,-0.0207603702719464,-0.0039132412475481,-0.0105858065999831,-0.0045934047425655,339.234079,1175.97141,1354213.59,10.0,35000,0.78,25000,389.326751,1335.68379,3446511.95,15.0,0.0,0.0,120000,364.854222,1217.95429,2250013.28,10.0,15000,0.55,120000,340.718555,1190.26989,1393944.28,10.0,35000,0.78,120000
903,-0.0111254353598727,-0.0059481004799272,-0.0040750391701733,-0.0041282787774252,-0.0320590468683901,-0.0038680251890174,-0.0208499800374129,-0.0039633668618404,-0.0106409689119551,-0.0046189574835037,339.261013,1176.34455,1354122.19,10.0,35000,0.78,25000,389.348758,1336.1263,3446112.63,15.0,0.0,0.0,120000,364.87384,1218.35677,2249703.01,10.0,15000,0.55,120000,340.743053,1190.61057,1393776.91,10.0,35000,0.78,120000
904,-0.0111868275098812,-0.0059674782197327,-0.004097331196655,-0.0041354235018701,-0.0322134425707006,-0.0038894139444227,-0.0209566531250325,-0.0040035051645809,-0.010707047788069,-0.0046589607754599,339.279266,1176.70487,1354003.9,10.0,35000,0.78,25000,389.365511,1336.56704,3445788.62,15.0,0.0,0.0,120000,364.888347,1218.76466,2249471.4,10.0,15000,0.55,120000,340.761608,1190.9663,1393655.92,10.0,35000,0.78,120000
905,-0.0112747849285472,-0.0060664365666657,-0.0041445786827382,-0.0041834784049231,-0.0323702596720834,-0.0039301001063026,-0.0210518065660487,-0.0040444790585733,-0.0108178760992557,-0.0047393368432316,339.298863,1177.10566,1353908.99,10.0,35000,0.78,25000,389.378315,1337.01674,3445280.72,15.0,0.0,0.0,120000,364.899339,1219.16616,2249062.72,10.0,15000,0.55,120000,340.775356,1191.31635,1393417.81,10.0,35000,0.78,120000
906,-0.0113543425866422,-0.0060804663077636,-0.0041812668696804,-0.0041972810451519,-0.032522666377124,-0.0039358772109533,-0.0212031135014814,-0.0040532337261884,-0.0108581049828051,-0.0047855846418061,339.325404,1177.52762,1353688.89,10.0,35000,0.78,25000,389.401228,1337.53338,3444622.52,15.0,0.0,0.0,120000,364.919387,1219.64193,2248598.34,10.0,15000,0.55,120000,340.801037,1191.71995,1393159.05,10.0,35000,0.78,120000
907,-0.011403691863301,-0.0061045700009241,-0.0042352775321613,-0.004250398758981,-0.0326731030787211,-0.0039676405529167,-0.0213007919183237,-0.0040704576248377,-0.0109085173053337,-0.0048232677977842,339.351998,1177.86066,1353581.53,10.0,35000,0.78,25000,389.418304,1337.91126,3443996.75,15.0,0.0,0.0,120000,364.934837,1219.97495,2248103.94,10.0,15000,0.55,120000,340.821212,1191.98743,1392878.47,10.0,35000,0.78,120000
908,-0.0114541869552095,-0.0061596479547291,-0.00429293729784,-0.004290324752263,-0.0328503734794456,-0.0039895830675751,-0.0214286921125853,-0.0041084489486373,-0.0109515210482778,-0.0048459616519371,339.375056,1178.26068,1353446.1,10.0,35000,0.78,25000,389.434094,1338.37723,3443399.03,15.0,0.0,0.0,120000,364.948561,1220.39383,2247643.46,10.0,15000,0.55,120000,340.839341,1192.33905,1392614.19,10.0,35000,0.78,120000
909,-0.0115053869000182,-0.0061757908944552,-0.0043181792944623,-0.004331148845941,-0.0329990904122806,-0.0040014389400601,-0.0215408578833435,-0.0041684911895181,-0.0109959036759233,-0.0048781207982318,339.401663,1178.59636,1353374.73,10.0,35000,0.78,25000,389.452524,1338.76633,3442925.18,15.0,0.0,0.0,120000,364.965067,1220.74145,2247263.78,10.0,15000,0.55,120000,340.860914,1192.6197,1392404.63,10.0,35000,0.78,120000
910,-0.011559292515352,-0.0062491813333974,-0.0043550187053753,-0.004366146113827,-0.0331390471277247,-0.0040416394267576,-0.0216299811072548,-0.0042006445965964,-0.0111058236455578,-0.0048851784974618,339.41364,1178.92768,1353324.6,10.0,35000,0.78,25000,389.460419,1339.14048,3442655.89,15.0,0.0,0.0,120000,364.971749,1221.07708,2247033.56,10.0,15000,0.55,120000,340.869379,1192.92341,1392273.72,10.0,35000,0.78,120000
911,-0.0116209379461378,-0.0063026482270481,-0.0043816059720635,-0.0043718544541593,-0.0333287472339157,-0.0040522680885338,-0.0217599190742674,-0.0042181804168879,-0.0111635573604752,-0.0049379159034049,339.4327,1179.37527,1353097.85,10.0,35000,0.78,25000,389.477757,1339.68611,3442049.82,15.0,0.0,0.0,120000,364.986224,1221.58153,2246615.18,10.0,15000,0.55,120000,340.888242,1193.36451,1392036.28,10.0,35000,0.78,120000
912,-0.0116859855973109,-0.0063587133959981,-0.0043921540914508,-0.0043828004646451,-0.0335279785718739,-0.0040721571776495,-0.021863543248828,-0.0042359582476415,-0.011226168746227,-0.0049748108459567,339.451318,1179.78726,1352901.29,10.0,35000,0.78,25000,389.493887,1340.18245,3441484.51,15.0,0.0,0.0,120000,364.99977,1222.03802,2246217.11,10.0,15000,0.55,120000,340.905787,1193.76281,1391808.28,10.0,35000,0.78,120000
913,-0.0117564264392012,-0.0063865117213999,-0.0044391643446262,-0.0043945760858117,-0.0336907956464602,-0.004093962259753,-0.0219864834543153,-0.0042572854407916,-0.0112673470997517,-0.0050225141619953,339.473029,1180.19003,1352720.48,10.0,35000,0.78,25000,389.512983,1340.67025,3440960.04,15.0,0.0,0.0,120000,365.016277,1222.48684,2245846.68,10.0,15000,0.55,120000,340.926946,1194.15255,1391602.87,10.0,35000,0.78,120000
914,-0.0118417919505707,-0.0064215488230761,-0.0044808942828901,-0.0044426097582612,-0.033849196087117,-0.0041231514905855,-0.022079009091997,-0.0042727056510068,-0.011337193428929,-0.0050306639522513,339.49847,1180.53366,1352626.58,10.0,35000,0.78,25000,389.530672,1341.05692,3440438.83,15.0,0.0,0.0,120000,365.032297,1222.829,2245430.56,10.0,15000,0.55,120000,340.947085,1194.44188,1391366.28,10.0,35000,0.78,120000
915,-0.0119080759484111,-0.0064402474780989,-0.0045221835530637,-0.0044581024029571,-0.0340079487552849,-0.0041827253029097,-0.0222131010180706,-0.0043282090908364,-0.0113864944391515,-0.0050554179038273,339.520495,1180.92607,1352518.26,10.0,35000,0.78,25000,389.549538,1341.52794,3440085.82,15.0,0.0,0.0,120000,365.048842,1223.26089,2245168.68,10.0,15000,0.55,120000,340.96835,1194.81823,1391228.13,10.0,35000,0.78,120000
916,-0.0120221223233376,-0.0064640085637889,-0.0045706537814872,-0.0044807712036103,-0.0341520839085355,-0.0042262259682824,-0.0223410053797459,-0.0043348370717723,-0.0114595376323322,-0.0050792963731214,339.545547,1181.32802,1352366.08,10.0,35000,0.78,25000,389.57125,1342.00289,3439605.49,15.0,0.0,0.0,120000,365.068198,1223.69398,2244816.01,10.0,15000,0.55,120000,340.992222,1195.20154,1391033.93,10.0,35000,0.78,120000
917,-0.0120799876001532,-0.0065134655939104,-0.0046093017882012,-0.0045300818365918,-0.034301477565481,-0.0042803914121668,-0.0224332056218553,-0.0043713025430531,-0.0114984313754194,-0.0050851563893288,339.568048,1181.63805,1352291.39,10.0,35000,0.78,25000,389.585056,1342.34569,3439094.03,15.0,0.0,0.0,120000,365.080666,1223.99385,2244403.33,10.0,15000,0.55,120000,341.00837,1195.44871,1390793.76,10.0,35000,0.78,120000
918,-0.0121399854218894,-0.0065860530620037,-0.0046360585716135,-0.0045590710871445,-0.034472525448283,-0.0042985030992855,-0.0225236127281628,-0.0044010566049588,-0.0115544941700807,-0.0050999471723788,339.584654,1181.99253,1352167.52,10.0,35000,0.78,25000,389.59679,1342.75399,3438610.5,15.0,0.0,0.0,120000,365.090711,1224.36122,2244037.36,10.0,15000,0.55,120000,341.021321,1195.76885,1390578.93,10.0,35000,0.78,120000
919,-0.0122219941149978,-0.0066073403084115,-0.0046593168220919,-0.0045691192093261,-0.0346233074071471,-0.0043197004593876,-0.0226446141648361,-0.0044299953978729,-0.0115939837818956,-0.0051069938045511,339.605868,1182.35796,1352023.99,10.0,35000,0.78,25000,389.615623,1343.19424,3438195.48,15.0,0.0,0.0,120000,365.107317,1224.76531,2243743.28,10.0,15000,0.55,120000,341.042247,1196.12259,1390416.56,10.0,35000,0.78,120000
920,-0.0122755955949988,-0.0066544574960497,-0.0047082781967012,-0.0045828843465605,-0.0347621935425113,-0.0043618566326647,-0.0227558722669537,-0.0044475224597172,-0.0116617698196086,-0.00511416571817,339.61874,1182.71341,1351902.06,10.0,35000,0.78,25000,389.627052,1343.61534,3437865.66,15.0,0.0,0.0,120000,365.117114,1225.15074,2243503.53,10.0,15000,0.55,120000,341.054711,1196.4724,1390283.3,10.0,35000,0.78,120000
921,-0.0123592541227834,-0.0066883049391091,-0.0047551302717966,-0.0046065239705617,-0.0349054437371692,-0.0043679190259669,-0.0228818061625214,-0.0044582756230204,-0.0117263410201671,-0.0051288503090195,339.64025,1183.10274,1351751.73,10.0,35000,0.78,25000,389.644876,1344.07333,3437376.6,15.0,0.0,0.0,120000,365.132975,1225.56659,2243144.41,10.0,15000,0.55,120000,341.074558,1196.83964,1390081.76,10.0,35000,0.78,120000
922,-0.0124500577237755,-0.0067513199155044,-0.0047862259446388,-0.0046808501387412,-0.0350860741907211,-0.0044322056577893,-0.0230041660482931,-0.0044749423572131,-0.0117999020805771,-0.005196574053177,339.67589,1183.53869,1351583.07,10.0,35000,0.78,25000,389.666846,1344.55106,3436424.9,15.0,0.0,0.0,120000,365.153081,1225.98071,2242408.13,10.0,15000,0.55,120000,341.100308,1197.17531,1389649.91,10.0,35000,0.78,120000
923,-0.0125287386670912,-0.0067877886262089,-0.0047951849856021,-0.0047318383626696,-0.0352284920882095,-0.0044380208745224,-0.0231298436079302,-0.0045049393486448,-0.0118515145540649,-0.0052212686445932,339.705953,1183.9045,1351451.12,10.0,35000,0.78,25000,389.686926,1344.96225,3435720.81,15.0,0.0,0.0,120000,365.171425,1226.3412,2241868.28,10.0,15000,0.55,120000,341.12371,1197.46963,1389336.15,10.0,35000,0.78,120000
924,-0.0126418549991899,-0.0068540722360337,-0.0048483524195438,-0.0047515224438482,-0.0353775973419242,-0.0044677225485892,-0.0232354641159103,-0.0045442447391289,-0.0119048258505333,-0.0052871459525296,339.726834,1184.30535,1351313.92,10.0,35000,0.78,25000,389.704773,1345.43174,3435270.0,15.0,0.0,0.0,120000,365.187028,1226.76658,2241542.83,10.0,15000,0.55,120000,341.142747,1197.8501,1389149.4,10.0,35000,0.78,120000
925,-0.0127286420299428,-0.0068781298737517,-0.0048771924357005,-0.0048333728259262,-0.0355616966456321,-0.004471209260768,-0.0233451806765797,-0.0046116738947819,-0.0120003204457299,-0.0053168974661086,339.764624,1184.70702,1351285.69,10.0,35000,0.78,25000,389.72806,1345.86533,3434655.57,15.0,0.0,0.0,120000,365.208968,1227.13601,2241023.96,10.0,15000,0.55,120000,341.170598,1198.14831,1388855.53,10.0,35000,0.78,120000
926,-0.0127878362473575,-0.0069191344516846,-0.0049462686947011,-0.0048403941285065,-0.0357050142598497,-0.0044821546622786,-0.0234398640047328,-0.0046173513823451,-0.0120744442073439,-0.0053373189784767,339.775826,1185.07129,1351154.72,10.0,35000,0.78,25000,389.739606,1346.3019,3434371.55,15.0,0.0,0.0,120000,365.218876,1227.53566,2240830.05,10.0,15000,0.55,120000,341.182875,1198.52005,1388751.91,10.0,35000,0.78,120000
927,-0.0128774905405011,-0.0069894111871861,-0.0049865851981014,-0.004853920486286,-0.0358708818513964,-0.0045019973569237,-0.0235270714777804,-0.0046225118169922,-0.0121331747972537,-0.0053786552077745,339.791804,1185.45661,1350976.0,10.0,35000,0.78,25000,389.753735,1346.75651,3433866.3,15.0,0.0,0.0,120000,365.230994,1227.94758,2240479.26,10.0,15000,0.55,120000,341.197803,1198.8934,1388546.84,10.0,35000,0.78,120000
928,-0.0129630409448928,-0.0070163977640776,-0.0050118141128634,-0.0048785134425832,-0.0360732011626517,-0.0045285851109695,-0.0236201881093618,-0.0046619589037176,-0.0121900804623733,-0.0053872718284663,339.816209,1185.85031,1350859.0,10.0,35000,0.78,25000,389.773416,1347.21833,3433425.83,15.0,0.0,0.0,120000,365.248675,1228.3625,2240154.18,10.0,15000,0.55,120000,341.22015,1199.25721,1388366.07,10.0,35000,0.78,120000
929,-0.0130111685416734,-0.007029157875536,-0.0050406035159141,-0.00491639139658,-0.0362268881563015,-0.0045510701190506,-0.0237458707687124,-0.0046920922145343,-0.0122727489993071,-0.0054057896975107,339.840908,1186.2387,1350748.84,10.0,35000,0.78,25000,389.791282,1347.66641,3432923.31,15.0,0.0,0.0,120000,365.264984,1228.76059,2239771.02,10.0,15000,0.55,120000,341.241425,1199.60135,1388154.49,10.0,35000,0.78,120000
930,-0.0130894838625292,-0.0070464366884329,-0.0051348300061104,-0.0049263597195904,-0.03639143620872,-0.0045565052109281,-0.0238468235456138,-0.0047460725435181,-0.0123207681858152,-0.0054471808268937,339.859628,1186.63702,1350665.5,10.0,35000,0.78,25000,389.809096,1348.14458,3432720.11,15.0,0.0,0.0,120000,365.280754,1229.19708,2239626.74,10.0,15000,0.55,120000,341.26125,1199.99948,1388087.96,10.0,35000,0.78,120000
931,-0.013171793354504,-0.007063952563108,-0.0051553006751836,-0.004941129801034,-0.0365733139475052,-0.0045654164884555,-0.0239626321976507,-0.0047566078053877,-0.0123818439211205,-0.0054704168707419,339.883937,1187.0566,1350477.4,10.0,35000,0.78,25000,389.830091,1348.64589,3432160.18,15.0,0.0,0.0,120000,365.299437,1229.65139,2239237.64,10.0,15000,0.55,120000,341.285093,1200.39787,1387873.79,10.0,35000,0.78,120000
932,-0.0132219858483225,-0.0070899350524693,-0.0051701380381818,-0.0049906211436749,-0.0367111034558112,-0.0046169914185522,-0.0240872220844665,-0.0047711147245284,-0.0124514844511684,-0.0054796879417196,339.910061,1187.41328,1350351.49,10.0,35000,0.78,25000,389.846912,1349.04448,3431515.38,15.0,0.0,0.0,120000,365.314898,1229.999,2238742.9,10.0,15000,0.55,120000,341.305521,1200.68835,1387589.08,10.0,35000,0.78,120000
933,-0.0133062208737922,-0.0071428560694451,-0.0051817642011683,-0.0050297670632225,-0.0368593380504161,-0.0046263395784361,-0.0241949394737305,-0.0047944334994154,-0.0124894927032108,-0.0055366687646669,339.937274,1187.78869,1350178.61,10.0,35000,0.78,25000,389.865807,1349.47003,3430775.34,15.0,0.0,0.0,120000,365.331804,1230.37396,2238198.06,10.0,15000,0.55,120000,341.32745,1201.00152,1387269.88,10.0,35000,0.78,120000
934,-0.0133641971559289,-0.0072002083013231,-0.0052038644567754,-0.0050764576525947,-0.037037710566197,-0.004659055210784,-0.0243033463201973,-0.0048073405539694,-0.0125366142932313,-0.0056179716807012,339.965572,1188.2091,1349967.02,10.0,35000,0.78,25000,389.884219,1349.94561,3429880.21,15.0,0.0,0.0,120000,365.348211,1230.79208,2237540.95,10.0,15000,0.55,120000,341.349503,1201.34899,1386886.23,10.0,35000,0.78,120000
935,-0.0134145940735821,-0.0072551645501219,-0.0052161485144151,-0.0050987369814426,-0.0372005521571956,-0.0047302028149376,-0.0244256107751342,-0.0048301411985186,-0.0125893045936387,-0.0056669568604651,339.985866,1188.61447,1349776.16,10.0,35000,0.78,25000,389.899328,1350.41521,3429239.04,15.0,0.0,0.0,120000,365.361322,1231.2166,2237082.67,10.0,15000,0.55,120000,341.367251,1201.71796,1386621.23,10.0,35000,0.78,120000
936,-0.0134698361989303,-0.0073086702569953,-0.0052504691262101,-0.0051120162624911,-0.0373441402305628,-0.004779103845968,-0.0245175684161482,-0.0048440422154999,-0.0126492260691199,-0.005694396232198,339.999072,1188.9624,1349635.44,10.0,35000,0.78,25000,389.910484,1350.82033,3428840.0,15.0,0.0,0.0,120000,365.370848,1231.5861,2236799.21,10.0,15000,0.55,120000,341.379755,1202.05225,1386460.17,10.0,35000,0.78,120000
937,-0.0135303438276153,-0.0073820921688045,-0.0053150543178597,-0.0051176218691388,-0.0374992701190251,-0.0047872388347206,-0.0246048838014522,-0.0048652474848839,-0.0126979097221938,-0.0057329645679862,340.00887,1189.33661,1349486.72,10.0,35000,0.78,25000,389.920141,1351.26119,3428491.33,15.0,0.0,0.0,120000,365.378688,1231.99137,2236560.1,10.0,15000,0.55,120000,341.389943,1202.42558,1386325.15,10.0,35000,0.78,120000
938,-0.01361292521437,-0.0074238960644076,-0.0053426380057752,-0.0051346822899296,-0.037647904376994,-0.0048123243616217,-0.024703364935193,-0.0048951554937354,-0.0127343787364385,-0.0057396996648037,340.027896,1189.68199,1349362.79,10.0,35000,0.78,25000,389.935751,1351.66133,3428087.58,15.0,0.0,0.0,120000,365.392455,1232.35443,2236266.6,10.0,15000,0.55,120000,341.407636,1202.7477,1386158.52,10.0,35000,0.78,120000
939,-0.0136743002675697,-0.0074561450955198,-0.0053643214834413,-0.0051592482274448,-0.0378002635722748,-0.004876882275606,-0.0248286744010129,-0.0049180750654196,-0.0127873000777771,-0.0057677323423164,340.050464,1190.07344,1349202.06,10.0,35000,0.78,25000,389.952977,1352.11291,3427526.72,15.0,0.0,0.0,120000,365.407758,1232.76247,2235858.73,10.0,15000,0.55,120000,341.428042,1203.10367,1385927.27,10.0,35000,0.78,120000
940,-0.013738024262678,-0.0074727367522048,-0.0053882287549464,-0.0051789490874101,-0.0379569424656556,-0.0049098698052473,-0.0249217730870788,-0.0049783772059819,-0.0128339315473993,-0.0058204171933794,340.073037,1190.43243,1349111.57,10.0,35000,0.78,25000,389.970898,1352.52945,3427165.98,15.0,0.0,0.0,120000,365.42376,1233.14014,2235590.32,10.0,15000,0.55,120000,341.449191,1203.43255,1385783.39,10.0,35000,0.78,120000
941,-0.0137925202718621,-0.007496470743302,-0.0054053504168076,-0.0052110471353188,-0.0380970422087635,-0.004913766498983,-0.025012435699863,-0.004990340012398,-0.0129087753200569,-0.0058340208819368,340.09345,1190.76502,1348999.82,10.0,35000,0.78,25000,389.985527,1352.90547,3426701.3,15.0,0.0,0.0,120000,365.436989,1233.47609,2235237.64,10.0,15000,0.55,120000,341.466712,1203.72612,1385585.23,10.0,35000,0.78,120000
942,-0.0138542851165473,-0.0075158081365747,-0.0054407999134847,-0.005222337163834,-0.0382437049370512,-0.0049566959492682,-0.0251381871059,-0.0050261359851078,-0.0129809105022647,-0.0058702917089933,340.112784,1191.17023,1348868.24,10.0,35000,0.78,25000,390.00259,1353.38259,3426341.11,15.0,0.0,0.0,120000,365.452016,1233.91362,2234982.48,10.0,15000,0.55,120000,341.486577,1204.12016,1385451.44,10.0,35000,0.78,120000
943,-0.0139086595392746,-0.007549792817101,-0.0054643525132806,-0.0052448060715294,-0.0384149703953368,-0.005022162186859,-0.0252541001126452,-0.0050357483072446,-0.0130320427099704,-0.0059188740133471,340.135624,1191.58353,1348666.64,10.0,35000,0.78,25000,390.020086,1353.86129,3425679.81,15.0,0.0,0.0,120000,365.467414,1234.34738,2234511.18,10.0,15000,0.55,120000,341.507499,1204.4988,1385182.43,10.0,35000,0.78,120000
944,-0.0139702956444232,-0.0075629098737014,-0.0055074716758829,-0.0052584095372042,-0.0385679626692171,-0.0050379664621162,-0.0253580639575885,-0.0050930594367489,-0.0131034868926779,-0.0059636274098703,340.155116,1191.97004,1348585.88,10.0,35000,0.78,25000,390.037046,1354.31421,3425435.29,15.0,0.0,0.0,120000,365.482448,1234.76199,2234329.71,10.0,15000,0.55,120000,341.527325,1204.87244,1385094.76,10.0,35000,0.78,120000
945,-0.0140297019077007,-0.0075857992142765,-0.0055504429036884,-0.0052702733433237,-0.0387408635074133,-0.0050524891156048,-0.0254558961515442,-0.0051271036121761,-0.0131547986688108,-0.0059723954273825,340.173025,1192.3491,1348467.87,10.0,35000,0.78,25000,390.052635,1354.75953,3425106.85,15.0,0.0,0.0,120000,365.496142,1235.16951,2234094.29,10.0,15000,0.55,120000,341.545504,1205.23977,1384970.0,10.0,35000,0.78,120000
946,-0.0140859885285911,-0.0076020055538394,-0.005617470410965,-0.0052863124455785,-0.0389018640982426,-0.005100220792391,-0.0255636376027365,-0.0051343837095206,-0.0132382563334051,-0.0059874037094955,340.190148,1192.75047,1348337.83,10.0,35000,0.78,25000,390.067864,1355.22895,3424767.28,15.0,0.0,0.0,120000,365.509627,1235.59902,2233848.77,10.0,15000,0.55,120000,341.563296,1205.63389,1384843.36,10.0,35000,0.78,120000
947,-0.0141498952515482,-0.0076338514133058,-0.0056603182884538,-0.0053562515773606,-0.0390397079383282,-0.0051377173251598,-0.0256623630843384,-0.0051577163036653,-0.0132781726403645,-0.0059968987045688,340.220568,1193.0739,1348254.65,10.0,35000,0.78,25000,390.085091,1355.5655,3424088.79,15.0,0.0,0.0,120000,365.525738,1235.88454,2233300.11,10.0,15000,0.55,120000,341.58505,1205.86475,1384522.79,10.0,35000,0.78,120000
948,-0.0142034781315113,-0.0076887159973902,-0.0057158749884883,-0.0053999728802471,-0.0391922729859787,-0.0051635361209229,-0.0257690164835422,-0.0052217614614416,-0.0133343882176843,-0.0060414447482053,340.242503,1193.45683,1348184.67,10.0,35000,0.78,25000,390.099049,1355.98835,3423649.73,15.0,0.0,0.0,120000,365.538162,1236.25988,2232945.88,10.0,15000,0.55,120000,341.602118,1206.19294,1384322.54,10.0,35000,0.78,120000
949,-0.0142675962655218,-0.0077570215750914,-0.0057737564431685,-0.0054178800239537,-0.0393553992303245,-0.0051884605155007,-0.025882244238732,-0.0052318619293153,-0.0134107130066372,-0.0060777362721584,340.257445,1193.88712,1348011.43,10.0,35000,0.78,25000,390.111537,1356.48504,3423166.2,15.0,0.0,0.0,120000,365.5487,1236.71307,2232600.0,10.0,15000,0.55,120000,341.616266,1206.60856,1384125.98,10.0,35000,0.78,120000
950,-0.0143594486693964,-0.0078070134943981,-0.0058134454067071,-0.0054468041322368,-0.039522203886384,-0.0051998019354908,-0.0260293783835595,-0.0052556250124061,-0.0135208610340845,-0.0060899580850883,340.280104,1194.3667,1347863.22,10.0,35000,0.78,25000,390.12981,1357.03301,3422688.26,15.0,0.0,0.0,120000,365.564822,1237.2103,2232242.02,10.0,15000,0.55,120000,341.637367,1207.062,1383927.83,10.0,35000,0.78,120000
951,-0.0144387124162312,-0.0078369345338724,-0.0058659038847156,-0.0054915744328964,-0.0396679390713337,-0.0052122681213038,-0.0261195722784863,-0.0053202942611849,-0.0135783762773604,-0.0061209156346805,340.3053,1194.71656,1347832.01,10.0,35000,0.78,25000,390.146985,1357.41614,3422347.88,15.0,0.0,0.0,120000,365.580482,1237.54909,2231952.48,10.0,15000,0.55,120000,341.657978,1207.35841,1383768.46,10.0,35000,0.78,120000
952,-0.0145279033737272,-0.0078805342136119,-0.0058738398069889,-0.005528060722788,-0.0398086402024098,-0.0052461063825517,-0.0262312690632639,-0.0053432864795664,-0.0136191244418864,-0.0061646153808942,340.332795,1195.09114,1347669.61,10.0,35000,0.78,25000,390.166288,1357.83317,3421670.12,15.0,0.0,0.0,120000,365.597737,1237.92088,2231448.6,10.0,15000,0.55,120000,341.680909,1207.67781,1383473.71,10.0,35000,0.78,120000
953,-0.0146141473433221,-0.0079063336505535,-0.0058847114158339,-0.0055456834074495,-0.039976971823141,-0.0053185133009531,-0.0263540598878081,-0.0053656539528708,-0.0136652286777881,-0.0061990689411004,340.358663,1195.50945,1347483.7,10.0,35000,0.78,25000,390.187255,1358.31725,3421079.82,15.0,0.0,0.0,120000,365.616269,1238.3619,2231029.11,10.0,15000,0.55,120000,341.705538,1208.068,1383235.47,10.0,35000,0.78,120000
954,-0.0146951011875384,-0.0079207202975261,-0.0059012254031297,-0.0056030174529125,-0.0401594546711908,-0.0053486652381136,-0.0264517008015653,-0.0054070178429124,-0.0137340604720778,-0.0062124540695046,340.39187,1195.89471,1347400.27,10.0,35000,0.78,25000,390.20899,1358.73503,3420491.4,15.0,0.0,0.0,120000,365.636295,1238.72771,2230556.55,10.0,15000,0.55,120000,341.732285,1208.37835,1382967.32,10.0,35000,0.78,120000
955,-0.0147888184938388,-0.0079381015791909,-0.0059100179507536,-0.0056108652845849,-0.0403068442551172,-0.0053629811269618,-0.0265540315553951,-0.0054170215358785,-0.0138027477370811,-0.0062467982837887,340.413611,1196.2807,1347233.72,10.0,35000,0.78,25000,390.22856,1359.18745,3420046.79,15.0,0.0,0.0,120000,365.653561,1239.14373,2230249.31,10.0,15000,0.55,120000,341.754605,1208.75563,1382798.43,10.0,35000,0.78,120000
956,-0.0148858386797651,-0.0079630792213017,-0.0059229939235107,-0.005636548577277,-0.0404681901194081,-0.0053719205139056,-0.0266535422663059,-0.0054255625938,-0.0138459719640016,-0.0062737133156883,340.440655,1196.66399,1347058.18,10.0,35000,0.78,25000,390.249539,1359.62399,3419429.02,15.0,0.0,0.0,120000,365.672303,1239.53794,2229801.15,10.0,15000,0.55,120000,341.779136,1209.10198,1382540.49,10.0,35000,0.78,120000
957,-0.0149387130013598,-0.0080213193819876,-0.005957071934558,-0.0056574803125358,-0.0406648229530991,-0.0053805340031807,-0.0267608312285385,-0.0054414474218838,-0.0138913587101927,-0.0063144950966285,340.461075,1197.10647,1346849.07,10.0,35000,0.78,25000,390.264945,1360.13323,3418771.31,15.0,0.0,0.0,120000,365.685456,1240.00092,2229332.3,10.0,15000,0.55,120000,341.797427,1209.51498,1382267.77,10.0,35000,0.78,120000
958,-0.0150002563563919,-0.0080432895467795,-0.0059769234154322,-0.0057076958908372,-0.0408365379954881,-0.0054047908700063,-0.0268816152636891,-0.0054475395616791,-0.0139756224496052,-0.006333368575616,340.490787,1197.52899,1346691.37,10.0,35000,0.78,25000,390.284664,1360.60017,3418059.53,15.0,0.0,0.0,120000,365.703362,1240.4152,2228788.55,10.0,15000,0.55,120000,341.821747,1209.87533,1381955.95,10.0,35000,0.78,120000
959,-0.0150573897388238,-0.0080737405231606,-0.0059909681839444,-0.0057163582540941,-0.0409921896687148,-0.0054596818749587,-0.0269915236943932,-0.0054882389944502,-0.0140141660705172,-0.006349844051436,340.509107,1197.89952,1346556.06,10.0,35000,0.78,25000,390.300039,1361.0321,3417672.12,15.0,0.0,0.0,120000,365.716658,1240.81159,2228514.98,10.0,15000,0.55,120000,341.839766,1210.23294,1381803.2,10.0,35000,0.78,120000
960,-0.0151272600494849,-0.0081082963047019,-0.0060117601347621,-0.0057467102230695,-0.0411306080600976,-0.0054685865581952,-0.0270816714643115,-0.0055275946776631,-0.0140596233365727,-0.0063633111169539,340.530559,1198.22832,1346468.31,10.0,35000,0.78,25000,390.315265,1361.39822,3417264.02,15.0,0.0,0.0,120000,365.730242,1241.13953,2228198.54,10.0,15000,0.55,120000,341.857797,1210.52344,1381621.43,10.0,35000,0.78,120000
961,-0.0152288701659559,-0.0081417705278195,-0.0060382797465415,-0.0057894187316171,-0.0412846215662493,-0.0054992271893507,-0.0272001823718342,-0.005540098526511,-0.0141209401267967,-0.0063716321897719,340.559801,1198.62893,1346323.45,10.0,35000,0.78,25000,390.336079,1361.84101,3416639.27,15.0,0.0,0.0,120000,365.749043,1241.5342,2227721.96,10.0,15000,0.55,120000,341.882336,1210.87217,1381344.43,10.0,35000,0.78,120000
962,-0.015291999594172,-0.0081678919365311,-0.0060629677335576,-0.005799966226758,-0.0414316602321821,-0.0055639276883188,-0.0273111970844965,-0.0055528740986631,-0.0141683656517733,-0.0063973832139965,340.578966,1199.00801,1346155.34,10.0,35000,0.78,25000,390.352322,1362.28217,3416168.56,15.0,0.0,0.0,120000,365.763178,1241.93892,2227392.27,10.0,15000,0.55,120000,341.901214,1211.23946,1381157.81,10.0,35000,0.78,120000
963,-0.0153440668207016,-0.00821025160924,-0.0060825364019252,-0.0058132086555715,-0.0415988775161887,-0.0055757706478064,-0.02740212908654,-0.0055897124313207,-0.0142195857129639,-0.0064834407739789,340.59885,1199.4147,1345983.85,10.0,35000,0.78,25000,390.368191,1362.75225,3415637.95,15.0,0.0,0.0,120000,365.776747,1242.36926,2227018.2,10.0,15000,0.55,120000,341.919791,1211.62506,1380943.65,10.0,35000,0.78,120000
964,-0.0154273344539298,-0.0082445784450677,-0.0061081137121043,-0.0058734841556746,-0.0417714617244025,-0.0056116659410558,-0.0275135581600379,-0.0056223346438225,-0.0142600079396518,-0.0065179047344539,340.633542,1199.82078,1345845.7,10.0,35000,0.78,25000,390.39015,1363.18779,3414864.91,15.0,0.0,0.0,120000,365.796724,1242.75055,2226416.82,10.0,15000,0.55,120000,341.946598,1211.94854,1380590.13,10.0,35000,0.78,120000
965,-0.0112205499155963,-0.0060756704020109,-0.0042662421915035,-0.0042978663094683,-0.0320896874434317,-0.0039718147913773,-0.0208970078068006,-0.0040540868645072,-0.0107591070499357,-0.0047076152091417,339.289983,1176.55686,1354373.95,10.0,35000,0.78,25000,389.354097,1336.25067,3445754.83,15.0,0.0,0.0,120000,364.880322,1218.41524,2249234.87,10.0,15000,0.55,120000,340.750465,1190.6348,1393498.24,10.0,35000,0.78,120000
966,-0.0115110625541063,-0.006117058139694,-0.0043003380811109,-0.0043115320150157,-0.0328873026611544,-0.004021243063155,-0.0213824826750884,-0.004078349936078,-0.01096182763828,-0.0047423268337438,339.38273,1178.19717,1353529.62,10.0,35000,0.78,25000,389.439477,1338.28652,3443527.46,15.0,0.0,0.0,120000,364.954482,1220.30252,2247703.47,10.0,15000,0.55,120000,340.845634,1192.2597,1392654.41,10.0,35000,0.78,120000
967,-0.0116428597944904,-0.0061385662737407,-0.0043404336303025,-0.0043274413551573,-0.0332296626669619,-0.0040441577546895,-0.0216266375253166,-0.0040931658175037,-0.0110480538205341,-0.0047534671912459,339.426522,1178.95664,1353155.83,10.0,35000,0.78,25000,389.47859,1339.21969,3442489.4,15.0,0.0,0.0,120000,364.988532,1221.16395,2246977.71,10.0,15000,0.55,120000,340.889382,1193.00189,1392254.41,10.0,35000,0.78,120000
968,-0.0117083763959721,-0.0061674958111321,-0.0043593533702414,-0.0043335505862345,-0.033482514508526,-0.0040751821718697,-0.0218075104171861,-0.004100429999689,-0.0111478724212065,-0.0048127367257265,339.454444,1179.55242,1352848.6,10.0,35000,0.78,25000,389.504253,1339.95194,3441684.05,15.0,0.0,0.0,120000,365.0104,1221.8421,2246425.07,10.0,15000,0.55,120000,340.918051,1193.59268,1391949.31,10.0,35000,0.78,120000
969,-0.0118239743994275,-0.0061876609155007,-0.0043895664240374,-0.0043550145561788,-0.0336530624780396,-0.00408194911742,-0.0219057841726614,-0.0041432278068547,-0.0112178486516253,-0.0048397517406053,339.480108,1179.93228,1352754.13,10.0,35000,0.78,25000,389.526387,1340.40237,3441337.11,15.0,0.0,0.0,120000,365.030072,1222.25348,2246159.63,10.0,15000,0.55,120000,340.942328,1193.95195,1391808.52,10.0,35000,0.78,120000
970,-0.0119198506541644,-0.0062279666944723,-0.0044212280796773,-0.0043867310003891,-0.0338827731788864,-0.004089504673138,-0.0219968792404919,-0.0041571826305709,-0.011310496061907,-0.0048532215388269,339.50549,1180.36876,1352604.22,10.0,35000,0.78,25000,389.546807,1340.91459,3440795.46,15.0,0.0,0.0,120000,365.048096,1222.71788,2245751.49,10.0,15000,0.55,120000,340.964987,1194.3572,1391580.54,10.0,35000,0.78,120000
971,-0.0119758883953633,-0.0062524130410316,-0.0044616326078316,-0.0044327371194724,-0.0340584825435971,-0.004123081324895,-0.0221083198081663,-0.0042064525447001,-0.0113570295767953,-0.0049016413462364,339.534294,1180.75091,1352496.27,10.0,35000,0.78,25000,389.566647,1341.35386,3440197.77,15.0,0.0,0.0,120000,365.06589,1223.10926,2245284.47,10.0,15000,0.55,120000,340.988234,1194.67733,1391318.15,10.0,35000,0.78,120000
972,-0.0120330101192447,-0.0062793468622824,-0.0044922864008439,-0.0044387706496154,-0.0342087833805973,-0.0041461886139747,-0.0222516549866098,-0.0042449724605266,-0.0114432942616267,-0.0049229467859121,339.551251,1181.16608,1352363.26,10.0,35000,0.78,25000,389.582866,1341.85733,3439880.42,15.0,0.0,0.0,120000,365.079847,1223.57471,2245061.02,10.0,15000,0.55,120000,341.006165,1195.095,1391202.83,10.0,35000,0.78,120000
973,-0.012114948862837,-0.0063199948737137,-0.0045312615835073,-0.004481614952545,-0.0343800610455451,-0.0041616518802057,-0.0223766387631977,-0.0042696727977918,-0.011512224659821,-0.0049725183644129,339.57974,1181.58947,1352206.79,10.0,35000,0.78,25000,389.603578,1342.34547,3439205.94,15.0,0.0,0.0,120000,365.098347,1224.01203,2244549.44,10.0,15000,0.55,120000,341.029805,1195.46472,1390911.51,10.0,35000,0.78,120000
974,-0.0121860457434424,-0.0063722043103689,-0.0045848625660202,-0.0045643421520901,-0.0345260575318723,-0.0041687996510044,-0.0224902155895744,-0.004312886966847,-0.0115709940987309,-0.0050319234702892,339.61374,1181.96117,1352123.17,10.0,35000,0.78,25000,389.622844,1342.74178,3438424.06,15.0,0.0,0.0,120000,365.116186,1224.34971,2243911.63,10.0,15000,0.55,120000,341.052869,1195.72749,1390540.75,10.0,35000,0.78,120000
975,-0.0122386822675438,-0.0064072279236336,-0.0046122220305487,-0.0045839586491911,-0.0346704352794969,-0.0042214613160754,-0.0225949187328301,-0.0043184507485621,-0.0116521801365489,-0.0050606724622853,339.63055,1182.31985,1351978.83,10.0,35000,0.78,25000,389.636621,1343.16446,3437972.12,15.0,0.0,0.0,120000,365.128252,1224.7345,2243583.0,10.0,15000,0.55,120000,341.068349,1196.06894,1390356.4,10.0,35000,0.78,120000
976,-0.0123509687132794,-0.0064247854480877,-0.0046265542571179,-0.0046197337736057,-0.0348240305577314,-0.0042259267686713,-0.0227049037209834,-0.0043245574840252,-0.0117003119961664,-0.00506826470313,339.660731,1182.68032,1351825.67,10.0,35000,0.78,25000,389.659843,1343.58094,3437341.99,15.0,0.0,0.0,120000,365.149391,1225.10695,2243111.93,10.0,15000,0.55,120000,341.094626,1196.38196,1390087.12,10.0,35000,0.78,120000
977,-0.0124083047550612,-0.0064493221534276,-0.0046491054518241,-0.0046871200057871,-0.0349666060354541,-0.0042388379345442,-0.0228550633681003,-0.0043468937722665,-0.0117461738387974,-0.0050826238114859,339.695205,1183.06255,1351681.37,10.0,35000,0.78,25000,389.681114,1344.00423,3436491.09,15.0,0.0,0.0,120000,365.169105,1225.4738,2242449.43,10.0,15000,0.55,120000,341.120341,1196.67015,1389703.05,10.0,35000,0.78,120000
978,-0.0124578957800571,-0.0065052751035512,-0.0046771308497235,-0.0047301462327587,-0.0351523848174848,-0.0042482909848738,-0.0230153328861687,-0.0043886117938339,-0.0117906282958052,-0.0050969798869871,339.72239,1183.51474,1351503.38,10.0,35000,0.78,25000,389.699492,1344.52677,3435735.66,15.0,0.0,0.0,120000,365.18547,1225.93997,2241885.12,10.0,15000,0.55,120000,341.141953,1197.0616,1389374.28,10.0,35000,0.78,120000
979,-0.0125465408838852,-0.0065170787954651,-0.0047592634553306,-0.0047716348443522,-0.035315876579069,-0.0042815070080497,-0.0231577511408447,-0.0044085917990281,-0.0118451950312696,-0.0051084344411614,339.752029,1183.94295,1351370.01,10.0,35000,0.78,25000,389.722237,1345.02361,3435171.01,15.0,0.0,0.0,120000,365.206289,1226.3841,2241455.56,10.0,15000,0.55,120000,341.168134,1197.44598,1389136.78,10.0,35000,0.78,120000
980,-0.0126059458581942,-0.0065580734975824,-0.0047840161542635,-0.0047962457432621,-0.0354809046997622,-0.0043197864408773,-0.0232460401551581,-0.0044154805976004,-0.0119171682817661,-0.0051271898468299,339.770117,1184.29784,1351230.0,10.0,35000,0.78,25000,389.73629,1345.4378,3434683.75,15.0,0.0,0.0,120000,365.218765,1226.75646,2241098.77,10.0,15000,0.55,120000,341.183963,1197.77505,1388933.37,10.0,35000,0.78,120000
981,-0.0126928761581562,-0.0065858195111789,-0.0047958378786685,-0.0048678635434044,-0.0356457699517348,-0.0043445455112877,-0.0233529533640633,-0.0044322372264997,-0.0119669466350243,-0.005140925908473,339.806334,1184.65387,1351105.73,10.0,35000,0.78,25000,389.758726,1345.82358,3433851.63,15.0,0.0,0.0,120000,365.239803,1227.08419,2240448.9,10.0,15000,0.55,120000,341.210721,1198.03181,1388552.62,10.0,35000,0.78,120000
982,-0.0127758910101644,-0.0066091866787222,-0.0048123496959274,-0.0048747994865579,-0.0357889272271037,-0.0043528007584656,-0.0235269719697885,-0.0044652403136054,-0.0120150468378244,-0.0051614279091086,339.830585,1185.10021,1350905.88,10.0,35000,0.78,25000,389.780505,1346.36406,3433302.13,15.0,0.0,0.0,120000,365.259036,1227.57719,2240075.68,10.0,15000,0.55,120000,341.235225,1198.4667,1388344.22,10.0,35000,0.78,120000
983,-0.0128409922627948,-0.0066465424723796,-0.0048709960108479,-0.0049033432748548,-0.0359513974699356,-0.0043729648980584,-0.0236260298326282,-0.0044840732174653,-0.0120885330610289,-0.0052132971724691,339.851266,1185.49644,1350769.44,10.0,35000,0.78,25000,389.796694,1346.82535,3432811.68,15.0,0.0,0.0,120000,365.273465,1227.99094,2239714.95,10.0,15000,0.55,120000,341.253655,1198.83408,1388142.69,10.0,35000,0.78,120000
984,-0.0129132919000918,-0.0066681781147146,-0.0049167542846638,-0.0049889238277005,-0.0361546865571697,-0.0043910017215322,-0.0237222187752536,-0.0045097559217312,-0.012135780740126,-0.0052504527360249,339.891515,1185.89344,1350651.26,10.0,35000,0.78,25000,389.820624,1347.25245,3431902.34,15.0,0.0,0.0,120000,365.295977,1228.35096,2238995.85,10.0,15000,0.55,120000,341.283033,1199.11389,1387727.03,10.0,35000,0.78,120000
985,-0.0129787398644106,-0.0066960869894749,-0.0049476733473732,-0.0050535509880503,-0.036313753920157,-0.004399715801146,-0.023816087510046,-0.0045699905568623,-0.0122328989689343,-0.0052562361717007,339.919043,1186.24027,1350647.58,10.0,35000,0.78,25000,389.837397,1347.6274,3431502.76,15.0,0.0,0.0,120000,365.311715,1228.67217,2238643.65,10.0,15000,0.55,120000,341.303366,1199.38517,1387530.63,10.0,35000,0.78,120000
986,-0.0130536173981221,-0.006711779850145,-0.0050071905988966,-0.0050667236554329,-0.0364900222129043,-0.0044232215833434,-0.0239903620277451,-0.0045806809994633,-0.0122809215575837,-0.0052885104855717,339.945676,1186.74214,1350406.65,10.0,35000,0.78,25000,389.860807,1348.23166,3430831.25,15.0,0.0,0.0,120000,365.332419,1229.22186,2238183.4,10.0,15000,0.55,120000,341.330364,1199.87208,1387276.22,10.0,35000,0.78,120000
987,-0.0131261838565288,-0.0067415875049171,-0.0050367936616659,-0.0051219923765547,-0.0366328181339384,-0.0044334801140724,-0.0241263008671992,-0.0045841184295071,-0.0123175321820812,-0.0053129098028447,339.977939,1187.1298,1350223.07,10.0,35000,0.78,25000,389.881921,1348.66526,3429968.23,15.0,0.0,0.0,120000,365.351775,1229.59868,2237535.73,10.0,15000,0.55,120000,341.355801,1200.18015,1386898.75,10.0,35000,0.78,120000
988,-0.0131783033193259,-0.0067582543344691,-0.0050630980901986,-0.0051528198092753,-0.036806905015851,-0.0044366779919283,-0.024243961831083,-0.0046013269869513,-0.0124074613047234,-0.0053495725842374,340.002322,1187.55192,1350069.1,10.0,35000,0.78,25000,389.900532,1349.15748,3429401.15,15.0,0.0,0.0,120000,365.368486,1230.03948,2237120.52,10.0,15000,0.55,120000,341.377897,1200.56404,1386670.29,10.0,35000,0.78,120000
989,-0.0132493032967772,-0.0067939272295966,-0.0051129189715627,-0.0051843248660736,-0.0369459781305301,-0.0044512509186366,-0.0244214511362263,-0.004623097696086,-0.0124702388466993,-0.0053807417251273,340.028665,1188.01868,1349876.71,10.0,35000,0.78,25000,389.920781,1349.70097,3428731.58,15.0,0.0,0.0,120000,365.386502,1230.52703,2236634.82,10.0,15000,0.55,120000,341.401662,1200.98968,1386397.09,10.0,35000,0.78,120000
990,-0.0132980250890889,-0.0068163728073161,-0.0051894340246985,-0.0052244011189659,-0.0370980999497696,-0.0044893886102549,-0.02454150834019,-0.004634132588066,-0.0125482842808188,-0.0054250485772831,340.05198,1188.43012,1349740.98,10.0,35000,0.78,25000,389.937541,1350.17109,3428180.69,15.0,0.0,0.0,120000,365.401669,1230.9461,2236218.02,10.0,15000,0.55,120000,341.421839,1201.35741,1386168.14,10.0,35000,0.78,120000
991,-0.0133579123249777,-0.0068707744883243,-0.0052112087992831,-0.0052652499776011,-0.037243552574772,-0.0045842947838613,-0.0246468755001369,-0.0046530190030264,-0.0125894161171845,-0.0054629470452502,340.07514,1188.78146,1349591.62,10.0,35000,0.78,25000,389.952416,1350.56083,3427517.44,15.0,0.0,0.0,120000,365.414973,1231.29065,2235719.23,10.0,15000,0.55,120000,341.439747,1201.64929,1385875.2,10.0,35000,0.78,120000
992,-0.0134752342613359,-0.0068997860845618,-0.0052439673708068,-0.005288716451299,-0.0374182210473905,-0.0046173953679302,-0.024743571142941,-0.0047221051462739,-0.0126322869230369,-0.0054894150906124,340.101646,1189.16561,1349517.34,10.0,35000,0.78,25000,389.974112,1351.00266,3427192.58,15.0,0.0,0.0,120000,365.434462,1231.69031,2235468.86,10.0,15000,0.55,120000,341.464458,1202.00132,1385740.46,10.0,35000,0.78,120000
993,-0.0135711083808819,-0.0069243127707708,-0.0053055544039819,-0.0053087926076254,-0.0375740969023121,-0.0046202013255454,-0.0248965578778548,-0.0047406285977385,-0.0127010304516131,-0.0055375849124389,340.127965,1189.64426,1349325.53,10.0,35000,0.78,25000,389.99666,1351.5635,3426625.44,15.0,0.0,0.0,120000,365.454514,1232.20186,2235065.45,10.0,15000,0.55,120000,341.490431,1202.45761,1385520.05,10.0,35000,0.78,120000
994,-0.0137028346245649,-0.0069658834704711,-0.0053291230397438,-0.0053154058486812,-0.0377251215451,-0.0046803950460512,-0.0250198240820825,-0.0047741886730369,-0.0127441663809315,-0.0055986502084952,340.153051,1190.07031,1349142.84,10.0,35000,0.78,25000,390.019507,1352.06482,3426127.15,15.0,0.0,0.0,120000,365.47459,1232.66253,2234723.53,10.0,15000,0.55,120000,341.515816,1202.87003,1385328.09,10.0,35000,0.78,120000
995,-0.0138049941360691,-0.007001835952474,-0.0053972418845926,-0.0053212992839366,-0.0378834726322356,-0.004718713702253,-0.025110574506731,-0.0048063797709927,-0.0127822633973911,-0.0056731697343699,340.173163,1190.47088,1348992.5,10.0,35000,0.78,25000,390.038428,1352.53813,3425746.2,15.0,0.0,0.0,120000,365.491116,1233.09824,2234462.99,10.0,15000,0.55,120000,341.536847,1203.26498,1385187.78,10.0,35000,0.78,120000
996,-0.0138783827053322,-0.007039612623164,-0.0054181384232838,-0.005340703715951,-0.0380326168088321,-0.0047362126777948,-0.0252015363289392,-0.0048207549486143,-0.0128805692831912,-0.0056957065493903,340.190104,1190.83893,1348876.17,10.0,35000,0.78,25000,390.05264,1352.96207,3425390.37,15.0,0.0,0.0,120000,365.503643,1233.48372,2234200.65,10.0,15000,0.55,120000,341.553028,1203.61639,1385044.26,10.0,35000,0.78,120000
997,-0.0139258723165414,-0.0071078654734636,-0.0054524552653189,-0.0053541581570333,-0.0381938112313688,-0.0047511832480201,-0.0252992262321488,-0.0048607824356541,-0.0129260142856132,-0.0057432673026318,340.204203,1191.22155,1348728.85,10.0,35000,0.78,25000,390.063844,1353.40629,3424947.63,15.0,0.0,0.0,120000,365.512954,1233.88883,2233885.66,10.0,15000,0.55,120000,341.565924,1203.97943,1384862.82,10.0,35000,0.78,120000
998,-0.0140408895836197,-0.0071505474653761,-0.0055060332648556,-0.0053730912718291,-0.0383421930920399,-0.004803500830153,-0.0254121894429161,-0.0048721775587787,-0.0129814725060767,-0.0057599102986202,340.225958,1191.61917,1348579.02,10.0,35000,0.78,25000,390.082652,1353.86478,3424505.53,15.0,0.0,0.0,120000,365.529618,1234.30628,2233565.89,10.0,15000,0.55,120000,341.586965,1204.35899,1384683.39,10.0,35000,0.78,120000
999,-0.0140904155259312,-0.0071690583981168,-0.0055127382880273,-0.0053928118613975,-0.038493324605903,-0.0048271330174413,-0.0255460821977136,-0.0049247782953639,-0.0130185351273228,-0.0058001321861741,340.250533,1192.01563,1348430.53,10.0,35000,0.78,25000,390.101458,1354.32556,3423973.09,15.0,0.0,0.0,120000,365.546266,1234.7244,2233181.08,10.0,15000,0.55,120000,341.609783,1204.71944,1384468.26,10.0,35000,0.78,120000
